1 | Love | 142 | clcll | 终于走到这一步了
2 | NJUExpress | 84 | lalahu | 圣诞，元旦，春节，你更喜欢哪个？
3 | D_Astronomy | 79 | happyapple | 结婚大喜！
4 | Abroad | 55 | unorderly | 中国真的留不住你们吗？
5 | NJUExpress | 52 | hanson | 爱上一个不该爱的人
6 | Love | 46 | yetz | 曾进沧海难为水，对吗？
7 | S_Business | 36 | aces | 逸夫管理科学楼全貌:)商院就在12-20楼:)
8 | D_EE | 33 | pepsiy | 我到了
9 | NJUExpress | 22 | seemoon | 东大，真牛，^_^
10 | D_Information | 18 | ASE | 恩，最后一天的2001
