1 | D_EarthScience | 122 | fredjordan | 教师节快乐！！！
2 | Girls | 116 | gunroses | 贱人的下场
3 | Pictures | 111 | cwsummer | 上海地铁发生的丧尽天良的一幕
4 | Abroad | 98 | leebrennan | 新东方编造的最大谎言，打算起诉新东方（zz）
5 | Girls | 95 | hughlee | 月经，女孩的痛苦■(男孩必看)■
6 | S_Chemistry | 60 | MyReturn | 小百合化院版版务组祝全体老师节日快乐！
7 | DII | 44 | 1019 | 教师节快乐
8 | S_Chemistry | 43 | cooltiger | 毕业光盘揭秘！
9 | NetResources | 36 | sCry | 以后校内ftp的电影可从我这里分流
10 | NJUExpress | 29 | wolf333 | 千万别和农村男孩谈恋爱(转自网易）
