1 | NJUExpress | 184 | 0000000000mm | 孩子，到底是怎么一回事？
2 | NJUExpress | 111 | qlzhou | 今天去医院预交了肾移植费用，再次感谢大家！
3 | S_Environment | 94 | yangzhuyou | 千呼万唤始出来，环院迎新晚会pp大赏（不断更新中）
4 | Girls | 73 | TofT | 告诉我：该不该挖墙角？
5 | M_GraduateUnion | 56 | NJUSports | 【研究生文化节之体育比赛】足球全明星赛
6 | M_GraduateUnion | 48 | NJUSports | 【研究生文化节之体育比赛】篮球全明星赛
7 | Girls | 47 | tttb | 今年圣诞又是一个人过~~~
8 | Movies | 39 | gosome | 恶搞黄金甲--满城尽报心都慌
9 | WorldFootball | 32 | Denmark | 英国的小报太强了，兰帕德也出事了
10 | Pictures | 21 | xiaoshu9979 | 中华海军最大军舰下水！！！
