1 | Girls | 115 | zijin80 | 我该怎么办，装糊涂还是摊牌？
2 | WorldFootball | 92 | Afreet | 巴西告诉里皮什么叫真正的防反
3 | Girls | 92 | jnac | 测测你受欢迎的指数嘿嘿
4 | Pictures | 89 | songcpu | 生日快乐，我爱你！
5 | WorldFootball | 77 | Linn | 阿拉贡内斯，你把ESP克隆致死。
6 | TV | 49 | zhujiez | [转载]
7 | Basketball | 41 | 2hangyu110 | 来篮球版,不发帖,不回帖,不骂人的,才是真正的球迷..
8 | History | 33 | groundhog | 毛泽东时代的穷与邓小平时代的富
9 | Pictures | 33 | mm123 | 宝马自行车
10 | History | 30 | groundhog | 河南百姓“帮助”日军一举消灭了20万国军
