1 | Girls | 203 | yade | 结婚后才发现我深爱的老婆荒唐的过去
2 | Girls | 190 | toutouwen | GG喜欢mm胖一些还是瘦一点呢
3 | Basketball | 115 | mgmonk | 火箭继续心跳的会议，面对老狼涉险过关81：75胜森林
4 | M_League | 84 | endoftheroad | 感动在南大――研究生支教访谈会有感
5 | D_Physics | 76 | wwjs | 南京大学物理学系学生应邀赴复旦大学物理学系交流
6 | D_Atmosphere | 61 | xiangzi | 研究生篮球赛:大气健儿力克化院
7 | M_GraduateUnion | 47 | YHSJ | “职场人生路”系列讲座之外语培训专场
8 | WorldFootball | 38 | 112980392 | 为求哈格曼联不惜血本
9 | S_LifeScience | 36 | biogra | 【院研会】生科院2007年元旦迎新晚会节目征集
10 | D_Atmosphere | 34 | colossus | 三年的出线心愿终于实现了！
