1 | NJUExpress | 140 | wangshi | 不得不怒赞最近的保安，尤其是今天下午的那个小伙子
2 | Pictures | 95 | superjyq | 看了这样的图，你是什么感觉?
3 | Girls | 87 | PhantomThief | 她真的很像田宁,宁愿选择马志强,也不愿意选择张自力
4 | Pictures | 81 | tensa1983 | 球场上的“搞笑”场景－－不搞笑你拍死我（转自天涯
5 | AlbumShow | 71 | chrisshen | 美女的高原"婚礼"^^
6 | S_Chemistry | 67 | harly | 如诗美丽――记化院06届本科生毕业光盘制作
7 | WorldFootball | 51 | Parklily | Halftime，讨论一下为啥Arg不产帅哥
8 | Girls | 35 | tangyujie | 小男生真可爱！
9 | WorldFootball | 32 | superjyq | 世界杯你最讨厌哪个广告？
10 | Basketball | 30 | jasonleesage | 为小牛默哀,2006年的达拉斯阴谋.
