1 | Pictures | 227 | xgwan | 民工啊！你为什么要这样做？zt
2 | JobAndWork | 224 | hlmaple | 因为我是南大人，所以被歧视？！
3 | History | 147 | fangmei | 其实我觉得汉语也应该坚决取缔
4 | FOOD | 94 | kukucai | zz鸡翅吃到这份上死也值了
5 | Pictures | 80 | wkl | 组图：芙蓉姐姐热舞露乳翘臀走光
6 | TableTennis | 55 | NJUSports | 这一刻的美丽为你而绽放！
7 | Computer_ABC | 50 | pxy1982 | 精睿尽出
8 | BNGames | 48 | nick4961 | [转载]
9 | Basketball | 37 | zgypwp | 姚麦不和！
10 | S_LifeScience | 29 | biogra | 【院研会】户外拓展活动pp放松――第二波！
