1 | Pictures | 162 | leeljw | 一组发人深省的照片!看完之后~请沉思10秒(图多)
2 | FOOD | 116 | libe | 赞一下汉口路鱼馆的老板！
3 | D_EE | 115 | plioild | [转载]
4 | Basketball | 97 | yxf760321 | 巨人暴扣宣告姚明时代到来
5 | WorldFootball | 96 | pigthree | 梅西骨折告别2006
6 | Girls | 85 | njuhch | 感谢中午赠虾ppmm
7 | Pictures | 70 | AegeanHeart | 同事的笔记本（暴强！转载）
8 | M_League | 65 | ndqgx | 【青共校】第三十四期青共校第二次考试通知
9 | D_History | 63 | cruelduke | 【国学讲堂拉开帷幕，三位老先生畅谈国学人生】
10 | M_GraduateUnion | 62 | harrylin | 南京大学首届研究生学术文化节开幕式精彩回放
