1 | Seasons | 100 | lear901 | 看过越狱,玩过实况的人进
2 | Pictures | 100 | hunanchaos | 女子公交上手机被盗大骂脏话
3 | Basketball | 96 | musicmelody | 小个封盖姚明送终极尴尬
4 | NJUExpress | 82 | ccsky | 西八舍528宿舍的同学求求你们了
5 | D_Chinese | 79 | jiangbei | 你信不信：《哥本哈根》中国舞台版发源于南大？
6 | M_GraduateUnion | 76 | YHBSB | 南京大学“博士沙龙”系列活动之博士浦园行
7 | M_GraduateUnion | 67 | YHGF | “爱心家园”系列活动之----与留学生第一次亲密接触
8 | D_History | 67 | cruelduke | 【国学讲堂回放：高华教授讲现代教育制度的发展】
9 | M_League | 65 | yhkj | 【“挑战杯”答同学问及部分获奖团队介绍】
10 | S_LifeScience | 49 | LSSU | 送人玫瑰，手有余香--纸花制作现场pp新鲜出炉
