1 | NJUExpress | 84 | appler | 南大学生好样的：）
2 | MSTClub | 77 | acmilanqq | “微软与你同行”-2006微软亚洲研究院秋季校园访问
3 | Girls | 76 | 2hangyu110 | 今天糗大了,开口叫老板叫成老婆了...........
4 | Girls | 66 | laishi | 请大家帮我出点意见，。。。。~~~
5 | Pictures | 64 | sakuraghost | 漂亮女孩，人人都爱
6 | WarAndPeace | 64 | manacao | 替宿舍帅哥征mm（附靓照）
7 | D_EE | 53 | rdsjq66 | 祝王赏生日快乐！
8 | DII | 45 | daimianares | 我要我的麦克风第三届浦园歌手大赛开赛啦！
9 | S_Environment | 44 | xiaoyu04 | 南京大学环境协会2006年湿地使者行动成果展
10 | M_GraduateUnion | 31 | YHSJ | 外来工子弟学校爱心支教活动火热征集志愿者！
