1 | Piano | 81 | LyreLand | 南京大学林泉钢琴社招新
2 | JobAndWork | 68 | loudong | 外企招人的性格测试
3 | NJUExpress | 66 | ak47ak74 | 我是这样说服我的女友放弃黄金甲转看夜宴的!
4 | S_Law | 58 | fxg2003 | 我院参加驻宁高校“法律人在行动”启动仪式
5 | Pictures | 52 | FireFox | 寝室MM的PP结婚照
6 | FOOD | 50 | IvyRose | 明天去新杂志咖啡厅坐一天
7 | Girls | 49 | oldfish | 年龄差别太大，是问题吗？
8 | Pictures | 44 | jass | 美女城管关爱猴子
9 | PopMusic | 44 | Elaine | 失恋时必听的十首歌曲
10 | S_Chemistry | 36 | Malacca | [★纪实★]
