1 | Pictures | 105 | ELRais | 贫如乞丐：震撼实拍中国一个高级工程师的家！
2 | Pictures | 60 | jackking | 有意思的智商测试
3 | Basketball | 55 | Banny | 忽然想起一个伟大的问题！
4 | NJUExpress | 54 | uvrrvu | 严介和
5 | D_Atmosphere | 47 | babypig | 祝wqcat生日快乐！
6 | WorldFootball | 40 | fanwindforce | 舍甫琴科的进球好像是个好球
7 | NJUExpress | 37 | myidarcher | 出离愤怒了
8 | BNGames | 37 | kuns | [WEG]翻盘！wNv艰难拿下Catch-Gamer[HOT!!]
9 | WarAndPeace | 35 | hhuanzhu | 转贴《养在深闺人未识~电子系最后的单身帅哥》
10 | Basketball | 31 | SkipToMyLou | 真不明白太阳和nash有什么强的
