1 | Pictures | 108 | ncjl | 杨过和小龙女！
2 | Pictures | 99 | gameover127 | 活着就活着！
3 | Girls | 88 | caniggia1 | 那一年我十九岁。。。
4 | D_EE | 81 | ee05yh | 电子系元旦迎新晚会开幕在即
5 | S_Law | 55 | NJUJM | ＜法学院＞２００７法学院研究生新年晚会
6 | History | 54 | duckhjb | 沉重打击中国领先地位的七次事件z
7 | Girls | 48 | taro | 有没人觉得这个圣诞节有点邪门？！
8 | History | 44 | Leader | 纪念毛泽东诞辰113周年
9 | S_LifeScience | 41 | angelbear | 科学社会主义笔记，待其他同学补充~
10 | Basketball | 32 | xxx876 | 火箭现状与12年前巧合
