1 | History | 90 | gookbaby | 发现理科生和文科生互相很蔑视
2 | Girls | 78 | Tino | 她这次分手的态度很坚决
3 | D_Computer | 74 | Bandia | 再发帖纪念屡次笔试不过
4 | M_GraduateUnion | 74 | YHGF | 欢迎参加“健康生活
5 | Movies | 73 | zhouhuiii | 满校尽是大波妹
6 | D_Physics | 65 | lunaiyan | 【图】物理人，在运动场上创造辉煌！！
7 | FOOD | 48 | lovegg999 | JJWW
8 | S_Environment | 46 | 04together | 热烈祝贺04级庞爽同学获女子跳远亚军，并破校纪录！
9 | NJUMUN | 41 | NJUMUN | 【MUN】携手英语角，南大MUN北京之行
10 | S_Business | 41 | raistlin | 商院不出，谁与争锋！
