1 | Girls | 100 | cherrysoso | 谢谢你们，永远的姐妹！
2 | S_Business | 89 | SmithForum | 斯密论坛70期
3 | S_ForeignLang | 89 | erinyes | 外语学院迎新晚会靓照盛装登场!
4 | History | 81 | wzh176 | 考古惊现秦桧遗嘱：忠良宁负奸佞名zz
5 | Pictures | 76 | jiebudiao | 80年代的经典橡皮擦来了，都用过吧？？？
6 | NJUExpress | 74 | coolsniper | 哭~~~谁拿错了被子？？？（一舍北面草地）
7 | NJUExpress | 71 | gwyfztm | ！！公务员发展同盟――公务员模拟面试！！
8 | S_Chemistry | 66 | promisescome | 迎新晚会精彩抢先报
9 | D_History | 49 | cruelduke | 【新学衡博士论坛回放：张鸣教授讲废科举的痒与羞】
10 | Basketball | 36 | Titan | 火箭球迷的三大愿望
