1 | NJUExpress | 71 | regenerate | 月薪3万的一道面试题------看看你的IQ
2 | PetsEden | 34 | HazelCao | 我家有宝觅新主
3 | Zjl_Online | 30 | fure | 笔记本请教
4 | WorldFootball | 27 | Rosemary | 劳模出价肥罗
5 | WorldFootball | 26 | ui | 安布罗西亚纳(即:国际米兰)与法西斯
6 | Pictures | 26 | sjzzw | 又放MM啦[郑稀雅]
7 | AlbumShow | 25 | xiaodudu | 呵呵
8 | S_LifeScience | 24 | Brewer | 大家快来看这是谁啊??
9 | Girls | 21 | wd0909 | 想知道女孩是不是真正爱你的吗？一看便知
10 | Pictures | 19 | bsylmbobo | 人民币的四种表情；――D
