1 | NJUExpress | 115 | mflier | 高一学生杀情敌后剖腹自杀（南京大学不幸被提到）
2 | SanGuo | 106 | lhfeng | 又来一个可以玩的……
3 | NJUExpress | 69 | sunnyfish | 中秋回家见父母，诚征代女友一名
4 | Girls | 46 | blabla | 女人，你到底是怎么想的
5 | Pictures | 38 | gongsunce | 唐笑篇--唐笑的BLOG中搞笑摘录,很搞笑的!
6 | Pictures | 35 | gleam951 | [转载]
7 | Girls | 30 | zoule | 我决定娶个“小姐”做老婆！（原创）
8 | WorldFootball | 26 | yxf760321 | 阿根廷首发阵容
9 | Basketball | 22 | abc123456789 | 突然感觉Ｋobe很牛！
10 | WorldFootball | 13 | qufei23 | zz卡佩罗炮轰皇马锋线：罗纳尔多无药可救
