1 | WorldFootball | 117 | sunfu | 几内亚民族英雄被中国球员踢坏眼球!!
2 | NJUExpress | 100 | luochaorob | 比外面吃还贵，算什么学生食堂？！
3 | Girls | 86 | iamwandering | 同学同时娶了两个mm←←←←←
4 | Pictures | 77 | nettlee | 超可爱睡姿，你是哪一种？(转载)
5 | AlbumShow | 70 | GodXP | 南大金牌主持，南大博客的老徐2wings
6 | Girls | 55 | Durex | 喜欢上了卖手机的MM，我该怎么办啊???
7 | D_EarthScience | 40 | 435678942 | 海峡两岸北京古生物夏令营--精彩的七天
8 | WorldFootball | 38 | czcn | 曼联主帅弗格森点评董方卓：他已是红魔七星之一
9 | Pictures | 31 | hsboy | “加油！好男儿”全国十强（图）
10 | Movies | 21 | Liz830529 | 发现两个隐蔽的笑料
