1 | Girls | 208 | danny82 | 问男生：你介意做上门女婿么？
2 | FOOD | 115 | Dived | [转载]
3 | Basketball | 109 | yxf760321 | 姚明32分止住连败颓势
4 | Girls | 104 | 332244 | 盛赞华城一勇敢mm
5 | D_Computer | 86 | eyounx | 计算机系迎新晚会
6 | Pictures | 83 | lanben | 作个调查！大家帮忙选一下
7 | Pictures | 63 | jiajiah | 李光耀：中国年轻人错估国力
8 | Basketball | 61 | yomin | 麦迪训练再次闪腰
9 | History | 47 | shendiaoxia | 毛主席哪儿最伟大？
10 | S_Environment | 39 | zwjoebear | 21日周四晚18点半
