1 | NJU_Youth | 100 | happyfruit | “挑战杯”王者归来：南大青年报10月23日刊新鲜出炉
2 | Pictures | 72 | jack2004 | 芙蓉姐姐改行了
3 | Movies | 65 | lopiiosa | 坚决不再看韩国电影！！
4 | FOOD | 62 | lucie | ・我为食神狂・系列一：藕饼
5 | D_UrbanRes | 61 | aishi | 06硕秋游pp（综述篇）
6 | Pictures | 59 | lili134 | [转载]什么人听什么音乐!
7 | WarAndPeace | 53 | emmacat | 帮友征mm（有照片）
8 | M_GraduateUnion | 52 | yhkj | 英语角第一期活动图片回顾
9 | D_UrbanRes | 48 | celebrity18 | 06硕秋游图片（大自然班为主）集锦，要顶哦！
10 | WorldFootball | 32 | c520027 | 梅西太强了！
