1 | WorldFootball | 30 | noucamp83119 | 下赛季的意甲冠军
2 | Girls | 14 | sqfstar | 忘记一个人的8个方法`（zz)
3 | WorldFootball | 13 | publius | Milan会不会在耍阴谋
4 | Pictures | 12 | qiqibaby | 现在北京的天空上有一道彩虹！！
5 | Pictures | 10 | sjzzw | 持续出击[网络美女gameapple]
6 | Basketball | 9 | lkmguozili | 李宁公司与奥尼尔签约
7 | Girls | 8 | sjzzw | 我最佩服的女人，你们呢？
8 | D_Atmosphere | 7 | winding | 沈城归来图片报告：民工甲和美女乙的故事(图)
9 | ID | 7 | sevra | 2w
10 | NJUExpress | 6 | dangle | 1945年8月15日
