1 | Pictures | 105 | guoxj | 祝贺厉娜夺得长沙赛区冠军
2 | WorldFootball | 56 | charlene56 | 世界杯真正的死亡之组
3 | D_Information | 47 | zyjhaha | ★☆03信管，浦口三年☆★
4 | D_Information | 35 | DODON | 02文化衫|根据大家建议修改后的几个版本，选一种吧
5 | D_Computer | 33 | buntry | 5班K歌照片集合――大家顶啊！！！
6 | S_Chemistry | 28 | Jeffjq | 盛况空前的晚会，图片大全。拍得太累了！
7 | WorldFootball | 26 | taitannike | 我认为近10最出色的后腰!!
8 | WarAndPeace | 24 | jingru | 可爱MM征GG
9 | TV | 23 | dan99 | 对不起，我爱你
10 | Pictures | 23 | kittyarun | 刚买的摄像头,show一下自己,手下留情呀:)
