1 | Girls | 99 | dymdong | 在别的网站看到的，无语了
2 | Girls | 68 | kangarooamei | 我TMD就是一粗人
3 | AlbumShow | 54 | quietskies | 我和mm,第一次发，大家留情..
4 | Pictures | 46 | IMCZ67 | 一个无知无耻的女人,鄙视之!!!
5 | History | 41 | paradise897 | 一个汉人的怒吼：怒批《狼图腾》谬论四十条【转贴】
6 | WorldFootball | 33 | yuqiao | 难道曼联真的要没落了！
7 | Pictures | 30 | keaven | 教你如何做总理！！！
8 | WorldFootball | 28 | thebeetles | 每年这个时候都是国米球迷兴奋的时候啊
9 | Photography | 23 | xiaoV | 洛带、锦里和其他（大侠请拍砖）
10 | NJUExpress | 13 | 29538 | 2007伊灵大学综合实力排名，南大第五！
