1 | NJUExpress | 204 | buqiyanderen | 不知道该送他什么作生日礼物
2 | D_Information | 111 | LIKINGDOM | 实验室第一大喜事
3 | NJUExpress | 102 | adsoldier | 我们来创造一个super
4 | Pictures | 95 | 511 | 中国紧急援助印尼震区200万美元夺得头筹
5 | Pictures | 90 | Henriksen | 武藤兰
6 | S_Chemistry | 65 | xiao0633 | “同一颗心・同一个梦”化院06年毕业生文艺演出
7 | Abroad | 65 | numberone | 531号六人行签经并征mm（内附照片）
8 | WorldFootball | 55 | Leader | 世界杯系列活动之--------你心中的射手王.
9 | WarAndPeace | 38 | loneiceman | 抓住最后一周征友！
10 | E_Business | 24 | young0524 | 黄山归来――02电商讲故事篇
