1 | Basketball | 161 | firesnake | 王仕鹏
2 | Basketball | 77 | holybolt | 我靠,太爽了!!!!真正的绝杀!!!
3 | Girls | 59 | anubis | 弱弱地问，一般女生会主动送男生东西吗？
4 | Girls | 33 | dymdong | 女人最容易让男人误解的行为
5 | Pictures | 32 | sjzzw | [转]无奈男人陪老婆逛街众生相[45p]
6 | Pictures | 31 | 19870521 | 明星们的左右脸是否对称
7 | S_Chemistry | 22 | aizheng30939 | 04级本科鼓楼宿舍分配方案！
8 | NJUExpress | 20 | lyxlion | 大家是怎么看宋祖德这个人的？？？
9 | WorldFootball | 14 | 0525070 | zz狂人向欧冠分组开炮！
10 | WorldFootball | 14 | qufei23 | zz枪手声东击西突袭米兰铁卫
