1 | NJUExpress | 120 | 173777328 | 百合？让人心碎的地方
2 | Girls | 77 | maggi84 | [转载]女生写的如何追MM
3 | Pictures | 68 | gotonj03 | 解放军在东海立10块界碑
4 | V_Suggestions | 61 | tangchenghu | 教材中心的书是不是太贵啦！！！
5 | NJUExpress | 59 | miaorenfeng | 从“南大当自强”看sunlustre
6 | Girls | 51 | madbull | 女孩为什么不回我电话呢
7 | ZheJiang | 48 | leonardo1118 | 终于找到：金华（大市）名单！！！
8 | WorldFootball | 46 | nick4961 | 失利后国米面临三大灾难
9 | Pictures | 45 | xgwan | 北京20城管棒击小贩血溅40米
10 | Basketball | 17 | albertzhu | 新浪又瞎说
