1 | Girls | 101 | nilesrebel | 女生要比男生现实!
2 | Network | 77 | Net | [原]南京大学代理超级懒人安装包
3 | Girls | 70 | chequevara | 我十分想认识你！
4 | NJUExpress | 61 | chequevara | 我十分想认识你！
5 | Pictures | 59 | cokeaa | 日本惩罚女犯人的十二大变态酷刑
6 | D_Maths | 56 | qshz79 | 数学06硕情侣园开心大聚会
7 | Pictures | 48 | yangzhuyou | 中科院湖泊所夜宴归来，晒图片上美食！
8 | SCDA | 43 | SCDA | SCDA第二期行业研究报告之二――公务员备考研究篇
9 | WorldFootball | 37 | AlPacino | 切赫确诊头骨骨折将动手术
10 | D_EarthScience | 33 | yll | 我系研究生男篮队员招新啦～～～～～～～
