1 | NJUExpress | 92 | yangyangyang | 校园内的悲惨遭遇--后续一
2 | D_Physics | 90 | miu | ！热烈祝贺02传奇人物与南国佳丽喜结连理！
3 | Girls | 70 | bitifox | 昨天晚上被MM拒！
4 | Pictures | 68 | yuanfangxc11 | 我到这个世界上终于一年啦！！！
5 | D_Information | 59 | zyjhaha | ★☆告别农村
6 | D_EE | 56 | yuzhong | 【EE02】毕业聚餐照――且行且珍惜
7 | D_EE | 54 | nightsh | 【EE02】痛哭的夜晚
8 | Pictures | 52 | happyYoYo | 猪eleven美眉生日happy！
9 | D_Computer | 45 | illcat | 周老师马上要正式退休了，支持送他锦旗的举手
10 | Girls | 28 | iceoldman | 男人不喜欢你，就不会想和你做朋友，喜欢你就不仅仅
