1 | Pictures | 170 | loveu2 | 真心相爱一定要做的21件事
2 | WorldFootball | 112 | pcmouse | [转载]
3 | NJUExpress | 112 | MTMT | zz
4 | WorldFootball | 85 | coolsunshine | ＺＺ韩国球迷高呼和瑞士重赛
5 | NJUExpress | 63 | pcw | 弟弟考了668,该上什么学校?
6 | Pictures | 62 | loudong | 开眼界了，西瓜竟然可以切成这样子！
7 | AlbumShow | 49 | Chillyqiaqia | 再来一张，随便搞搞，吓到了概不负责，娃哈哈哈
8 | PopMusic | 49 | xmd0203 | 花儿为什么又抄袭?!
9 | D_EarthScience | 48 | xiaokiang | 科学人生六十年―热烈庆祝王德滋院士八十寿辰！
10 | History | 47 | henry1 | 古人生活水平不低啊！
