1 | NJUExpress | 170 | kissmyglass | 03级的装什么老？你们吃过的苦我们就必须再吃一次吗
2 | Pictures | 133 | njunonlinear | 女生未扎头发遭拒考跳湖自杀
3 | WorldFootball | 97 | iverson8210 | 今年的世界杯缺乏悲壮色彩
4 | History | 88 | QIYOUPIAOBO | 中国历史上，谁的一生最幸福~~~~~
5 | Pictures | 58 | happynju | 喷血偷拍美女与狗
6 | WorldFootball | 45 | Robinho | 杰拉德怒斥C罗阴招坑害鲁尼:我为他的做法而恶心
7 | D_EarthScience | 31 | gwflow | 千古绝唱：水文班的平顶山向斜核部演绎版
8 | NJUExpress | 30 | kikiki | [分享]男人这辈子挺难的！
9 | Movies | 28 | LxwFrer | 昨天看了搏击俱乐部,有人能告诉我它哪里经典吗?
10 | D_EarthScience | 26 | yeahon | 来看看03级水文专业的实习吧
