1 | NJUExpress | 123 | jiezi02 | 建议南大卖了浦口校区和仙林校区
2 | Girls | 82 | angelenes | 为什么两地分居，提出分手的都是男的？
3 | PopMusic | 61 | beastxxx | 萧亚轩怎么了
4 | Pictures | 48 | xlaaa111 | 南大某系某宿舍完美写真
5 | WorldFootball | 44 | 2037zjt | 贝鲁斯科尼承认舍瓦将离开
6 | Pictures | 36 | lfforever | 传说中的陆MM，应该都见过吧~~
7 | NJUExpress | 30 | linmumuone | 南京大学思源社浙江大学之行
8 | WorldFootball | 30 | lizarazu3 | 拜仁盯上斯坦科维奇
9 | MSTClub | 28 | zaiyuan | 五月微软风暴席卷南大之�D�DWindows
10 | Girls | 22 | zifenghuarz | 现在的男生是不是都这样唐突呀？
