1 | Pictures | 254 | perilous | 让中国人汗颜的一幕（转载）
2 | Pictures | 184 | xgwan | 我哭了
3 | Girls | 112 | 713233 | 该不该分手了。。
4 | NJUExpress | 93 | ldm113 | 感谢学生食堂二楼服务员!:)
5 | SCDA | 85 | SCDA | 【SCDA】10月21日户外拓展照片秀
6 | NJUExpress | 72 | decemberr | 昨天去k歌被赶了出来……
7 | Party_of_Killer | 39 | songzhilin | 第二批牌照片公布，并展开有奖评选最符合形象活动
8 | History | 33 | duckhjb | 高一历史考题
9 | D_Sociology | 29 | jady1987 | My
10 | TableTennis | 29 | NJUSports | 乒乓球比赛赛程安排！
