1 | NJUExpress | 129 | 198582 | 上海市委书记严重违纪被中央免职！
2 | Pictures | 75 | joy7777 | 野蛮教师将学生从四楼扔下致死！天理难容（图）！！
3 | NJUExpress | 75 | hardbubble | 新华网：中共中央决定对陈良yu同志严重违纪问题立案
4 | S_Chemistry | 53 | FMiaoZ | 06化院迎新晚会[pp]
5 | S_LifeScience | 47 | fouhe | [转载]
6 | Comic | 38 | 1001nights | 1001招新启事
7 | Abroad | 35 | SAC | [SAC活动进行时]如何成功挑战世界一流研究生院
8 | M_League | 34 | twggl | 法鼓讲座：资本主义社会中全人教育的困境及其应对
9 | Girls | 25 | realjay | 今日厕所惊见绝世暴强牛人！！！！！！！
10 | Pictures | 25 | Denmark | 世界第一大兔子
