1 | Girls | 222 | wangjipingxl | mm们，我一直很想动手
2 | NJUExpress | 106 | NBEU | 眼红病~~~关于辱骂自立会者~~~
3 | WorldFootball | 66 | fanmessi | 埃托奥痛别5个月
4 | Pictures | 66 | MicScofield | 越狱超帅男主角―Scofield
5 | NJUExpress | 57 | abencat | 自立会：搬家需要多少钱？
6 | Basketball | 52 | tangxiang | 新浪上看到的。。。
7 | WorldFootball | 49 | qufei23 | 欧洲冠军联赛最新夺冠赔率
8 | M_GraduateUnion | 41 | blackpen | 【
9 | Seasons | 35 | soaring | 第4个惊现体坛的
10 | D_UrbanRes | 24 | mcamel | 硕士新生，要尽快认清自己(我和一学生的通信)
