1 | NJUExpress | 42 | Alargong | 是中国人就不要用google了!
2 | Girls | 27 | xiaodi1314 | 和你在一起
3 | Girls | 22 | fourcountry | 女友说她已经没有感情可付出了,怎么办？
4 | Basketball | 11 | Hyoga | z简析陈江华为什么去不了日本
5 | Pictures | 10 | stbabyrabbit | 台风桑美
6 | WorldFootball | 8 | Casillas | 埃弗顿解雇范德梅德
7 | Pictures | 8 | luning | 俺觉得kikiki是个可爱的角色
8 | NJUExpress | 7 | ant001 | 看看江苏新的高考方案――整人的一米
9 | WorldFootball | 7 | petit | 伊布拉希莫维奇其实只要1500万欧元?
10 | Basketball | 5 | Leavitt | 今天偶遇诺维斯基
