1 | D_EarthScience | 184 | gaojun | 发点婚礼照片
2 | NJUExpress | 176 | trap | 相声演员马季逝世
3 | Pictures | 120 | sangju | 不知道你会不会笑
4 | S_Geography | 93 | newhollin | 图文快讯：“地理学院第一届研究生迎新晚会”
5 | S_Geography | 70 | francisliu | 迎新晚会圆满成功--多多图
6 | Pictures | 68 | FujiSyusuke | [十周年庆]2007百合壁纸第二弹-2007上半年月历
7 | M_GraduateUnion | 56 | jixinye | “爱我南大
8 | Basketball | 44 | Frederic | 结果：艾弗森转投丹佛掘金
9 | FOOD | 35 | Loire | 也来秀秀小蛆的作品
10 | LilyFestival | 34 | deliver | [通知]
