1 | Girls | 176 | ilikerain102 | 最近气死我了,
2 | Basketball | 130 | yxf760321 | 318分!疯狂大战太阳破网
3 | S_Geography | 101 | recboat | [转载]
4 | Pictures | 95 | qiyandaisy | 七八十年代的那些时尚文具
5 | D_Atmosphere | 79 | thebluesail | bellbell☆birthday☆进行时
6 | NJUExpress | 70 | rabbit7873 | 南大厨艺之星新鲜出炉
7 | SPA | 69 | njucmz | 周六广场咨询活动（浦口）――广而告之^_^
8 | NJUExpress | 66 | renfei | 今天在浦口阅览室发生的事让我气愤
9 | Pictures | 49 | flyaqi | 学生们不要动，让领导先走！――克拉玛依大火12周年
10 | WorldFootball | 31 | zycly | 舍瓦：我乐意租借回到AC米兰
