1 | Girls | 127 | okgo | 寂寞是什么颜色
2 | Pictures | 88 | bhltt | zz自MOP
3 | D_UrbanRes | 70 | jenny210h | [转载]
4 | NJUExpress | 70 | c520027 | 一个空瓶引发的“血案”
5 | Pictures | 47 | Unger | @_@～～南京大学第三届浦园歌手大赛决赛全程pp
6 | Seasons | 47 | sprite2200 | zz央视版《越狱》07年开拍，男一号
7 | PopMusic | 45 | zhouzhi | 说实话周杰伦最新的专辑好垃圾啊~~~
8 | Movies | 39 | QIYOUPIAOBO | 刘亦菲美在哪？
9 | D_Computer | 39 | lytjh | 研究生羽毛球赛圆满结束（附pp）
10 | SCDA | 33 | PRAD | SCDA“相约500强，共进下午茶”系列沙龙照片出炉！
