1 | Pictures | 162 | ak47ak74 | 观众或许看不到的镜头！
2 | Girls | 159 | 5sbt | 自习艳遇
3 | Pictures | 119 | bigyes | 这个国家叫--------中国！[31P]
4 | Basketball | 74 | jasonleesage | 原创：姚明就是火箭的毒药,今年是"第一中锋"yy的最�
5 | FOOD | 62 | garfieldwu | 紫燕豆腐
6 | Basketball | 61 | yxf760321 | 火箭末节疲软症解析：疲劳是隐患
7 | M_GraduateUnion | 59 | NJUSports | ［研究生体育文化节］足球赛经典回顾！！！
8 | S_LifeScience | 59 | realzq | 04生科参观模式动物中心照片
9 | NJU_Youth | 56 | happyfruit | 记录你曾忽略的世界：南大青年报11月20日刊新鲜出炉
10 | D_Maths | 53 | invisibleman | 11月18日00应用小聚纪实
