1 | Pictures | 189 | estella1986 | 告别浦口
2 | NJUExpress | 155 | piwzw | 父亲节，写给告倒贪官的父亲。
3 | Girls | 109 | ferrary | to：生科的那位善良可爱的liu
4 | S_Chemistry | 80 | apachemz | ＃＃＃真情流露时＃＃＃
5 | D_EE | 67 | guaguakid | 【EE02】畅怀的夜晚――女生版1（多图杀猫）
6 | Basketball | 63 | figohui | 今年总决赛球员的娃娃照,喷血可爱
7 | D_EE | 54 | wuhua | 三年，浦口，梦
8 | WorldFootball | 49 | Rosicky10 | [原创]还有哪支球队比捷克更悲情？？？
9 | S_Medicine | 46 | sonyvaio | ！！～～03级分班散伙饭～～聚会照片～～！！！
10 | WorldFootball | 39 | kikikuku | 终于出了冷门
