1 | Girls | 253 | slamdunk23 | 十二星座的第一名,你有几个第一名
2 | Girls | 149 | augur | 宿舍有一MM
3 | D_Atmosphere | 87 | bombvstnt | 哈哈，进决赛啦！！！（大气点球大战击败物理）
4 | D_EE | 72 | yogo | 我们实验室出牛人啊
5 | Basketball | 65 | blueskyya | 现在的火箭永远也夺不了冠军！
6 | S_Law | 63 | fxg2003 | 律政之星风采大赛12月3日隆重举行
7 | M_GraduateUnion | 62 | NJUculture | 【研究生学术文化节】“群星璀璨”风采大赛火热报名
8 | WorldFootball | 46 | iamsoda2004 | FIFA公布世界先生最终候选
9 | NJUExpress | 45 | lis | [警惕]不要到青岛路上一家“铂金”的店买东西
10 | WorldFootball | 35 | tottistar | 意大利杯-中卫帽子戏法国米晋级
