1 | Pictures | 102 | asianus | 昨日韩国爱国人士示微抗议中国
2 | NJUExpress | 64 | rushi | 看看刘悦，看看2wings,我只能一声叹息
3 | Volunteer | 52 | LEChina | 希望在群山中播撒――“皖南支教团”暑期实践图片报
4 | TV | 48 | loudong | 《武林外传》竟是抄袭美国《六人行》的？
5 | Girls | 42 | yafeng | 这样的男生会有女朋友吗？
6 | Pictures | 38 | sjzzw | 传说中的陆MM[12p]
7 | PopMusic | 37 | pingya123 | Jay的新专辑大量重现了原来的歌曲(原创,轻砸)
8 | WorldFootball | 36 | pigthree | 意甲最新积分榜
9 | D_Information | 35 | moonofday | 03信管鼓楼球赛纪实[29图]
10 | Girls | 28 | AirJHD | 关于今天男生打女生的事情~
