1 | NJUExpress | 88 | snower | 东八舍六楼某宿舍的女骗子
2 | NJUExpress | 79 | wcx520 | 建议picture重选版主
3 | SCDA | 75 | SCDA | 【SCDA】职场点兵，你我同行――500强求职全攻略
4 | M_GraduateUnion | 73 | jinsuyi | 【研究生学术文化节】“群星璀璨”南京大学研究生风
5 | WorldFootball | 70 | tottistar | 卡纳瓦罗荣膺欧洲金球奖
6 | AlbumShow | 66 | liyunfeisky | 我MM,大家轻砸
7 | M_GraduateUnion | 57 | YHGF | 【研究生学术文化节】趣味汽车知识竞赛火热报名
8 | S_Environment | 50 | ceazerfe | 发pp再次庆祝胜利～～
9 | WorldFootball | 39 | jsgylt | 意甲三强下赛季阵容全曝光
10 | Debate | 34 | perilla | 新秀辩论四强明星赛!明天(星期三)晚6:30力行馆!
