1 | Girls | 181 | muhan392 | 男生光天化日打女生！
2 | NJUExpress | 111 | crazydingose | ★视频★《南京零距离》孟非给我校2wings加油的短片
3 | FOOD | 100 | jiajiah | 我做的晚餐
4 | Pictures | 67 | xxdd | [转载]
5 | NJUExpress | 64 | yeahon | 亲吻西伯利亚的蓝眼睛～贝加尔科学考察纪实
6 | WorldFootball | 59 | Laislin | 庆祝法国3-1完胜意大利
7 | D_EarthScience | 58 | gaojun | [转载]
8 | Girls | 57 | sweetbasil | 图书馆的亲身经历。
9 | E_Sports | 40 | zhaolinger | 突然有个怪问题：关于魔兽
10 | Basketball | 20 | qixl | 请不要一碰到就说犯规
