1 | NJUExpress | 154 | jiezi02 | 南大人当自强！
2 | WarAndPeace | 114 | legolas | 代友找不是男朋友的男朋友
3 | Pictures | 113 | Klinsmann | 最近的几张习作――偶的LD
4 | Girls | 109 | bluebubu | 我觉得JMs的建议都很现实，高个男生的确是首选
5 | Pictures | 77 | xiangsubing | 最稀饭哪个宝宝？
6 | D_UrbanRes | 71 | skymoon | 迎新照片之漏网之鱼
7 | Girls | 69 | njubaby | 为什么男生总是住好宿舍
8 | WorldFootball | 51 | schen | 黄健翔说意甲世界第一
9 | History | 41 | Lahm | 毛泽东都不如朱元璋
10 | D_Chinese | 39 | SydneyCarton | zz北京日报:中国为何没有易卜生
