1 | Pictures | 251 | zyj200000 | 我和老公从小到大的照片，记录了我们的成长，见证着
2 | Movies | 163 | patrickhuang | 每个中国人都应该知道的恐怖片.(转)
3 | NJUExpress | 145 | zhangpeng22 | 关于表妹的血小板
4 | WarAndPeace | 122 | StarryZ | mm征友，要求男，诚，有pp
5 | D_EE | 79 | Veronique | [EE01]韩文佳mm生日快乐！！
6 | NJUExpress | 50 | yangzhen | 艾滋知识与调研技巧讲座及暑期实践招募
7 | Girls | 41 | ericshawX | 如果你的女朋友要杀了你，你会怎么样？
8 | Pictures | 40 | freesun | 与时俱进：南理工毕业时的床单标语ZZ
9 | WorldFootball | 26 | pigthree | 阿根廷将在八强赛落败的五大原因
10 | WorldFootball | 25 | dwx | 曾经战神
