1 | Pictures | 45 | nixluwei03 | 把脸紧贴在屏幕上按Print
2 | NJUExpress | 36 | rocketnk | 动人一幕！第一次在电视上看到温总理泪流满面
3 | Girls | 34 | zhaofuqun | 今天下班后.和好漂亮的女孩吃晚饭
4 | WorldFootball | 31 | metrocar | 随便列几个人，都比卡里克好用且便宜
5 | WorldFootball | 29 | badboyphil | 你难道不是伪球迷？
6 | Pictures | 25 | adzhou | 实验室MM的十字绣作品
7 | Basketball | 24 | boq | zz美媒体称火箭湖人密谋四人交易
8 | Girls | 22 | badboyphil | 男人的品位在于选择妻子
9 | NJUExpress | 13 | groundhog | [推荐]一个中国美女下嫁日本的悲惨经历一个中国美女
10 | S_Law | 13 | roder | 逸夫楼803教室事件！！！
