1 | Pictures | 123 | xjzuo | 中国六大名面---你吃过吗?
2 | S_LifeScience | 99 | xinqixin | 骄阳似火中,共牵红丝带
3 | D_Computer | 73 | IEEE | 纪念孔令国离开我们一周年
4 | Pictures | 49 | yxyzy008 | [转]看吴宗宪如何损韩日人长相
5 | Girls | 47 | hg1035 | 暗恋很久的女生和我绝交了！
6 | Girls | 34 | howells | [转载]
7 | WorldFootball | 32 | hunterxh | 痛定思痛曼联欲塑技术中场
8 | History | 28 | xinyidj | 毫无疑问
9 | WorldFootball | 20 | iKAKA | 曼奇尼去留分裂国米更衣室
10 | Abroad | 18 | Tetee | 迟来的申请经验，希望对大家有所帮助
