1 | Girls | 162 | Qubit | 女朋友发来的几条短信,大家帮我看看她是不是变心了?
2 | AlbumShow | 138 | dumi | 第一次贴照片,大家留情
3 | NetResources | 110 | yutian85 | 严重警告某些居心不良的人！！！
4 | Pictures | 109 | andylee03113 | 儿时的电子游戏,大家还记得吗?
5 | Pictures | 96 | dumi | 自拍,左边咪咪小，右边咪咪大
6 | KaraOK | 77 | songzhilin | 新道具
7 | Girls | 52 | suns9 | 晚上去吃大叔水饺的一个女孩，给我洗衣服！
8 | SCDA | 48 | PKSCDA | SCDA在南理工与其职业发展协会合作推广TOEIC
9 | JobAndWork | 46 | yijie | 南大MBA成功创业者与南大学子的交流盛宴
10 | S_LifeScience | 33 | biogra | 照片出炉：2006新老生交流会
