1 | NJUExpress | 208 | allforyou | 南大学生的九大尴尬！
2 | Pictures | 150 | frances0605 | 借人气：去帮衬她吧，二舍门口卖茶蛋的老奶奶！
3 | Basketball | 109 | 2hangyu110 | 姚SIR主场大发神威,翠喜发春锦上添花,大比分调戏勇�
4 | Basketball | 94 | yxf760321 | 姚麦58分海耶斯篮板新高
5 | Volunteer | 92 | volunteer | 倡议书：回收废旧电池，让世界更加洁净！
6 | D_Politics | 92 | aguang | 【综述】祝贺政治系20周年系庆庆典取得圆满成功
7 | M_GraduateUnion | 67 | NJUculture | 【学术文化节】风采大赛歌唱之星海选晋级名单
8 | WuShu | 64 | jevons | 南京大学首届高校联谊中华武术文化节开幕啦！
9 | Volunteer | 61 | volunteer | 青协团组织生活――静海寺之行
10 | Girls | 45 | gladys | 刚才师兄向我表白了，我该怎么办。。。
