1 | PopMusic | 81 | kunzi | 刘亦菲也开始露了。。。
2 | NJUExpress | 68 | baihe2006 | 南京大学的某些男生可真差劲！！！！！
3 | Girls | 56 | useihei | 嫁人要嫁没钱的，痛感
4 | Basketball | 56 | 19191949 | 美国队真的不行了吗？
5 | Pictures | 55 | xiyan | 做男人不容易啊～同志们
6 | Girls | 52 | SuDenPaSion | 关于“今天参加了前男友的婚礼”的一些说明zz
7 | NJUExpress | 38 | jiezi02 | 北大党委书记闵维方：我为什么要公布名单？
8 | Pictures | 31 | loudong | 十分钟前在机场拍的刘德华，老了真是难看！！
9 | WorldFootball | 24 | panben | 聊的别的吧，我认为的欧洲豪门特色
10 | WorldFootball | 23 | ballack326 | 有人这样分析国米的伊布
