1 | NJUExpress | 140 | shantyy | [转载]
2 | WorldFootball | 117 | hndsm2 | 齐达内是被高估的球星
3 | Girls | 77 | kikiki | 对不起，亲爱的，我无法微笑着祝福你。。。。。
4 | Girls | 75 | njujing | 昨晚我问我mm，如果我双腿断了，你还会爱我么？
5 | WorldFootball | 55 | tianxielang2 | 怎么巴西输了没看到人哭啊
6 | Pictures | 47 | littleno | 时尚背后的杀戮
7 | Pictures | 34 | SongSongAiNi | 太经典！
8 | D_EarthScience | 21 | gwflow | 区测实习剪影――室内整理篇
9 | Joke | 15 | fujuntiancai | 南大赶超耶鲁跻身世界一流名校之必杀技
10 | History | 15 | baboon007 | 中国历代状元之最
