1 | Girls | 138 | coolsniper | 十二星座最佳男朋友排行榜
2 | Pictures | 111 | tomato0701 | 可爱的他到帅气的他――释小龙成长全纪录
3 | Pictures | 105 | soarer | [转载]蒋总统倒是跟夫人形影不离……（影像史实）
4 | Girls | 76 | yaji | 今天在图书馆被一个MM用块巧克力砸了。。。
5 | M_GraduateUnion | 65 | NJUculture | 【学术文化节】风采大赛歌唱之星海选火热开唱
6 | S_LifeScience | 58 | biogra | 篮球4强首位诞生，生科56：38战胜大气！
7 | Basketball | 45 | 19845020 | 97：106不敌奇才，小牛连胜终止
8 | WorldFootball | 39 | Afreet | 如果今晚巴萨挂了
9 | M_GraduateUnion | 37 | YHGF | 【研究生学术文化节】科技人才服务企业图片回顾
10 | FOOD | 35 | lyz | 叹一下金润发
