1 | D_UrbanRes | 85 | leofortune | 当妻子离开时，院士一样悲伤(转贴）
2 | NJUExpress | 84 | wangqf | 陶二的“砸坑”丑剧何时休？
3 | Pictures | 54 | IMCZ67 | 韩国人真不要脸,连汉服都说是他们的!
4 | WorldFootball | 49 | andreolli | 论普约尔与卡纳瓦罗谁更强？
5 | PCGames | 47 | deerhunter | wow玩死人了...
6 | Basketball | 44 | qfwqh0396 | 麦蒂挥别腰伤宣布九月结婚
7 | Girls | 34 | hannibile | 当一个女孩骂你"禽兽",这一般意味着什么?
8 | Pictures | 33 | brightzeus | 惊叹：海边发现的人鱼，不知是真是假～～
9 | Girls | 28 | poorboy2006 | 南大图书馆出现恶心女孩！！
10 | WorldFootball | 19 | DongFangzhuo | 沉痛悼念银时mm
