1 | Pictures | 205 | yushengyy | 从陈凯歌破坏碧沽天池来看品位人士的素质zz
2 | Piano | 155 | concertofish | ★5月19日周五鼓楼钢琴音乐会★
3 | S_LifeScience | 151 | bigbear80 | 北大帅哥拜倒在俺们实验室mm裙下（pp图）
4 | WorldFootball | 87 | Laislin | （原创）写在巴萨夺冠之后……
5 | Pictures | 79 | mescary | 女大学生全裸出镜值得感动吗？
6 | S_Business | 67 | SmithForum | 斯密论坛第64期
7 | NJUExpress | 63 | 990821 | 贺，南京大学地学院天地人协会成立
8 | S_Chemistry | 52 | chemgrad2006 | 02本科毕业纪念衫方案
9 | SPA | 40 | jackiling | 电影风暴7~~~
10 | WorldFootball | 30 | EbbAndFlow | 亨利，你失职了！
