1 | Pictures | 114 | ET1988 | 南大mm第三波:传说中的南大张娜拉，绝对真实
2 | Girls | 108 | 345k | gg脚踏两只船
3 | NJUExpress | 98 | wangbadan | 南大防盗门真棒~~~大家顶!!!
4 | Girls | 84 | tafeng | 庆生帖：为LP庆在一年一月零一天
5 | JobAndWork | 78 | piececlouds | 我还能走多远...
6 | S_Chemistry | 62 | domothy | 怒赞师兄～～
7 | FuJian | 58 | tafeng | 庆生帖：为LP庆在一年一月零一天
8 | NJUExpress | 51 | xushengxun | 11舍又出问题了
9 | D_UrbanRes | 49 | sjzzw | 院里有没有球类比赛的？
10 | S_Law | 40 | 6711621 | 06法学VS法硕篮球队员选拔赛(附图)
