1 | Girls | 155 | ting214 | 你们的男朋友都这样吗?
2 | V_Suggestions | 86 | yearsss | 公
3 | Pictures | 76 | sjb2044 | 芙蓉姐姐突破性感极限!火辣比基尼登场
4 | Pictures | 71 | aller | ★★★惊现南大第一美女博士★★★
5 | S_LifeScience | 68 | perilous | 恭喜辰宇院长！
6 | WorldFootball | 63 | EsteeLauder | 爆强！世界杯各国家队战术分析！！！图解版
7 | TV | 57 | tolost | 恭喜阿佘获得香港最受欢迎女演员奖
8 | WorldFootball | 50 | Donghua | 这几个恶心的队，最好小组就被淘汰！
9 | NJUExpress | 40 | GoogleCamp | 【Google
10 | Girls | 32 | geai | 2006.06.06,我和GG结婚了
