1 | NJUExpress | 278 | wdl | 为马上要做手术的父亲祝福
2 | Girls | 112 | machismo | ［转载］所有处女都给我看看（特别推荐给大学预备生
3 | AlbumShow | 84 | phoenix2006 | Show下我舍友：强中自有强中手！（轻拍）
4 | Pictures | 80 | kikiki | 动画伴我们成长
5 | NJUExpress | 74 | jiezi02 | 普林斯顿大学菲莱德公布2006中国大学100强排名zz
6 | AlbumShow | 70 | adzhou | 顶住压力
7 | Pictures | 57 | xxdo | 关于日本时尚什么的这篇文章
8 | Basketball | 54 | Hyoga | z在一片怀疑声中前行――姚明的火箭王朝已现雏形
9 | FOOD | 44 | littlemouse | 我最喜欢吃的知了猴和山山牛，你敢吃么^_^
10 | WorldFootball | 26 | petit | 法布雷加斯一幕历史重演
