1 | WarAndPeace | 123 | zhaolinger | 调查：你对网络征友的态度（百年好合第2号调查）
2 | Pictures | 86 | pingya123 | 2006超女长沙唱区20强选手――流行中性？
3 | Girls | 75 | qianyunyun | 如何使自己走出失恋的阴影？
4 | Pictures | 65 | NanNanWu | 我谋杀全过程，心情沉重【zz
5 | Comic | 61 | PaladinJack | [一千零一夜]4分钟MTV
6 | Girls | 43 | siguo5271 | 大家觉得谈恋爱的人烦不烦？
7 | NJUExpress | 27 | canadaman | 2006中国大学评价，南大跌�缜拔澹。。�
8 | Badminton | 25 | maweizhuo | 张宁力克张海丽
9 | D_EE | 23 | frostbjm | 邹老师喜宴部分照片，热烈祝贺！
10 | TV | 18 | loudong | 佟湘玉
