1 | Pictures | 128 | erbium | 今天南大重现数十年前之盛况~！
2 | NJUExpress | 124 | waqh | 强烈建议：学生会主席必须通过全体学生投票产生
3 | Girls | 121 | aiqimgniao | 前女友照片被删，气得吃不下饭了！
4 | WorldFootball | 68 | baozhilin | 劳尔是回光返照还是重生???
5 | Pictures | 61 | rakey | 两个帅哥哪比较帅~~~
6 | NJUExpress | 61 | wolflion | 骂归骂，请不要涉及对人身和院系的攻击！！
7 | SCDA | 59 | PGClub | 【28日晚18:30科技馆】宝洁市场部与您相约南大！
8 | DongBei | 43 | ninagao | 黑龙江同乡聚聚：）
9 | FOOD | 32 | ifdef | 哈根达斯,必胜客的真正面目
10 | Girls | 24 | DongFangzhuo | 致远在北方的阿狗
