1 | TV | 86 | lixs1985 | 原创：一个美丽的童话――83版射雕影评
2 | Comic | 65 | CatTom1985 | 感动中：一位MM为《一千零一夜》作的插画
3 | Basketball | 54 | xiaozhua | NBA的芭蕾裤（多图）
4 | WarAndPeace | 45 | lonelyfish | 替帅哥征友[附3张照片]
5 | LifeLeague | 41 | wazyzyzy | HOT---老山活动计划--至尊版
6 | Pictures | 39 | bluesky01 | 小调查：这样的男人你要不要
7 | Pictures | 29 | vraiment | 小日本偷穿中国警察制服的样子
8 | Basketball | 25 | Hyoga | 转
9 | WorldFootball | 25 | ximenshuqin | 诺坎普球场全景直击（多图）
10 | Girls | 23 | ober | 苹果计划酝酿中......嘿嘿
