1 | NJUExpress | 116 | xxw | [转载]
2 | Girls | 114 | fishland | 曝光GG发的道歉道歉短信
3 | Girls | 86 | coldapple | 那个说微波炉可以加钱的“大仙”赔我卡！
4 | Pictures | 84 | 29lou | 小学同学，多年不见竟然出落得如此漂亮！！
5 | D_Computer | 84 | xylily | [转载]
6 | M_GraduateUnion | 69 | NDYHSTB | “古典诗词曲艺大赛”决赛正式拉开帷幕！
7 | NJUExpress | 55 | gyenowoo | 感叹饭卡里的200多元钱
8 | Pictures | 50 | fuyanger | [转载〕一个大学教授让人发冷汗的讲演
9 | M_GraduateUnion | 43 | YHGF | 南京大学学生暑期兼职招聘会(5月28日),敬请关注!
10 | D_History | 40 | cruelduke | 【五二零历史学论坛暨师生联谊篮球赛回放】
