1 | Girls | 153 | sosoboy | 很郁闷，难道现代女子都这样子么？
2 | NJUExpress | 71 | coley | [转载]
3 | Girls | 53 | ccmmyuan | 刚到鼓楼，女生的变化好大啊
4 | S_Chemistry | 45 | shidatou | 周一下午上试验绪论的03级xdjm帮帮忙
5 | Pictures | 42 | streamline | 20元的卫星电视接收器太令我惊讶了(组图)zt
6 | D_EarthScience | 40 | zeng1559 | 合肥中科大njuzq实录
7 | Joke | 35 | mucanzi | 目残子本人关于爱国主义原创影片神位见参的声明
8 | Pictures | 34 | shienmon | 匡亚明老校长主编的《中国思想家评传丛书》200部全�
9 | WorldFootball | 28 | qufei23 | 伊布被国家队开除
10 | Basketball | 26 | zhanmo | 我看陈江华（绝对原创）
