1 | D_Physics | 275 | CarreraGTR | 看看我们后勤的效率～
2 | NJUExpress | 169 | miaogg | 小天鹅洗衣房的复印太无耻了！！！
3 | Girls | 124 | gladys | 各位jm，你们的gg也都是这样子的吗
4 | Girls | 117 | Tino | 对她放了狠话，是不是就不是好男人了？
5 | Basketball | 117 | mgmonk | 火箭惊心动魄战胜奇才，姚明首功！
6 | NJUExpress | 104 | stonetony | 仙林国际化校区的7个学院
7 | S_LifeScience | 95 | 183631 | 生科院的都来看！！！
8 | Basketball | 86 | yxf760321 | 姚明25分14板麦蒂准三双
9 | D_Physics | 44 | krizalid | 赞paladiso同学
10 | WorldFootball | 32 | yxf760321 | 致歉！
