1 | WorldFootball | 322 | kikikuku | 捍卫黄健翔
2 | WorldFootball | 181 | sagnolwilly | 我想问一下骂hjx骂意大利的人
3 | NJUExpress | 111 | echostar | 真的怕了，差点哭出来
4 | D_EE | 84 | zhyang | 【ＥＥ０１】祝张凯雯MM生日快乐
5 | Pictures | 66 | superjyq | 震撼！另人望而生畏的中国军人
6 | D_Politics | 62 | backone | 我们的毕业纪念组图
7 | Pictures | 56 | nnju007 | 哈哈哈，老妻配少夫：48岁许纯美与23岁男友定婚
8 | AlbumShow | 49 | njuwj | 偶漂漂的师姐
9 | WarAndPeace | 31 | mll | 漫天花雨都是我的爱
10 | Girls | 20 | kind | 我和她的姐弟恋还会有结果吗???
