1 | Pictures | 132 | PPA | 12月12日南京的大量日系车被涂鸦，你怎么看
2 | S_Business | 131 | baibao | 庆祝百宝网正式发布�D�D百宝成长日记
3 | Pictures | 128 | cidy612 | “你没戴胸罩……”(寒冷冬天，转给大家娱乐一下)
4 | Girls | 119 | PLGA | 小东西怀孕了，不知谁干的？
5 | NJUExpress | 104 | SophiaShy | 阳台上晒被子有错吗？！
6 | Girls | 81 | fengzhishang | 早饭时遇到的MM,又让我想起了她
7 | D_EE | 73 | meiyijun | 我们虽败犹荣――送给伟大的电子研篮球队！！！
8 | WorldFootball | 72 | eell | 黄健翔签了，凤凰卫视
9 | Volunteer | 69 | volunteer | 青协携手雏鹰网，共盼你的爱心捐物
10 | M_GraduateUnion | 69 | yhkj | ★
