1 | NJUExpress | 300 | lixs1985 | 伸出你的双手，拯救我们的朋友――郭海龙同学
2 | Pictures | 214 | ifromyx | 我们来自南大
3 | Girls | 124 | silver9217 | 真想拆散他们
4 | D_Computer | 100 | lixs1985 | 伸出你的双手，拯救我们的朋友――郭海龙同学
5 | WorldFootball | 83 | tiantianbu | yxf760321,真心的谢谢你！
6 | PopMusic | 64 | softdrink | 戴佩妮。。江美琪。。许慧欣。。喜欢其中哪个呢？
7 | WorldFootball | 60 | TopGun1985 | 切赫神奇地出院了
8 | LinuxUnix | 60 | fallwater | 南京大学
9 | NJUExpress | 60 | qween | 千万别上当当网
10 | Pictures | 43 | 851211 | 广告七钻光棍节正面宣言之一
