1 | Pictures | 213 | diamond220 | 瑾此献给1975-1989年出生的人
2 | NJUExpress | 130 | ywergs | 也说leeth!
3 | Basketball | 106 | canyu | 姚明24分3盖帽全场最高
4 | Basketball | 103 | akui | 讨厌麦蒂
5 | Pictures | 99 | daojianwuqin | 中国散打第一高手柳海龙打遍天下的征战图片
6 | NJUExpress | 97 | wildmouse | 强烈BS早餐期间在一食堂偷粥的人！！！
7 | Girls | 69 | yeye1001 | 突然很想谴责一个人
8 | S_LifeScience | 53 | gelu0 | 杀死的,不只是两条生命!
9 | WorldFootball | 50 | guojian | 曼联王朝在向我们走进
10 | KaraOK | 33 | glue | 这一年，与OK版一起成长
