1 | V_Suggestions | 106 | Mumu | 蒋校长离任讲话
2 | Movies | 102 | wskII | 《达-芬奇密码》紧急撤片
3 | Girls | 88 | infiniteww | 永远不要为任何人轻易改变自己
4 | WorldFootball | 61 | liqiang | 南大有世界杯宝贝进了决赛，来支持她吧~~哈哈
5 | V_Suggestions | 60 | Mumu | 陈校长在任命大会上的讲话
6 | S_Journalism | 49 | PYLQ | 【新闻】且行且珍惜，明天更美好――06毕业晚会现场
7 | WarAndPeace | 47 | guigui29 | *真心的找男友*
8 | Pictures | 43 | Jeans236 | 双胞胎小美女5.31最新PP
9 | S_Chemistry | 42 | ahy81 | 今天03硕表演同仁聚餐pp
10 | S_LifeScience | 36 | xiangsubing | ｛01生科｝庆3W和原子米国归来图
