1 | Pictures | 155 | bigyes | 不奢望您能感动，只要您有感触（多图）
2 | Girls | 116 | masculinity | 《倚天屠龙记》一句关于女人的话
3 | Girls | 101 | haszz | 爱我，就别叫我放手！
4 | Pictures | 92 | ita | 复旦大学女研究生跳楼！！！哎
5 | NJUExpress | 46 | njubaby | “科学与人文讲坛”―博弈生存
6 | Basketball | 40 | lf108946747 | NBA上周最佳球员出炉：姚明强势当选
7 | PopMusic | 35 | Willurpimd | 为什么我只喜欢听女人的歌呢?
8 | D_UrbanRes | 32 | zhfff | 资源环境教研室PK第一场――篮球（海量版照片隆重登
9 | Basketball | 30 | kjg | 经hoopchina球迷提醒,发现火箭一个有意思的地方!
10 | FOOD | 25 | IRONCURTAIN | 韩国烧烤
