1 | WarAndPeace | 129 | xuelan | 诚心帮可爱又PP的室友征GG
2 | Pictures | 96 | huamanlou | 转载：
3 | WorldFootball | 85 | Arsenalking | 来说说看大家喜欢的第一个球星是谁？？？
4 | S_ForeignLang | 55 | 840506 | *02级英语国商强化毕业聚餐照片*
5 | Pictures | 52 | IntellyChan | 物理系同学宣告，用扫帚飞行是可行的！！！
6 | D_Information | 52 | rodan | 篮球赛图片新鲜出炉！
7 | NJUExpress | 51 | xgwan | zt李鹏之女李小琳:"这辈子他唯一的目标就是为国家作
8 | WorldFootball | 41 | sh2o | 挖个坑~~~百合欧洲俱乐部扇子榜
9 | Girls | 36 | whiterock | 对一部分女生喜欢高个男生现象之分析
10 | XiBei | 29 | wowobo | 版聚印象by
