1 | NJUExpress | 127 | yangyangyang | 校园内的悲惨遭遇
2 | FOOD | 96 | finedrizzle | 粽子上竟然有这么大的虫子～～
3 | Basketball | 89 | vatanawillie | 大家打球的有没有同感
4 | WorldFootball | 88 | warrencool | 很无奈的承认,属于罗纳尔多的时代已经结束!
5 | Girls | 83 | ilyalways | 因为成绩不好被拒！！！！！
6 | NJUExpress | 72 | raining | 对话你的未来――南京大学公务员俱乐部成立献礼照片
7 | BodilyForm | 64 | dieoff | 美女是不是都喜欢稍胖点的男生啊？
8 | AlbumShow | 50 | shujin | ◎毕业前宿舍哥们的校园合影，SS哦！
9 | WorldFootball | 36 | tuoleisi | 至黄健翔老师：您的解说实在是心不在焉......
10 | D_Computer | 26 | winterleave | 过了这么久才说谢谢大家---致一小班的可爱的同学们
