1 | Pictures | 64 | Februaryhare | 【原】用excel画的美女图
2 | NJUExpress | 51 | sunnyjj | 如果到了秦朝，你的专业能干什么？
3 | History | 29 | taicheng | [转载]
4 | SuperGirls | 28 | madderxixi | 【号召】请为刘悦投上复活的15票
5 | WorldFootball | 28 | Rosemary | 英格兰大门永远向小贝关闭
6 | Girls | 28 | muyun | 好郁闷的桃花运
7 | WorldFootball | 17 | metrocar | 国米？说两句心里话，别砸我Re:
8 | NJUExpress | 15 | fighting | 中国大报编辑水平只停留于此：西方媒体炒作济宁杀狗
9 | Network | 15 | mflier | 这两天有人能上gmail吗？
10 | Emprise | 15 | Ohlala | zz23句话，猜金庸的23个女子，高手进来看看
