1 | NJUExpress | 169 | onePI | 强烈鄙视下午在外文阅览室打架的男女
2 | NJUExpress | 133 | xiaolei2008 | [转载]
3 | Pictures | 97 | iamstrong1 | 两岁的幼儿园小朋友秋游图,狂可爱!
4 | SanGuo | 80 | gongsunce | 试问如果赵云不把墙推倒堵住井口，刘备老婆也许不会
5 | S_Journalism | 76 | snailpapa | 勇气、良知、无畏――与当代中国一起前行的记者们
6 | D_EarthScience | 69 | gqq | 素质拓展训练营开始招募营员啦！
7 | S_LifeScience | 67 | cipher8 | 183631和lp，02生科的进来顶
8 | Pictures | 57 | perfectbaddy | 日本靖国神社内部照片
9 | Girls | 48 | 2hangyu110 | NOKIA8888即将在今年冬天上市,想买个给MM..........
10 | WorldFootball | 42 | pigthree | 神勇佐夫一对四
