1 | NJUExpress | 403 | Eric203 | 警报响了，默哀！
2 | Pictures | 81 | ita | 来自日本东瀛的樱花……好美
3 | S_LifeScience | 73 | biogra | 两科之争生科更胜一筹，贺篮球队66：60战胜地科，闯
4 | NJUExpress | 71 | applelove | 昨天亲自抓到偷拿我水壶的人了！
5 | WorldFootball | 69 | Denmark | 王大雷被开除出国奥队
6 | Basketball | 62 | lamixe | 明天对凯尔特人的比赛是AI的告别赛！
7 | JobAndWork | 49 | sealeaf | TO:
8 | D_EarthScience | 49 | yetan | 【英雄写真】――送给伟大的地科研篮球队！！！
9 | Girls | 46 | kalaok | MS南大很多女生都喜欢挖鼻孔！
10 | Pictures | 39 | scelus | [转]小日本出的对联中国人居然对不上！！！！
