1 | NJUExpress | 93 | HeiJi | 今天才知道原来以前的大叔水饺隐藏在这个地方
2 | TV | 92 | violin1012 | 快来看看
3 | Pictures | 57 | Hoffman1914 | 25岁的蒋介石
4 | Comic | 51 | kamumi | 4.22舞台剧《一千零一夜》亲友团正式召集啦！
5 | NJUExpress | 50 | LEChina | 2006年LE国际志愿者项目南京大学志愿者招募启动啦！
6 | Pictures | 46 | hiking | 毕业了，你会哭么？
7 | Basketball | 42 | deliver | [通知]
8 | Volunteer | 40 | comeonfulin | 金陵爱心暖高原
9 | D_Maths | 40 | duronwyz | 小魏出品,张张精品:4/18聚会
10 | S_Business | 37 | iama | 商论第二期讲座－掠影(请置顶)
