1 | Pictures | 123 | gynju | Kawaii小野兔（雨中捡到）
2 | Pictures | 89 | xiaobing | 刘德华在日本演唱《中国人》
3 | NJUExpress | 81 | shadow2004 | 不要侮辱英语
4 | NJUExpress | 77 | silvergod | 千万不要用舌头舔邮票(真人真事)
5 | AlbumShow | 53 | lulu03 | 突然觉得我只是一个人`````
6 | WorldFootball | 38 | Hyoga | 止不住的惋惜~
7 | WorldFootball | 37 | silvergod | 来看看外国人是怎样评价黄健翔的！（转）
8 | Movies | 29 | yitianjianxi | 平心而论,韩剧不如日剧有文化
9 | D_Maths | 21 | kobemath | 中科大
10 | WarAndPeace | 21 | lixiaoyao | 一生一世・百年好合
