1 | WorldFootball | 137 | Parklily | zz
2 | WorldFootball | 36 | 41730 | 我对小小罗有些反感
3 | D_EE | 31 | kikiki | 喜欢你
4 | Pictures | 30 | Landau | 世界杯中的神秘事件
5 | Pictures | 28 | Fenixfan | 这种感人只剩下了哭!(强烈推荐!!!)（转载）
6 | Basketball | 26 | xiao002h | 关于斯威夫特（个人看法）
7 | WarAndPeace | 20 | rainy | 良家美女征GG~~~
8 | History | 18 | xgwan | 恐怖年代的离奇枪毙zt
9 | Network | 16 | xiaxia1758 | 教育网直连微软完成
10 | D_EarthScience | 14 | gwflow | 水文班二战长腰山奏捷班师
