1 | Girls | 340 | cici1999 | 考研挂了,工作没有,爱情丢了
2 | Pictures | 187 | threeear | 感动中国人物丛飞昨晚深圳病逝(图)
3 | NJUExpress | 90 | PaladinJack | 玉树临风的南大校车保安
4 | S_LifeScience | 80 | 0183604 | 实验室PP师姐婚纱照
5 | Pictures | 79 | fdfamily | 全中国人要看的一副扑克牌，令人深思（转载）
6 | Girls | 79 | arrowin | 嫁人别嫁中国男人.
7 | TV | 76 | mescary | ZT金庸笔下被糟蹋的八大角色
8 | WarAndPeace | 64 | wwzgg | 众友代宿舍mm征gg
9 | MSTClub | 48 | song1986 | Show
10 | S_Environment | 38 | yangzhuyou | “保护虎凤蝶”公益音乐会期待您的参与！
