1 | Girls | 225 | lemon910 | 单身的男女进来速配吧。。。
2 | DongBei | 62 | ninagao | 发聚会照片咯！
3 | NJUExpress | 51 | rapid | 发现QQ惊人秘密
4 | Girls | 44 | HPL | 恋爱三个月
5 | Pictures | 40 | wellfine | 这家餐厅竟然用日本国旗当地毯~大家可要顶啊
6 | WorldFootball | 37 | Hyoga | 踢球被铲伤，终于遭报应了～
7 | Seasons | 34 | Arsenalking | 越狱美女排行榜（个人观点）
8 | WorldFootball | 30 | iKAKA | 里昂遭遇幸福的烦恼
9 | Pictures | 27 | raystone | zz朱�F基总理的儿子，朱云来！
10 | PopMusic | 26 | lucie | 《香水有毒》很好听！
