1 | D_UrbanRes | 89 | alder | 陈镜明老师获加拿大皇家科学学院院士称号
2 | D_Maths | 76 | snail8311 | 大家给自己取个新名字哈
3 | WorldFootball | 72 | daliangge | 不喜欢大罗的球迷能不能给个理由先
4 | AlbumShow | 66 | NeverEnd | 中戏2003级
5 | Pictures | 46 | lws | 超猛mm与蜡像合影全集
6 | D_EarthScience | 45 | holybolt | 小清答辩之激情解说版
7 | WorldFootball | 40 | njuluvi | 阿德和大罗之争大概属于新老球迷之争
8 | D_Computer | 31 | Awingsky | A303维护完毕，预计今天中午后开放
9 | Pictures | 27 | Eric203 | 打劫之真人版
10 | JobAndWork | 25 | shenzhoufive | zz上海应届生的薪资水平~大伙参考一下
