1 | Girls | 36 | CottonField | 好想一直这样偷偷地看你
2 | NJUExpress | 32 | outofbreath | 庆祝百合恢复
3 | Pictures | 26 | amuoman | 看看你的审美观是不是和我一样
4 | Movies | 24 | panjunnanda | 太极旗飘扬－－你让我如何不为你震撼！！
5 | NJUExpress | 23 | aoshik | 《江泽民文选》来了
6 | NanTong | 18 | houhoucat | 好想回家喝鸡汤
7 | AD_Art | 14 | cc721314 | 广告版做个小广告
8 | Movies | 14 | kidandman | 点评最近看的电影,欢迎指正
9 | Flash | 13 | Woniu | 祝贺百合恢复(FROM
10 | Pictures | 11 | loudong | 美图赏析!!!
