1 | JobAndWork | 232 | Notepad | 免费下载：走向名企
2 | NJUExpress | 69 | guoguo1029 | 8月30日为虫所苦，终夜未眠（附现场图片，有心理承�
3 | Movies | 47 | hunterxh | zz《夜宴》遭遇尴尬
4 | WorldFootball | 46 | xkliu | [转载]
5 | Pictures | 38 | white888 | 灭虫记
6 | Girls | 36 | tinwai | 有个想法，jm们帮忙看看可行不？
7 | NJUExpress | 29 | youngashao | 丘成桐再炮轰北大：北大很多经费都是骗来的
8 | Pictures | 22 | bombvstnt | 孩子丢给爸爸带的结果~~~
9 | WorldFootball | 13 | pigthree | 特维斯&马斯切拉诺转会西汉姆联
10 | PopMusic | 13 | bombvstnt | 想尝鲜的就进来吧~~~(强烈支持买正版！)
