1 | Pictures | 154 | shangsphere | 我的日本之行:告诉你一个真实日本(时尚篇)zz
2 | Girls | 85 | jianjian560 | 给你五千万,请你离开你的男(女)朋友,你会吗?
3 | Girls | 83 | chengyi | 这样的男朋友
4 | WarAndPeace | 81 | nous | 妈的,我怒了!神啊,请再赐我一支烟!
5 | Pictures | 76 | lovelvcha | 芙蓉姐姐新组照现贤妻良母气质
6 | WorldFootball | 54 | SmallFantasy | √柚子♂
7 | Badminton | 40 | cxgnju | 关于羽毛球的一切
8 | NJUExpress | 34 | Afrawang | 急寻饭卡号为24573的好心MM，请各位XDJM们帮帮忙吧�
9 | Joke | 29 | nous | 百合惊现超级大水牛!!!
10 | Basketball | 26 | yuyue008 | 男篮南京摆宴众星捧场
