1 | S_Chemistry | 152 | RaferAlston | 热烈祝贺花园足球队3：0大胜数学！！
2 | Pictures | 141 | cxtiger | 吃饭惊现小强
3 | Girls | 134 | abs300 | 测测你是哪个童话女孩吧！
4 | S_Chemistry | 99 | sunlightboy | 足球决赛火热图片速递--热烈祝贺化院夺冠
5 | Pictures | 86 | phynju | 南京大屠杀30万遇难同胞69周年祭
6 | NJUExpress | 66 | shnjuwen | 1212学校澡堂事件
7 | M_GraduateUnion | 63 | NJUSports | 【研究生文化节之体育比赛】足球联赛之决赛播报
8 | M_GraduateUnion | 54 | YHGF | 【研究生学术文化节】研究生走进中学图片展
9 | S_LifeScience | 40 | biogra | 生命探索论坛第一期：特邀芝加哥大学终身教授讲座
10 | Basketball | 39 | zblhero | zz基德再拿3双超越张伯伦
