1 | Girls | 96 | physicist | 竟然因为吃人肉被mm甩了！
2 | Girls | 60 | BloodyMary | 女生们进来看看！！！很重要！！！
3 | AlbumShow | 46 | kikiki | 写真照片发发全~~~
4 | Pictures | 31 | wxp321 | 也请各位xdjm帮我外甥女取个名字？
5 | Pictures | 31 | elfiyang | 李亚鹏承认女儿唇裂
6 | Basketball | 29 | Vampire1203 | 据说今晚大郅会被逼迫强行复出!!!!
7 | NJUExpress | 24 | wd0909 | 把googLe赶出中国！
8 | WorldFootball | 21 | ralphmao | 杰拉德女人很bh啊
9 | WorldFootball | 14 | Rosemary | MILAN
10 | NJUExpress | 11 | yangyiqin | 在（台湾）国立中央大学网站的校长简介
