1 | Girls | 146 | chanchanchan | 女朋友脸长的太大了,带出去走总觉得丢人,怎么办啊?
2 | Pictures | 114 | njuluvi | 挚爱典藏――赵雅芝
3 | D_Physics | 90 | ahlei | “重走长征路，会师雨花台”
4 | D_Physics | 86 | OTL | 重走长征路，会师雨花台
5 | D_UrbanRes | 80 | sai1806 | 地理与海洋科学学院第一届运动会图片集[海量版]
6 | S_LifeScience | 62 | LSSU | 篮球友谊赛精彩PP哦，不容错过。。。
7 | SCDA | 56 | PGClub | 南京大学SCDA・宝洁菁英俱乐部会员/理事招募
8 | S_Chemistry | 56 | apachemz | ＃＃＃06硕
9 | Pictures | 54 | redsubmarine | 当代大学生与以前大学生比有以下优点：
10 | NJUExpress | 50 | qapg | 有没哪位同学在鼓楼校医院捡到钱包?
