1 | Girls | 128 | xiaoga | 家长不同意我大学谈恋爱怎么办？
2 | NJUExpress | 84 | nixluwei03 | 又一重大发现，绝对属实！！【实用】
3 | NJUExpress | 65 | kiliyi | 南大教室112有疯子（嫌疑），学子无法向媒体求助
4 | Pictures | 62 | leveno | 朋友失恋两周年纪念，帮发他mm照
5 | WorldFootball | 57 | Arsenalking | 晕，这么大的事情都没人转~~，我来转~~~
6 | Pictures | 51 | snowcpu | 一张神奇的图片(增强你的视觉效应)
7 | Basketball | 37 | nixluwei03 | 美媒体球队实力预测
8 | Basketball | 31 | qfwqh0396 | 美专家称中国将威胁梦之队
9 | Movies | 27 | yoshar | 最近老有人说《石头》抄袭，言下很不屑
10 | WorldFootball | 21 | GabHeinze | zz弗格森评点曼联最佳入球
