1 | NJUExpress | 130 | lingyu05 | 刚才在东八门口令人气愤的一幕
2 | NJUExpress | 96 | waildman | 汉口路惊现学生与保安殴打
3 | Basketball | 90 | canyu | 姚明砍两双麦迪全面爆发
4 | Basketball | 87 | yxf760321 | 姚明两双麦蒂险砍三双
5 | Pictures | 77 | SKtwo | 好玩的打针众生相
6 | Pictures | 72 | pingjing | 周总理十张可爱照片
7 | S_Environment | 52 | cherrydodo | 热烈祝贺张全兴教授获得何梁何利科学与技术创新奖！
8 | D_Philosophy | 48 | NJUKWJT | 【“科学与人文讲坛”】博弈生存讲座精彩回放！
9 | S_Environment | 40 | bluepopo | [转载]
10 | Girls | 40 | luna0303 | 不看韩剧一年整（原创）
