1 | Girls | 165 | cansea | gg们会背mm吗？
2 | Girls | 105 | BananaGhost | [转载]我很贱,三十岁,我背着老公爱另一个男人
3 | Pictures | 83 | li1999guo | 网友强烈共鸣:温总理16幅便装照片催人泪下(组图)
4 | NJUExpress | 68 | b031111008 | 云南迪庆交通事故6死4伤
5 | Basketball | 56 | sector | 又帅又可爱的卡塞尔（有图）
6 | Basketball | 48 | BigMango | 你说的好，也就一个犯规而已！
7 | TV | 45 | siguo5271 | 神雕侠侣最完美结局之乱点鸳鸯谱
8 | Pictures | 37 | Queen2Jack | 第一次给老公做的爱心午餐
9 | WorldFootball | 31 | lizarazu3 | 曼乔一言引出惊闻
10 | WorldFootball | 26 | lizarazu3 | 鲁尼受伤英格兰被看扁
