1 | Girls | 140 | QIYOUPIAOBO | GG是不是有恋童癖啊…………
2 | Girls | 87 | fmdou | 凭什么？拿女人不当人啊？
3 | NJUExpress | 77 | yuleshu2008 | 千万不要和城市女孩谈恋爱！
4 | WorldFootball | 64 | copyman | 朱骏不屑王大雷千万身价
5 | S_Chemistry | 62 | apachemz | ＃＃＃报道迎新活动&称赞化院指南＃＃＃
6 | Movies | 48 | RainCottage | 《X战警3》里的大bug！！！
7 | Volunteer | 40 | deludeluboz | 南京大学青年志愿者协会理事招新[鼓楼校区]
8 | FOOD | 36 | jackpot | 挖一个大叔水饺的坑~
9 | Emprise | 28 | can29 | 金庸，武功为什么会越来越差呢？
10 | NJUExpress | 22 | bacchus | 南大还有这样的男学生??!!!!
