1 | History | 107 | lovelvcha | 朝鲜于9日上午11时成功地进行了核试验
2 | NJUExpress | 104 | superzl | 世界5大不能被科学解释的谜团（由不得你不信）
3 | WorldFootball | 69 | Denmark | 马特拉齐：《我究竟对齐达内说了什么》将出版
4 | JobAndWork | 65 | PGCampus | P&G
5 | M_GraduateUnion | 58 | YHSJ | 外来工子弟学校2006－2007年爱心支教活动期待您的加
6 | D_UrbanRes | 57 | milanboyni | 恭祝lcjnj大寿，大寿，大大寿！
7 | Pictures | 55 | dreamkatcher | 超音速战机突破音速的刹那
8 | Pictures | 35 | coralline | 冰场上的帅哥美女们～帅哥篇（多图慎入）
9 | D_UrbanRes | 33 | sai1806 | 地理与海洋科学学院第一届运动会开幕在即！！
10 | WorldFootball | 30 | qufei23 | 冠军杯32强平均年龄排行
