1 | NJUExpress | 131 | dogpie | 论北大楼的倒掉
2 | Pictures | 127 | AegeanHeart | 我老婆的S型身材
3 | PopMusic | 112 | hsboy | 赵薇获得MTV亚洲大奖――中国大陆最受欢迎歌手~~
4 | AlbumShow | 100 | Giovani | 今天中饭相当不爽
5 | Basketball | 61 | neverstar | (原创)湖人,我们会重头再来
6 | NJUExpress | 48 | asdfrank | 南大，我拿什么拯救你？
7 | Pictures | 44 | phynju | [转载]
8 | Badminton | 40 | SGY | 中国队
9 | Basketball | 35 | SGY | 恭喜Nash当选本赛季常规赛MVP(周日正式加冕)
10 | PopMusic | 25 | kooroo | bs一下自己，居然又开始看超女了。。
