1 | Pictures | 235 | pc633 | ・组图：人大毕业生“芙蓉哥哥”重出江湖
2 | NJUExpress | 158 | xiaoxiong | 警惕！广州路非度服饰店女老板是小偷！
3 | Girls | 113 | feng1599 | 我的初恋(公开我的初恋情书)原创
4 | NJUExpress | 97 | iamstrong1 | 强烈愤怒：投诉食堂工号2030的服务员
5 | Pictures | 96 | ET1988 | 南大的美女噢,这次是真的:)
6 | Seasons | 90 | Davidleon | 关于下集T-bag的遭遇（非T-bag迷勿看）
7 | M_GraduateUnion | 81 | harrylin | 南京大学首届研究生学术文化节盛大开幕
8 | S_Chemistry | 55 | aromatics | 仙林新校区筹建有机化学实验室征求化院本科生的意见
9 | Basketball | 50 | huangmeng | 一个韩国人写的"河升镇和姚明的比较"(真可笑)[转]
10 | S_Business | 43 | ripple | 商学院研究生会“笑对职场”系列讲座第六期
