1 | TV | 93 | liuchuan | 舒畅演建宁公主？◎◎！！！张纪中脑子有病？
2 | Pictures | 73 | mescary | 珍惜生命，因为有人用半截身体生活着！
3 | WorldFootball | 71 | Rochemback | zz世界杯，请“李宇春”们滚开
4 | AlbumShow | 60 | jessi | 鼓起勇气
5 | Pictures | 56 | aisdl28 | 告别。。浦口。。我们的故事
6 | D_History | 54 | kindman | 招募热心同学，亲身体验历史
7 | D_EarthScience | 51 | joannaqiao | 关于毕业很想说的话
8 | NJUExpress | 45 | NJUers | 南大人爱心募捐――助周红艳插上飞翔的翅膀
9 | S_Chemistry | 34 | apachemz | ###晚会照片集锦(完整版)###
10 | S_Chemistry | 29 | huihuihui | 走个秀
