1 | WorldFootball | 76 | txduyu | 真的很心疼女足姑娘们~~~那是一个个不满20岁的孩子�
2 | Basketball | 64 | zhanmo | 换个话题：有谁喜欢三井寿？
3 | Pictures | 61 | aptx4869yl | 别走~~阿加西
4 | Girls | 55 | cissyouyou | [转载]
5 | Basketball | 55 | fls | 鸡永远没有鹰飞得高，希腊装死战术弄假成真（zz）
6 | Pictures | 52 | cani3 | 这个谁知道叫啥的？
7 | NJUExpress | 46 | xyzxyz | 陶园二栋某些男生真是无耻！丢南大的脸！
8 | WorldFootball | 39 | Arsenalking | 西汉姆帝国初现直指切尔西
9 | Girls | 38 | AuntThirteen | 18滴成年洗礼
10 | PopMusic | 34 | Arsenalking | jay确实走下坡路了~~
