1 | Girls | 238 | tomato | 她的背叛让我肝肠寸断！！！
2 | Pictures | 116 | ghostcaptain | 大家羡慕和嫉妒吧,my
3 | Girls | 105 | swain | 突然觉得这个世界上最不可信任的动物就是男人了
4 | Basketball | 96 | sheisgone | NBA，姚明和我，深夜泪成,请大家耐心看完
5 | D_Physics | 86 | kyc | 2007“燃情物理”迎新晚会精彩图片（78PP）！！
6 | Pictures | 85 | PPA | 暴强!退休老人集体组团玩魔兽世界砍人
7 | WorldFootball | 66 | jiafeizhuxi | 曼联，我们不怕你
8 | S_Business | 61 | raistlin | We
9 | S_LifeScience | 60 | LSSU | ！！生科院本科生迎新晚会部分pp（亟待补充！！）
10 | D_History | 57 | cruelduke | 【
