1 | NJUExpress | 125 | NJUers | 南大人的力量――为周红艳爱心募捐活动首日捷报！
2 | Girls | 100 | 19821004 | GG前女友回国找他
3 | S_Chemistry | 96 | gonson2000 | 婚礼上同学全家福
4 | AlbumShow | 80 | mycenae | [转载]
5 | Abroad | 70 | huangshuo | 今天的箱子团购好壮观，赞一下wsuning同学
6 | D_EarthScience | 65 | xiaokiang | 我们是冠军
7 | NJUExpress | 64 | yeyingxian | 汉芯造假者仍开宝马上班
8 | D_EarthScience | 56 | captains | 热烈祝贺地科研足球队夺得冠军！！！
9 | WorldFootball | 52 | flyhan | 卡卡短发来了[pic]
10 | Pictures | 31 | ahfu | 芙蓉姐姐再次现身，在寺庙中……作孽
