1 | NJUExpress | 79 | liantie1986 | 科学有待普及啊，受不了了
2 | Movies | 74 | kunzi | 满城尽带黄金甲
3 | Girls | 65 | badboyphil | 我昨晚拒绝了一个女孩，就因为她的一句话
4 | Girls | 62 | nixluwei03 | 一个女人晚上没回家和一个男人晚上没回家的区别[转�
5 | WorldFootball | 53 | sorceress | 你有什么资格来质问我们是不是伪球迷？(Re:
6 | NJUExpress | 52 | fighting | 招呼也没打
7 | Pictures | 48 | oldfish | 温总理的眼泪
8 | Basketball | 40 | iyea1224 | 打球打成这样，我该怎么办？
9 | WorldFootball | 29 | copperpea | Valencia问价C罗
10 | SE_Association | 24 | candice | 你对中国的文化知识了解多少？
