1 | S_Business | 115 | KennethY | 皖南印象――06金融研安徽宏村二日游
2 | M_GraduateUnion | 93 | yhwhb | 爱我南大
3 | Girls | 87 | efgod4 | 我应该怎么办?
4 | Pictures | 86 | bigyes | 吸毒少女阿丽
5 | WorldFootball | 81 | pigthree | 新浪和搜狐干上了
6 | Joke | 68 | skyways | 北大男女学生投宿旅馆关手机
7 | D_Astronomy | 67 | iama | 从过去到未来――与遨游于浩瀚宇宙智者的对话
8 | Pictures | 64 | ita | 韩国历史上曾经是万里大国?
9 | M_GraduateUnion | 54 | yhkj | 【科协“天文系列”之】陪你去看流星雨（报名）
10 | Party_of_Killer | 43 | CC | 卡尔文，你就是我心中的神....
