1 | Pictures | 10 | liangliang1 | [转载]
2 | Pictures | 8 | iKAKA | 夏天到了，送清凉桌面，呵呵
3 | NJUExpress | 8 | Hyoga | z女友被歹徒轮番施暴两小时，男友为何不救？？
4 | FOOD | 7 | chairmanj | 调查一下……
5 | Girls | 7 | wangjipingxl | 小猪,我爱你!!!
6 | NJUExpress | 6 | kh001 | 百合搞什么呀,不习惯...
7 | WorldFootball | 6 | Rosemary | 米兰vs红星首发阵容预测
8 | Movies | 4 | ppppp | 《疯狂的石头》
9 | History | 3 | Hyoga | [讨论]历史上谁的枪法最好？
10 | WorldFootball | 3 | Rosemary | 克洛斯当选德国足球先生
