1 | Pictures | 131 | PhantomThief | 有人能猜出这位清纯的小美眉是谁吗？
2 | WorldFootball | 118 | haoxuzai | 足球真是一项非常无聊的运动
3 | Girls | 93 | Hyoga | 女友用别的女孩的身份跟男友的聊天记录.超感人(转)
4 | Pictures | 92 | barbeq | 全图版MM减肥日记～～172斤――＞84斤
5 | Girls | 92 | mrgaojin | 难道我们有了女朋友就不能和其他女人照相吗
6 | WorldFootball | 61 | lizhan | 罗本光耀全场竟遭队友抨击
7 | AlbumShow | 54 | remember | 人像外拍两张
8 | ID | 53 | wuyouchen | 一代旧人换新人～认识多少？
9 | WarAndPeace | 41 | WinterOrion | To所有关注过“04级MM征友”的朋友们
10 | S_LifeScience | 22 | Batio | 02生科聚餐的一些照片
