1 | NJUExpress | 105 | leon198517 | 南京的交警叔叔好可爱
2 | Pictures | 79 | Willurpimd | 无语了~中午同学喝到的东东
3 | Pictures | 57 | wuciren | 统一美女超多可爱表情
4 | S_Business | 57 | BM2005 | 商学院管理系与会计系乒乓球比赛
5 | D_UrbanRes | 48 | XJC2004 | 浦口惊现马拉多纳,橙子4比2胜文院挺进八强
6 | D_EE | 46 | jujishou2199 | 爬紫金山原来是件辛苦的事情
7 | SCDA | 43 | SCDA | 【SCDA】“破茧化蝶
8 | D_Atmosphere | 36 | huzhuang | 03大气，嘿嘿，国防园烧烤
9 | Basketball | 26 | LoveTracy | CCTV5某张专家解说火箭队比赛几大逻辑（转贴）
10 | Girls | 26 | sagnolwilly | 大家说说一般谈过几次恋爱啊！
