1 | Pictures | 123 | highstone | 血染的风采―对越自卫反击战图片（有多少人还记得）
2 | Pictures | 116 | sotype | 一张神奇图片→测试你的心理承受力
3 | Girls | 99 | shmily2006 | 你认为和恋人每天通电话是否正常?
4 | ChangZhou | 76 | lcharm | 女人没有必要很累
5 | D_EE | 66 | harrylin | [转载]
6 | D_Atmosphere | 64 | lifetime | 我校王元教授获全国气象科技先进工作者称号
7 | M_GraduateUnion | 61 | YHSJ | 给孩子“六一”儿童节的礼物
8 | S_Law | 59 | forgota | 心的呼唤，爱的奉献
9 | NJUExpress | 51 | callmeken | 模拟证券投资大赛获奖名单
10 | XiBei | 42 | feiyu286 | 迟来的版聚通知
