1 | Pictures | 94 | bokyzhou | 转载：他两次都没能感动CCTV，却感动了我们！
2 | Girls | 85 | wysxue | 女研究生打架
3 | WorldFootball | 56 | boniferrum | 冠军联赛小组赛分组抽签结果
4 | Pictures | 30 | wuciren | 漂亮妹妹人美，身材更美
5 | WorldFootball | 24 | Gates | 赤裸裸的阴谋
6 | Girls | 20 | muse | 发泄一下
7 | NJUExpress | 20 | jintan | 呵呵，南园11舍全面改造出新啦！
8 | PopMusic | 17 | yitianjianxi | 《依然范特西》？不可能！
9 | Basketball | 15 | Titan | 世锦赛心得二―简评中国男篮之差以毫厘
10 | Hardware | 13 | shining | 请问鼓楼校区是否有为师弟师妹们修电脑的同学？
