1 | FOOD | 261 | yuyi5200 | 喜欢土豆的举个手
2 | E_Sports | 168 | kuns | ［ＨＯＴ］恭喜sky
3 | S_Environment | 140 | 04together | 热烈祝贺章敏、左玉辉两位老师荣膺我最喜爱的老师！
4 | NJUExpress | 136 | liuxingj2004 | 小偷你逃不掉了!
5 | Pictures | 74 | fuxiaochen | 最近几次主持的照片/上海到南京一些杂碎/未完全版（
6 | FOOD | 73 | lyzlyz | 山药是什么东西？
7 | Girls | 70 | feifei2004 | 两个人的世界，只有一个人的精彩
8 | M_GraduateUnion | 68 | YHGF | 爱心家园开园啦！（附图）
9 | Friendship | 67 | lovehq168 | 何谓友情
10 | Pictures | 57 | tangchao | [转载]
