1 | Girls | 118 | kathy5945 | 提醒mm们注意阿！！
2 | WorldFootball | 85 | tiaolong213 | 投票，谁是你心目中的06世界足球先生？
3 | E_Sports | 65 | yesuli | 第一届南京大学War3大赛预报名！！
4 | SCDA | 56 | EAD | SCDA第二期行业研究报告之一――公务员职业发展研究
5 | Girls | 47 | 2hangyu110 | 昨天跟PP师姐一起吃饭...................
6 | D_Physics | 45 | showley | 纪念长征胜利70周年，“重走长征路”
7 | Basketball | 44 | rakey | 今天见识到了传说中的"碰不得"大师
8 | Pictures | 39 | swj722 | 令人感怀的浦口海报们
9 | Pictures | 38 | hasudrone | 你们不是中意勒个童子军老大T-BAG卖,大招来老!
10 | WorldFootball | 28 | kingsoar | 惊天转会揭密：小罗加盟米兰
