1 | NJUExpress | 116 | wyvernwy | 就冲BenQ的服务态度，我再也不会买明基的任何产品！
2 | Girls | 84 | Cameron11 | 女生有时为啥感觉迟钝～
3 | TV | 83 | PhantomThief | 求任泉、李冰冰、谢可可、姜武的《一脚定江山》
4 | Pictures | 68 | eaglelsb | 七岁就这么PL了,长大后呢?
5 | NJUExpress | 48 | hndsm2 | 中国和日本的关系其实是兄弟关系
6 | D_Atmosphere | 45 | cathy0701 | 祝lobosh同志生日快乐！
7 | FOOD | 41 | fanjian0110 | 女生喜欢吃什么东西？
8 | S_Business | 33 | Racheleven | ２００６＂同坤置业杯＂六月唱享歌手大赛总决赛
9 | WorldFootball | 33 | lengzi | zz威廉希尔夺冠赔率：英格兰直追巴西
10 | D_Computer | 32 | honshj | 咳咳，祝鸟丹生日快乐！
