1 | NJUExpress | 408 | muhan392 | 自立会，怎么可以无耻到这个地步呢！！！
2 | Girls | 128 | 06100924 | 你有没有曾经被人看不起
3 | NJUExpress | 113 | kingboy8454 | 关于自立会
4 | AlbumShow | 102 | smallnokia | √柚子♂视觉震撼第一波
5 | Seasons | 73 | beastxxx | dh
6 | Pictures | 67 | yhdzl | 两个轩轩，你喜欢哪一个
7 | ID | 60 | see | 百合JJWW组合成立~~~~
8 | Pictures | 47 | smallnokia | [转载]
9 | Basketball | 33 | 2hangyu110 | 昨天做了一个大梦.................
10 | Network | 26 | aqe | [转载]
