1 | NJUExpress | 84 | laoyazhi | 城市孩子也是人哪，为什么歧视我们？
2 | Girls | 78 | mayi001 | 发现一个经常去图书馆的冷艳美女！！！
3 | Pictures | 59 | kavi | 女工磕碰轿车惹怒老板
4 | Girls | 59 | clearsea | 伤心！
5 | Pictures | 55 | fantasyqq | 有钱淫PK大赛...
6 | WorldFootball | 47 | pigthree | 意甲最新积分榜
7 | History | 43 | jxt99 | 说法不对
8 | NJUExpress | 35 | kongji | 想做个调查：有多少人信马克思主义？
9 | WorldFootball | 28 | iKAKA | 被中国抛弃的
10 | D_Computer | 22 | Graduate | ◎◎◎◎◎系研究生会招新通告◎◎◎◎◎
