1 | NJUExpress | 88 | metal | 闵乃本院士的课题组在2006国家自然科学一等奖折桂！
2 | WarAndPeace | 68 | oYeaho | 代迷糊可爱的MM征友(有PP)
3 | NJUExpress | 66 | NEST | 中原的痛――中原行,爱德情――河南农村调查项目报�
4 | Pictures | 58 | solomon101 | Q
5 | TV | 58 | sweetday | 很喜欢《大唐双龙记》中的秀宁
6 | NJU_Youth | 41 | happyfruit | 《笑傲江湖》：南大青年报2006新生特别版暨招新启事
7 | S_Software | 31 | wyvernwy | 南京大学Linuxer社团火热招新！
8 | Pictures | 31 | njuluvi | 写真系列――佳人朱茵
9 | WorldFootball | 23 | nick4961 | 小贝痛说离开国家队真相
10 | Girls | 22 | windysun | 大家评评看，偶真郁闷了
