1 | Pictures | 159 | guoxj | 绝不能让“6.3广州接机事件”重演！
2 | Pictures | 140 | lyonsu47 | 历史上最强的计划生育宣传海报
3 | Abroad | 107 | huihuir | Wayne
4 | Girls | 74 | elechips | 开始轻微的鄙视女人了.
5 | NJUExpress | 62 | salviati | 云航快印，你凭什么动手打人！
6 | S_Journalism | 59 | j01c05 | 【新闻】06毕业晚会隆重出品
7 | S_Law | 40 | suzhou999 | 愿南园爱的神曲创造奇迹--周红艳，我们永远支持你！
8 | WorldFootball | 37 | monkeydry | (转载)震惊！一位为己队辩护的尤文球迷被残暴的国米
9 | TV | 34 | tale1001 | 内地版《鹿鼎记》建宁公主定妆照
10 | WorldFootball | 34 | sorceress | [转载]
