1 | Girls | 215 | easysun | GG太关心我了，怎么办？
2 | HeNan | 64 | xiaofeiyang | ！河南版5月20日三周岁版庆活动初步安排！
3 | WorldFootball | 59 | xueshu | 《血战台儿庄》：7打11，国少胜日本
4 | Pictures | 42 | orenge | [转载]
5 | D_Maths | 39 | Fibonecei | 首长生日快乐!
6 | Basketball | 35 | HappyNews | 麦蒂沦为交换选秀权砝码
7 | S_Software | 35 | kevinrencc | 是的，我们仅仅才四强！
8 | TV | 34 | kelvinyuhu | TVB性感花旦惹火比拼，你喜欢哪个？？
9 | NJUExpress | 29 | vivian1412 | 请3月21日在学校图书馆借这本书的同学注意！
10 | Pictures | 26 | silvershark | 你没见过的温馨的农村童趣zz
