1 | AlbumShow | 229 | naughtyrain | 我的这三年……（多图）
2 | Girls | 97 | reve | 强烈要求斑竹辞职
3 | Network | 91 | WilliamGates | [LilyStudio]百合驿站正式发布
4 | SE_Association | 51 | naughtyrain | [转载]
5 | WorldFootball | 43 | smallnokia | 调查：谁是你心目中下一个被封的WF水王？
6 | WorldFootball | 31 | Rosemary | Ronaldinho
7 | NetResources | 24 | WilliamGates | [LilyStudio]百合驿站正式发布
8 | NJUExpress | 22 | qiant | 让我们来说说中国不如印度的方面
9 | NJUExpress | 21 | hustideal | 全世界只有不到4000人可以走出这个房间(zz)!
10 | Pictures | 16 | mgl | [转载]
