1 | Girls | 128 | useihei | 感情的报复（可叹）
2 | NJUExpress | 123 | Joshier | ××××取缔自立会××××抗议～～～
3 | Pictures | 82 | DSkier | [转载]
4 | NanTong | 73 | youngtree | 在2wings的blog和她辩上了
5 | ZheJiang | 65 | leonardo1118 | 华丽丽的金华一中校友聚会完毕~
6 | Girls | 65 | Tracyyang | 我的GG
7 | Pictures | 48 | zhupeng005x | 珍藏MM51张!收录百合图片版以来最漂亮MM~~~
8 | S_Chemistry | 33 | zxcfrank | 胖非和潇主持中科院的晚会啦！
9 | FOOD | 31 | enemy | 说说南京的汤包，再推荐一家小笼包，很正宗。
10 | NJUExpress | 27 | champlin | 自立会又没违法，骂他做什么？
