1 | Civil_Servant | 501 | Airwalk | 找到两份资料，需要的留下邮箱
2 | Girls | 83 | AuntThirteen | ★★★★当爱情跨越了性别★★★★★★
3 | Pictures | 54 | sjzzw | 十五型校园美女，你喜欢哪一型？
4 | Girls | 53 | crispopo | 呜呜呜～～～我是不是暗示得太露骨了：（
5 | XiNan | 47 | rainyroad | 绿博园的焰火
6 | TaiZhou | 46 | barbeq | 版聚照片！！
7 | AnHui | 35 | KarlMarx | 瞧瞧咱的老乡会（附图）
8 | NetResources | 30 | wuspring | 大三到鼓楼了，准备实践两年前的加入ftper的诺言
9 | FOOD | 29 | littletassel | pp的月饼（口水ing。。。）
10 | S_LifeScience | 21 | fouhe | [转载]
