1 | NJUExpress | 129 | xbc | 南大同学,你们怎么黑白不分?揭leeth真面目
2 | Girls | 103 | xbc | 南大的同学,你们怎么黑白不分?揭leeth真面目
3 | Girls | 102 | fanta | 记我所认识的黎哥leeth
4 | Abroad | 99 | xxbeatbee | 代姐姐报OFFER(化学)
5 | M_GraduateUnion | 95 | deliver | 【首届研究生风采大赛投票】歌唱之星
6 | Comic | 72 | vitak | [原创]柯南十年，哪些镜头感动了你（剧场版篇上）
7 | S_LifeScience | 67 | biogra | 三分惜败银牌亦足赤，记生科获男篮亚军
8 | S_Chemistry | 61 | promisescome | “新生心声，新年心愿”化院07研究生迎新晚会
9 | M_League | 52 | mercurychen | 【置顶】首届模拟谈判大赛决赛暨颁奖晚会
10 | JobAndWork | 50 | qiaolezi | 请大家帮帮忙看看两个offer的选择
