1 | NJUExpress | 229 | comeonfulin | 热烈祝贺南京大学建校104周年
2 | Pictures | 152 | dragonw207 | 24美图,选出你心中的TOP3
3 | Pictures | 74 | ImmSky | 你能忍住不哭吗？
4 | Movies | 63 | hsboy | ★★你最喜欢的韩国女星是谁？/？~~~~
5 | SCDA | 43 | SCDA | [SCDA]在宁高校职业发展论坛活动现场图片报道
6 | SCDA | 36 | Chuan | 爱心，职场，人生――从书开始
7 | Girls | 35 | utterly | 忍受不了，终于和GG分手了。
8 | WorldFootball | 34 | lizarazu3 | 特里不满小贝当英格兰队长
9 | D_Physics | 30 | mZyodurFeeai | 物理系篝火晚会精彩照片抢先发送……后续中……
10 | Girls | 24 | cht | 哎，都快毕业了都没谈过恋爱，是不是很失败啊？
