1 | Pictures | 75 | superjyq | 可爱的韩国小MM的烫发全过程
2 | Abroad | 60 | kunzi | 中国留学生BBS论坛月经贴大全
3 | Pictures | 59 | jiajiah | 国家地理杂志的杰作，
4 | History | 59 | xgwan | “75年河南事件”被列为全球科技灾害第一名
5 | WorldFootball | 59 | Gourcuff | 世界第一变态锋线组合诞生了？求证实！
6 | NJUExpress | 56 | magicbaby | 怒了.小女子今天被人恶意指责!
7 | Movies | 53 | xbc | 《石头》中最帅的是他
8 | WorldFootball | 37 | NeverEnd | 尤文图斯――惨！
9 | Fashion | 32 | flytel | 为何现在都喜欢穿吊带加个坎肩
10 | TV | 20 | bluesky01 | 『
