1 | NJUExpress | 301 | migo | 为早晨校门口撞车一幕：一个南大人深深的自责！
2 | Pictures | 152 | oliver74 | [转载]
3 | S_Law | 89 | winry | 大家快来祝福我们可爱的孙烁��MM生日快乐！
4 | S_Chemistry | 82 | Streamly | 713下江南（1）
5 | NJUExpress | 68 | xie261 | 中原行
6 | Skating | 67 | anotherD | 轮滑，玩转你的生活！
7 | D_EE | 58 | AllanYu | [EE01庆生贴]祝三八李国生日快乐
8 | LifeLeague | 51 | jiangtianyi | 生科院“大家讲坛”又一力作精彩出炉！！！
9 | Network | 47 | njunic | 我校校园网新增网通千兆出口
10 | D_Computer | 46 | iceshining | 计算机系第四届学术节闭幕晚会
