1 | Girls | 158 | 1922 | 写在分手的平安夜
2 | Joke | 99 | ShAnE | [转载]
3 | Basketball | 80 | devily | 姚明受伤原来是想让我们安心复习
4 | Girls | 77 | wannier | MM这样正常么?
5 | M_GraduateUnion | 69 | yhkj | 【“英语角”祝大家Merry
6 | FOOD | 68 | penguinppmm | 买了150块钱山核桃
7 | M_GraduateUnion | 67 | NJUSports | 迎圣诞――“爱心家园”周日活动照片回顾
8 | Volunteer | 59 | volunteer | [青协]新年贺卡专递精彩回放！！！
9 | S_LifeScience | 50 | biogra | 【院研会】生科院研究生迎新暨元旦晚会期待大家光临
10 | FOOD | 30 | raphaellaw | 大家最常点什么菜
