1 | WarAndPeace | 100 | ivybells | 真心实意寻找合适的GG
2 | Pictures | 82 | huangxm | 爱之行――大学生暑期艾滋病状况调研走进农民工
3 | NJUExpress | 82 | 1982zhoufeng | 对这种人，有点怒了
4 | Comic | 57 | PaladinJack | 画了些最近梦里出现的东西
5 | Basketball | 52 | hugobanana | 出来了，出来了，梦七15人名单
6 | Girls | 43 | qicheng | 现在的女孩脾气都好大阿
7 | WorldFootball | 40 | iepw | -8有什么好高兴的？国际最大的问题是曼奇尼！
8 | WorldFootball | 35 | GabHeinze | 贴图啦，有健康的Alan
9 | Girls | 34 | molibaobei | 我是不是真的很自私?我觉得好象是
10 | Pictures | 29 | littlemouse | CCTV内部晚会（绝密，不看遗憾）
