1 | Girls | 130 | boatman | zz生完宝宝十五天，被逼自杀
2 | WorldFootball | 66 | yoursdb2nd | 马特拉齐亲口曝光真相:我更喜欢脱掉你妻子衣服
3 | NJUExpress | 54 | planner | 教育部选出十佳校园BBS
4 | D_Physics | 49 | wwwbbb | 终于能上bbs了！！
5 | S_ForeignLang | 48 | sansan | 烟雨．江南．竹（外院宜兴暑期实践图片汇报一）
6 | Pictures | 41 | badboyphil | 黄键翔解说――刘翔110米拦破世界纪录
7 | WorldFootball | 40 | AllanYan | FIFA公布最近排名：意大利第二
8 | NJUExpress | 32 | lynn85 | 怒赞鼓楼食堂负1楼的NO.1055和NO.1072两位员工！
9 | Basketball | 32 | lobosh | 百合好了~~~!
10 | Pictures | 31 | All001 | 庆祝百合恢复正常，发美女
