1 | NJUExpress | 102 | fmdou | 汉口路东边第一家修车的是个坏人！！
2 | Girls | 86 | kingyb | 男友与网友的暧昧
3 | Girls | 75 | shademoth | 我的第一个月的工资使用详细帐单：
4 | Movies | 59 | funny68 | 疯狂的石头:什么比石头更疯狂?
5 | JobAndWork | 40 | NjuNju | 嚣张的HW员工，BSBS
6 | WorldFootball | 31 | voodoo6 | [转载]
7 | Basketball | 27 | conanshao | 关于陈江华
8 | Pictures | 26 | cami | 红楼梦引选角热潮
9 | Pictures | 21 | eruca | 护士套图（12P）
10 | WorldFootball | 21 | stupidboy | 国米力邀王大雷试训
