1 | Girls | 207 | idedj | 还有不会生气的男生吗
2 | NJUExpress | 98 | 031070033 | 食堂有小偷！大家要小心！
3 | Pictures | 95 | hsc | 大家都来测测文笔阿
4 | D_Physics | 76 | zwmzzj | 物理系篮球队通知
5 | FOOD | 64 | ydm212 | 都是傣妹惹的祸
6 | Basketball | 62 | happyzhang | 龙虎斗朱芳雨演砸绝杀
7 | NJUExpress | 49 | McJordan | 今天中午在食堂捡到一个笔记本
8 | Pictures | 44 | JSY | 刚刚结束的"现学现跳"舞会的精彩画面!
9 | Girls | 36 | wuwang | 一个恶心的男人要了ＭＭ的第一次，我该怎么办
10 | GRE_TOEFL | 25 | 031070033 | ★10G祝福签到啦~★诚祝10g的同学~1600+6.0啦~~~
