1 | Basketball | 100 | yxf760321 | 詹姆斯状态低迷骑士落马，姚天王一柱擎天火箭升空！
2 | Girls | 96 | zzz128xxx333 | 最佳前男友
3 | D_EarthScience | 86 | webgis | 地科铁骑,,我们的骄傲
4 | Basketball | 81 | firesnake | 穆大叔铁肘
5 | M_GraduateUnion | 52 | wildmouse | [转载]
6 | WorldFootball | 50 | thisismygame | 屋漏偏逢雨连天
7 | S_Chemistry | 50 | chemistryboy | 我们赢了【化院5：4地科】
8 | S_Medicine | 41 | wzgl | 科技人才服务社会系列之二暨医学生走进农村
9 | S_Law | 34 | lawjzt | [法学院记者团报道]法学院第二届律政之星风采大赛决
10 | FOOD | 34 | avency | 凌晨两点半的馄饨
