1 | WarAndPeace | 151 | mumulee | 男人会做饭丢人么？
2 | Pictures | 129 | Doraemon85 | 各国人士眼中齐祖头锤之不同景象
3 | Pictures | 80 | sh2o | [转载]
4 | Girls | 78 | shflg | 求教，怎么让太爱你的女生不爱你？
5 | Emprise | 55 | Ohlala | [转贴]
6 | WorldFootball | 55 | sh2o | 小小贝的故事...zz
7 | Movies | 50 | hunterxh | 疯狂的石头搞笑台词场景片断（原创整理哦~）
8 | WorldFootball | 34 | icefish | 汗，齐祖头击马特拉齐可以致命
9 | Girls | 30 | duckhjb | 吸取教训，爱就要去表白
10 | Basketball | 20 | bombvstnt | 科蜜的噩耗啊！
