1 | Pictures | 181 | ApexCN | 一个曾在网上创下30多万张跟贴的传奇！
2 | Girls | 132 | babycat | GG说：“看来老婆还是别人的好啊~~”
3 | Basketball | 132 | canyu | 火箭客场险胜奇才
4 | D_EE | 90 | SeeSeaBee | 热烈祝贺篮球队击败环院，晋级四强
5 | Pictures | 86 | LCF1983 | 德国青年穷乡义教6载
6 | M_GraduateUnion | 75 | YHGF | 【研究生文化节】厨艺大赛图片闪亮登场！
7 | SCDA | 65 | SAC | 【SCDA】易网留学月-留学面试指南及经验分享
8 | Girls | 54 | godgls | 世界上最大的一句屁话！！！
9 | M_GraduateUnion | 52 | YHXS | “科学与人文讲坛”第七期――《中国复兴的动力》
10 | Volunteer | 36 | melodyshare | ★共享有声世界★[06.12.9-省残康]第二组固定志愿者
