1 | Girls | 104 | star10000 | 后悔把她抢过来了
2 | Basketball | 99 | glg | 姚麦合力摧垮夏洛特
3 | Basketball | 90 | flyingwu | [多图]男篮半场搞定日本，大致爆发激情抗日
4 | Pictures | 70 | hahoho | pp师姐结婚照！不p你砸我！
5 | Girls | 55 | caocao | 女人：如果你碰上这样一个男人，你可以嫁了。
6 | M_GraduateUnion | 54 | NJUSports | 贺！医学院杯羽毛球赛圆满落下帷幕！
7 | PopMusic | 51 | pingya123 | 【不可错过】人气超强总冠军
8 | S_Chemistry | 45 | chemistryboy | 下周二（12月12日）中午12：20足球赛决赛化院VS数学
9 | M_GraduateUnion | 44 | NJUSports | 【研究生文化节之体育比赛】篮球联赛之八强巡礼
10 | NJUExpress | 41 | Pavellippo | 史上最盛大的实习报告会！！
