1 | Girls | 146 | waif117 | 详细版一楼食堂女生打架事件
2 | S_Chemistry | 119 | aquarius | 祝贺化院研足球队4：3力克生科，闯入决赛
3 | Pictures | 101 | coldsunmoon1 | 12岁小男孩6年收捡弃婴20名
4 | S_Software | 84 | iceeye | 白色空袭警报!!软院足球4:0大气夺冠!
5 | S_LifeScience | 75 | bigbear80 | 关于今天的比赛
6 | D_Maths | 70 | shev0829 | 足球队
7 | D_Physics | 54 | bluesummer | 【心理活动：精彩・平庸
8 | M_GraduateUnion | 52 | YHXS | 【学术文化节】电脑技术之星Flash大赛，请关注！
9 | S_Geography | 52 | xiaoqiduo | 地理足球队,你们是我们的骄傲(pp)
10 | M_GraduateUnion | 50 | NJUSports | 【研究生文化节之体育比赛】足球联赛之半决赛
