1 | Girls | 43 | runningman | 大家来评评理
2 | Girls | 42 | 29538 | 男孩的回答（女生看后别哭哦）。。。
3 | Pictures | 39 | Stecue | 据说是最欠揍的图
4 | NJUExpress | 38 | chessplayer | 苏宁，你是什么东西！？
5 | Basketball | 38 | songweiball | ****刘伟步入世界级后卫行列（转载）****
6 | SuperGirls | 30 | lgh2000 | 大胆预测一下淘汰顺序
7 | FuJian | 30 | afu915 | [转载]
8 | Basketball | 28 | heysky | ZZ尤帅宣称能带中国男篮打入4强，甚至更远~
9 | WorldFootball | 24 | zhouyiraul | 马德里只会接受阿德+1000万欧元来交换罗尼
10 | WorldFootball | 23 | sevra | 写在超级杯后面
