1 | Pictures | 99 | capture | 无法承载的哀思-悼念我校教工子女黄紫唯
2 | NJUExpress | 98 | lephin | zz
3 | S_Business | 91 | stardom | 南京大学商学院迎新晚会――夜宴2007即将上映
4 | FuJian | 85 | tianvictor | 恭喜pengjetty进Morgan
5 | FOOD | 78 | chinalupin | 有什么好办法对付口腔溃疡？
6 | S_Chemistry | 73 | apachemz | 『多图报道』06化院研究生迎新晚会
7 | NJUExpress | 59 | gwyfztm | ！！公务员模拟面试现场图片！！
8 | D_Materials | 49 | 215000 | 年度大作-系迎新晚会.猫必杀!
9 | Abroad | 47 | tonglizi121 | 一个offer,Ecole
10 | Movies | 41 | Arsenalking | 张艺谋，陈凯歌，张纪中，最讨厌哪个？
