1 | NJUExpress | 196 | bettyqq | [转载]
2 | Pictures | 92 | xiaolong | 创造历史:体操世锦赛,中国男女团双双夺冠
3 | S_Chemistry | 77 | luchunliang | 六楼某实验室注意了！
4 | Fashion | 77 | shanshan0531 | 大家来讨论一下力士和夏士莲哪个洗发水好用啊！
5 | S_Business | 73 | Nathenial | 斯密论坛63期图片集锦
6 | NJUExpress | 66 | lanfeng5578 | 在读生讲述研究生三大烦恼(zz)
7 | WorldFootball | 45 | Aguero | 女子体操队也夺冠了呀
8 | FOOD | 40 | swift | 愤怒了，今天在金润发肯德基的遭遇！！
9 | M_GraduateUnion | 33 | yhkj | 〓〓英语角开张啦（大活周日晚7：00）〓〓
10 | D_UrbanRes | 28 | francisliu | 研究生足球交流赛精彩图片
