1 | Girls | 77 | 29lou | 我觉得男人就分两种
2 | Pictures | 73 | xiaohaha | 选出自己心目中的国学大师！！！！！
3 | Basketball | 45 | Hyoga | 换掉麦蒂?建立一个以姚明为核心的夺冠阵容
4 | Girls | 34 | EulerGauss | [转载]日本女生：我最大的梦想是嫁给中国男人
5 | NJUExpress | 33 | ywisyw | "未来的某一天，你会给南大捐钱吗？"真是让人气愤
6 | TableTennis | 28 | jsdfgkn | 哈哈，终于赢了！3：0
7 | NJUExpress | 25 | falala | (转载)毕业生收入最高的前30所大学!
8 | Pictures | 23 | arthur04 | 复古女王裴涩琪图片大全（小猫慎入）
9 | WorldFootball | 22 | jwise | CCTV5－－－FT
10 | PopMusic | 16 | dana | 达明一派上海演唱会绚烂妖娆照片（多多）~~
