1 | FOOD | 144 | Greenery | 我做的肉夹馍
2 | Girls | 130 | babycat | 今天坐的13路车失火了，差点就爆炸了，我玩了场生死
3 | NJUExpress | 98 | rong1665 | 宣璇你拿错中药了(麻烦大家顶一下,吃错药问题比较严
4 | Basketball | 76 | watermonkey | 中国女篮苗立杰昨天的超远压哨三分
5 | Girls | 73 | sxzy | leeth，你太有“艺术”细胞了
6 | M_GraduateUnion | 60 | NJUSports | 【研究生篮球联赛半决赛回顾及决赛预告】
7 | S_Environment | 53 | hsc | happy
8 | NJUExpress | 47 | ipodmini | [转载]
9 | D_Computer | 43 | fishbone | 2006计算机系迎新晚会~欢迎您～！～
10 | History | 28 | louisnju | 历史版在线的同志们注意了！
