1 | NJUExpress | 53 | pf2003 | 转：毕业生月收入排行榜
2 | Pictures | 42 | BlueLake | 专案组认定高莺莺系自杀
3 | WorldFootball | 41 | danny82 | 记不记得我前几天说过的话
4 | Girls | 35 | df84 | [转载]爱上黄药师
5 | Pictures | 30 | xiaolong | 东方巴顿，黄埔名将，陈赓大将
6 | S_Business | 22 | HAScc | 【HAScc】康奈尔－南洋理工酒店管理学院硕博学位招�
7 | History | 22 | horse4 | 一个民族需要关注天空的人zz
8 | WorldFootball | 21 | mflier | 对米兰锋线引进人员的猜想
9 | Basketball | 15 | qfwqh0396 | z一个中国人是条龙，十个中国人是。。。
10 | Abroad | 14 | HAScc | 【HAScc】康奈尔－南洋理工酒店管理学院硕博学位招�
