1 | Pictures | 88 | ita | 血腥一幕！南极公海上的战斗
2 | S_LifeScience | 71 | coldbaby | 04的军训，怀念ing~~~
3 | D_EE | 67 | ycp107 | 祝顾文进，霍铖宇农历生日快乐！
4 | Basketball | 64 | 2hangyu110 | 今天老子打球也禽兽了一把..................
5 | NJUExpress | 61 | googleearth | 新生书画大赛作品征集中……
6 | D_Computer | 55 | victoria1009 | 祝03CS的猫咪同学生日快乐！！~
7 | D_Materials | 50 | apple980 | 祝我们的姚瑶生日快乐！
8 | Pictures | 45 | lindaiyu | 香港大学第一美女！
9 | DII | 40 | aria | 匡亚明学院名师导学---卞孝萱教授《国学与国学大师�
10 | SCDA | 32 | SAC | [转载]
