1 | Pictures | 199 | zhangx7 | 八旬老翁收破烂抚养六名弃儿(感动落泪。。。）
2 | Girls | 176 | fqx | 交往一年了，我可以亲她了么？
3 | Pictures | 123 | zjfraul | ★新鲜出炉：近距离VIP区全方位接触孙燕姿★
4 | WarAndPeace | 102 | zhaolinger | 调查：你对另一半的要求（百年好合第1号调查）
5 | NJUExpress | 88 | jeba | 转个中学100强
6 | Girls | 83 | pingponggirl | 交往一年了，为什么GG就是不肯亲我？？！！
7 | PopMusic | 80 | frog1982 | 孙燕姿南京的这次演唱会太失败了
8 | S_LifeScience | 73 | cxfcyt | 我们功能分子生物实验室的pp师姐和ss师兄五一要结婚
9 | Basketball | 52 | Banny | 洛城再现上帝和上帝的助手，热烈庆祝湖人干掉太阳！
10 | D_EE | 38 | hhuanzhu | 搞笑版之浙西
