1 | Movies | 42 | winsca | 好男人的八个特点――从道哥身上总结出来的zz
2 | NJUExpress | 39 | 5920 | [转载]教你几招对付银行里态度恶劣的工作人员
3 | sysop | 31 | Net | 关于左侧链接新窗口的问题
4 | Pictures | 25 | junkmail | 球星们正装时的样子，味道不一样啊！
5 | Pictures | 25 | IMCZ67 | 40亿象素的数码相片你见过吗？
6 | Girls | 24 | HazelCao | 爱从自己开始
7 | WorldFootball | 23 | xiaoxiangyey | 寿星因扎吉一锤定音
8 | WorldFootball | 23 | Goycochea | 伊布拉西莫维奇将加盟国际米兰
9 | History | 19 | lf108946747 | [转载]
10 | NJUExpress | 18 | Net | [转载]
