1 | ChangZhou | 80 | DIIer | 看看谁的ID厉害
2 | NJUExpress | 62 | iamwandering | 糟糕，我得罪女生了！！！！！
3 | WarAndPeace | 60 | DavidDong | 年纪不小了
4 | ID | 48 | magic0511 | 十万～～～～
5 | WorldFootball | 43 | smallnokia | 尤文图斯宣布维埃拉转会
6 | Pictures | 33 | snowflake | 刚剪了个DB刘海的妹妹(轻砸)
7 | PopMusic | 30 | shantyy | 周杰伦最新大碟9月上市
8 | WorldFootball | 21 | nick4961 | 发现大s很无敌阿
9 | Pictures | 19 | snowflake | 大家来猜猜这是什么学校的宿舍？
10 | NJUExpress | 16 | lazybee | 不要在扯印度问题了
