1 | Pictures | 168 | mescary | 谁还敢不回帖？？？
2 | Girls | 114 | njucai2 | 大家对女生提四壶水有什么看法？
3 | S_Environment | 88 | 04together | 龙王山下逞英豪-环院男足点球战胜物理挺进四强！
4 | FamilyLife | 68 | liuerxiao | 渐行渐近渐相聚
5 | PopMusic | 66 | hsboy | 有人喜欢阿桑的〈寂寞在唱歌〉吗？
6 | NJUExpress | 64 | seafront | 手机放裤袋影响生育能力
7 | Pictures | 62 | vinvin826 | 世界上最NB的假设
8 | Cycling | 54 | chiahsing | 上路吧，骑车看风景去！--车协五一浙西骑行记（风景
9 | Basketball | 46 | heysky | 最
10 | WarAndPeace | 45 | dreamlove | 宝马车主寻女友！
