1 | WarAndPeace | 163 | tearsapple | 很理智地征男友，趁我现在一时冲动地时候
2 | WarAndPeace | 120 | Chracy | 给pp表姐征gg啦
3 | Girls | 103 | DF11G | 我发现我爱上了一个不该爱的女孩！
4 | NJUExpress | 70 | yms | 南大男生
5 | Girls | 49 | ywergs | 天啊！又做了件错事！
6 | WorldFootball | 40 | qhdlk | 快讯-英格兰任命新主帅！！！
7 | Basketball | 32 | neverstar | 知足了,但是我依旧祈祷(原创)
8 | Pictures | 32 | asdaaa | [转载]
9 | Pictures | 26 | purple1502 | 花一样的王子――李律
10 | PopMusic | 24 | pingya123 | 挖个超级大坑，大家来跳。。。
