1 | S_Business | 95 | happyzw | 易方达基金与您相约南大
2 | Girls | 89 | crystalulu | 我男朋友的女友写给他的信
3 | AlbumShow | 87 | Cainvlingli | 认的妹妹视频后突然说：哥你好帅，告诉我你MM的联系
4 | AlbumShow | 83 | lotion | 砸吧砸吧,谁叫俺无聊呢?
5 | NJUExpress | 75 | goldenfall | [转载]
6 | Pictures | 71 | lostemple | 发图片，质疑斑竹禁止在本版发超女图片的做法
7 | Pictures | 47 | zonghengbh | 一张最能表达Love的图图哦
8 | NJUExpress | 43 | cloudyrin88 | 驳＂多么颤抖的一双手啊＂
9 | WorldFootball | 39 | lizhan | 亨利向董方卓道歉
10 | WorldFootball | 36 | Hyoga | 我死了,我今天为了看世界杯打了老师一巴掌!
