1 | Girls | 123 | ewwe | 她这么对我说，我该怎么办？
2 | Girls | 90 | kofwar | MM们都爱玩什么啊....
3 | Network | 62 | doctor05 | 代理认证对话框老是自动弹出，怎样解决？
4 | WarAndPeace | 56 | shuijingti | 集体出动，诚征gg
5 | D_EE | 53 | godwin | 衷心感谢研一的诸位兄弟！
6 | Badminton | 52 | unimorning | 晒晒照照~
7 | WorldFootball | 52 | theodore | 问个弱智问题！！！！
8 | ID | 34 | ferrum | 我和ID版的故事
9 | WorldFootball | 29 | yzlzzly | 每天3场，严重吃不消..
10 | Basketball | 26 | figohui | 来猜猜他是谁吧
