1 | Pictures | 104 | MG0505127 | 妈妈,我爱你!
2 | NJUExpress | 85 | djsn | 江苏除了苏州大学还有什么好大学啊?zz
3 | WarAndPeace | 85 | ceceqinghan | **亲爱的弟弟妹妹们帮姐姐找找有缘人！**
4 | TV | 81 | BoardOP | [公告]
5 | D_Atmosphere | 74 | coolshu | 热烈祝贺windydq
6 | WorldFootball | 71 | wuchen | juve黑你们不要太猖獗
7 | Pictures | 66 | holybolt | 【原创】【手把手教你结识南大校花】
8 | WorldFootball | 49 | kavi | 足坛最大新闻:内斯塔去意已定!
9 | Girls | 43 | pure0219 | 女生是否一定要会下厨呢
10 | Movies | 38 | Richard | [转载]
