1 | Girls | 74 | xien | 这种男朋友要不要?
2 | Pictures | 71 | phchem | 南大周边银行地图
3 | WarAndPeace | 68 | dan99 | 见过最漂亮的征婚mm之一（照片）
4 | S_LifeScience | 48 | haikui68 | 来自贝加尔的精灵
5 | Pictures | 47 | glnju | 胡戈：恶搞的社会危害性远小于正搞
6 | NJUExpress | 34 | lasa | 在食堂吃完饭应该自己收盘子（和KFC无关）
7 | D_EarthScience | 29 | bright7684 | 要开始学会“便后不洗手”了
8 | Girls | 27 | iamstrong1 | 西游记女儿国国王朱琳为唐僧徐少华独身二十年
9 | WorldFootball | 18 | lws | 西甲-冰刀处子球绝杀
10 | WorldFootball | 14 | Donghua | 柚子MM,领队你被跟踪啦
