1 | Pictures | 104 | lajpt | 计算出你和另一个人的关系，准的邪门了！！！！！
2 | D_EE | 56 | hhuanzhu | 我第一个发现百合
3 | Basketball | 44 | linzi | 中国87：90波哥，3分遗憾惜败！！！
4 | NJUExpress | 28 | juven | 好朋友的眼睛给可口可乐的果汁源炸伤了.
5 | Basketball | 27 | respro | 中国队还是早点回家吧
6 | Pictures | 21 | wuciren | 清醇可人
7 | S_Software | 18 | wyvernwy | Linuxer杂志第二期出版
8 | NJUExpress | 17 | liuqingwei | 还是有不少挂站的。。。
9 | D_Information | 16 | chenming | 紧急通知！关于03级鼓楼宿舍分配方案说明
10 | Girls | 15 | blpns | 千万别玩弄感情游戏哦~~~
