1 | Girls | 169 | sadgirl | 向喜欢的gg表白被拒绝了，说只是好朋友
2 | NJUExpress | 163 | lydia27 | 南大排第二
3 | NJUExpress | 101 | lcb123 | 用我们的爱心拯救身边的同学――李培俊
4 | Pictures | 100 | duan9854 | [转载]
5 | Girls | 77 | gamesome8202 | 我跟我的弟弟
6 | S_Law | 48 | 6711621 | 我们赢了!!!研究生篮球联赛法学院VS公管(附多图)
7 | S_LifeScience | 48 | lazybee | 研究生足球赛首战生科7：1大胜商院(多图）
8 | WorldFootball | 45 | del | 意甲离我们而去了...
9 | S_Geography | 44 | aishi | 恭喜我院男篮今日的胜利~~~pp
10 | Pictures | 33 | libra999 | 林青霞的半个世纪
