1 | Girls | 108 | springlet | 一个人能爱两次么？
2 | NJUExpress | 101 | sunlustre | [转载]
3 | Pictures | 59 | monsoonjhm | ZZ山西离石9岁男童被两条狼狗吞食(图)
4 | Girls | 57 | suregirl | 男生找不到女朋友的真正原因--男生必读！
5 | D_EarthScience | 39 | oysterboy | 今年实习上报纸拉!!~~实习被堵,南大学生刨土搬车!!
6 | NJUExpress | 39 | sunnyfish | 女朋友的裸照！用数码相机拍的！(贴图)
7 | WorldFootball | 37 | Rosemary | 英超最后1分钟震撼转会
8 | Pictures | 34 | phchem | 丹阳配镜攻略（原创）
9 | E_Sports | 33 | xyanxiao | 你们这些打什么WAR3的真是井底之蛙啊
10 | WorldFootball | 27 | Aguero | 也许所谓的惊喜并不在转会市场上，而在球场上
