1 | NJUExpress | 171 | ShaYaTou23 | 2舍的某些女生，请放过我们脆弱的神经吧！！！
2 | Pictures | 122 | lianwei84 | 偷发宿舍mm照片
3 | Girls | 93 | mllxy296 | 女友说...我这样算是“抠”么
4 | NoteBook | 88 | liangj | 笔记本千万别买惠普的~~
5 | Pictures | 61 | bonney331 | 宿舍mm的其他舍友
6 | Girls | 54 | zifenghuarz | 男朋友说脏话！
7 | JobAndWork | 49 | PGCampus | 宝洁网申通过名单更正
8 | SCDA | 45 | SCDA | 就业指导系列讲座之七----梦想与飞跃--英博之道
9 | D_Physics | 44 | LesLieLotus | [03Phys]Congratulations!
10 | D_UrbanRes | 27 | aweng | 庆祝99城资在京同学王坤新婚大喜！
