1 | Pictures | 131 | LYP9 | 东京
2 | Basketball | 107 | njllm | 姚明得22分角色球员齐发威
3 | S_Business | 99 | chinakliang | 商学院迎新晚会―夜宴2007
4 | Basketball | 97 | mgmonk | 欢呼吧，火箭蜜们！爱生活，爱火箭！
5 | Girls | 87 | watchme007 | 平安夜你想和谁一起过？
6 | NJUExpress | 87 | staywithme | 你凭什么选择死亡？
7 | FOOD | 79 | hairun | 冬至日吃饺子吃疯了
8 | S_LifeScience | 37 | rogerholmes | 04生科应用纳百纳自助聚餐贴图[30P]
9 | D_EE | 37 | ee05yh | 电子系元旦迎新晚会时间地点
10 | NJUExpress | 35 | forever23 | “冬暖人心”迎冬篝火晚会圆满成功，火爆
