1 | NJUExpress | 362 | mf16 | 如果你愿意帮我，请不要再去广州路肯德基
2 | Girls | 249 | 0209252 | [转]测测你的花心程度^^*
3 | Girls | 145 | jaiwo0913 | 自己在意的女孩手指上已经戴上了戒指
4 | History | 95 | sarin | 前国务院总理李鹏向基金会捐赠300万
5 | NJUExpress | 94 | zihufirst | 不知此女意欲何为？KFC也真是倒霉
6 | Pictures | 87 | ferfel | 让理科学生失去理智的考试题
7 | FOOD | 78 | garfieldwu | 周末伙食：京酱肉丝
8 | Badminton | 65 | NJUSports | ★
9 | S_Geography | 61 | aishi | 传奇32号帽子戏法，地海5：1胜环院~
10 | D_Computer | 47 | Graduate | ￥￥￥￥明天下午1点
