1 | Girls | 173 | spv001 | 是王祖贤漂亮还是赵雅芝漂亮（仅从外貌）
2 | WarAndPeace | 90 | yeahon | 『有图』共剪西窗烛，同走林间路
3 | Pictures | 73 | Asimov | 叫嚣着抵制曰货的同学们,看看你们的榜样
4 | NJUExpress | 72 | raining | 对话你的未来---南京大学公务员俱乐部成立献礼
5 | Pictures | 67 | lilyman | 我想找个给英雄下跪的地方（李敖著）
6 | NJUExpress | 65 | leveno | 这门课复习郁闷啊，牢骚一下
7 | D_UrbanRes | 60 | llmaggienju | 02土管本科毕业师生聚餐！！(图片大赏)
8 | WorldFootball | 55 | BoardOP | [公告]
9 | S_Chemistry | 33 | PEA214 | 2002级基地班聚餐通知
10 | WorldFootball | 32 | keaty | 中国以后还有出头之日么？
