1 | NJU_Youth | 111 | Locke | 校园同性恋专题报告完全版
2 | D_UrbanRes | 98 | stoney | 心有牵挂,情系山娃(校园募捐)
3 | Pictures | 90 | lingyizhon | 祝福他们吧----帕米尔高原上中国军人的婚礼
4 | Pictures | 57 | shujin | 中国三位总理的经典瞬间（周、朱、温）组图
5 | D_Computer | 52 | skhy | 03cs二班秋游紫金山（多图）
6 | S_Law | 47 | nokia6108 | 06级法学硕士秋游照片！
7 | WorldFootball | 43 | iKAKA | 看米兰输球，习惯了就好
8 | M_GraduateUnion | 42 | yhkj | 【“英语角”分享系列二】南大MUN北京之行/pic
9 | D_Atmosphere | 37 | Loti | 贺生辰周老大宴请众豪杰，庆聚义老同学欢腾北京城
10 | S_Journalism | 30 | hejunlou | 新闻传播学院2005研究生美女秋游图！！
