1 | Basketball | 179 | yxf760321 | 姚明36分街球王准三双
2 | WarAndPeace | 174 | shixiaopi | 帮妈妈找男朋朋~
3 | NJU_Youth | 95 | Locke | 寻找胖美人。。。。
4 | NJU_Youth | 85 | happyfruit | 生活如同一盘胶卷：《南大青年报》11月6日刊震撼出�
5 | M_GraduateUnion | 77 | YHGF | “爱心家园”系列活动之
6 | Basketball | 71 | canyu | 姚明命中压哨狂砍36分
7 | Pictures | 67 | tofishes | 仙剑1结局－－周末倾情奉献！！！
8 | Girls | 61 | flymoss | 昨天终于残忍的告诉她
9 | S_MSE | 49 | lzh71562499 | 工程管理学院羽毛球预赛精彩集锦！！！！
10 | M_GraduateUnion | 42 | YHGF | “健康生活
