1 | Girls | 115 | thisismygame | 老婆今晚画的画：）大家口下留情～～
2 | NJUExpress | 114 | josinya | 陶三的某位女生不要再抢全楼的IP了！！！！
3 | Basketball | 111 | canyu | 姚明准三双盖帽平记录
4 | NJUExpress | 94 | pingjing | 周末大家来玩个游戏吧！我猜、我猜、我猜猜！
5 | Basketball | 89 | 2hangyu110 | 姚火锅只手遮天势不可挡
6 | Pictures | 78 | IMCZ67 | 这男的真没FACE
7 | Girls | 77 | Napture | ２舍下的爱情
8 | S_Environment | 48 | catalysis | 烧烤晒图
9 | S_LifeScience | 38 | Queen2Jack | 光棍节帅哥竞猜
10 | D_UrbanRes | 28 | zhfff | 资源环境教研室篮球PK友谊赛通知
