1 | Basketball | 135 | yxf760321 | 平安夜，让我们为姚明祈祷！（伤情报告）
2 | Girls | 132 | anodyne | 单身也是一笔财富！
3 | NetResources | 94 | coolghost | 172.16.67.170开放及相关说明
4 | Pictures | 79 | gongsunce | 女生不用这么在乎衣服，真正的美女穿什么都好看
5 | FOOD | 72 | watchme007 | 我见过的最接受不了的一种吃法
6 | Movies | 64 | fengjack | 李连杰好样的！
7 | ZheJiang | 48 | leonardo1118 | 浙江版版聚-最终案华丽登场~
8 | TV | 42 | chenliangjj | 大家看得最多遍的电视剧是什么
9 | S_LifeScience | 42 | LSSU | ！！生科院本科生新年联欢晚会即将开始！！
10 | D_Physics | 40 | whale0002 | “燃情物理”研究生迎新晚会通知
