1 | Pictures | 174 | hsc | 不要只知道看美女！来点阳刚的！！
2 | Basketball | 105 | mgmonk | 火箭一路走来，一路唱85：76
3 | Pictures | 95 | bigyes | 感人图文：娘，你怎么哭了．．．
4 | Basketball | 82 | yxf760321 | 姚明最高分麦蒂追平生涯助攻
5 | Girls | 51 | yyzh | mm们为什么不给GG织手套呢
6 | S_Business | 46 | 7orange | 恭喜商院9:0大败社会系！！
7 | D_Atmosphere | 44 | windydq | 热烈庆祝susanlu
8 | D_Atmosphere | 39 | wqcat | 呵呵，恭喜足球队首胜（图片）
9 | WorldFootball | 38 | Czech | 话说切赫出院后队友给他做的智力检查
10 | Girls | 34 | Yanwife | 为mm过生日，帮忙顶下吧！
