1 | Girls | 170 | windscent | 大四的李甜甜，吴奇龙骗了你！
2 | Girls | 104 | Bubba | 我的鸡腿飞不认识mm碗里了~~(zz)
3 | Abroad | 81 | SAC | 易网留学俱乐部SAC"2006欢送飞友系列活动"开始啦!
4 | S_Chemistry | 77 | truemoon | 寻一串钥匙（自行车相撞导致丢失）
5 | Abroad | 76 | SAC | 易网留学俱乐部SAC－环亚西文英语角
6 | D_EarthScience | 76 | puppythree | [转载]
7 | D_EE | 41 | jimsmart | [转载]
8 | NJUExpress | 39 | CC | [转载]
9 | S_MSE | 39 | ydqnj | 第二届中国电子商务大赛高校巡讲开始啦
10 | Pictures | 37 | jerrymouse21 | 4月18日发生在图书馆的恶心事件！
