1 | Pictures | 145 | four62 | 震惊世界的照片,还有谁记得那位远离我们的周总理?
2 | NJUExpress | 102 | changlu | 诺贝尔奖今天开始“放榜”，希望南大能有惊喜
3 | S_Chemistry | 97 | zlhu | 晓杰、静华新婚快乐！
4 | Pictures | 88 | 29538 | 中国最美的女人
5 | Girls | 64 | meidy | 我的男友不怎么帅
6 | Girls | 50 | CodeName | 女孩失身谁之过
7 | Abroad | 43 | beverl | 一件令中国人不爽的事情_UC
8 | D_Maths | 41 | EulerGauss | 从Ramsey理论到Green-Tao定理的史话
9 | JobAndWork | 31 | chenyu | 全国各地娶老婆的成本！工作n年才有机会－转载
10 | AlbumShow | 16 | minimaomao | 我的心情稍微好点哈~
