1 | WorldFootball | 134 | todolov | 让我们记住这些人～～～
2 | WorldFootball | 119 | ghh0917 | 一个韩国人的无耻发言和一个中国人的精彩回复！
3 | Girls | 89 | hellolwl | mm的妈妈不同意我们在一起怎么办？
4 | NJUExpress | 82 | angellj | 推荐一下宅急送（尤其是准备寄电脑的）
5 | Pictures | 60 | njunonlinear | 儿子高考估出高分
6 | D_Information | 52 | hungkin | 2006-06-22，我们毕业了！
7 | NJUExpress | 51 | janzy | 晕。谁捡到学位帽没有啊？
8 | SanGuo | 41 | njuzhangqi | 向三国版的兄弟姐妹们告别了。
9 | Pictures | 34 | shantyy | [转载]
10 | History | 30 | xielei198210 | 别的说不出来，但是我认为下面这句话很有道理：
