1 | Pictures | 325 | beibei1981 | 借人气求对一位今天做心脏手术的ＭＭ的祝福！
2 | NJUExpress | 116 | wyvernwy | 明基欺负顾客事件后闻！明基太过分了！（有录音）未
3 | AlbumShow | 110 | papabeibei | [转载]
4 | D_EE | 74 | kz0071985 | 【EE02】我的大学
5 | Girls | 74 | springlet | 我的GG对我说突然没有感觉了
6 | D_Computer | 51 | lixs1985 | 原创：用数据通信知识解释《圣斗士》中的小宇宙问题
7 | KaraOK | 47 | smile4ever | *****“edorm以歌会友”精彩报道送上，大家久等了**
8 | D_EE | 38 | tianshi | [转载]
9 | D_Materials | 37 | dgua | 且尽杯中酒---02材料系毕业聚餐
10 | S_LifeScience | 30 | xiangsubing | 【01生科】欢迎北京人照片上了
