1 | Basketball | 141 | bitifox | 莫宁，英雄，终于有所回报了
2 | Pictures | 97 | justgo | 献给所有的即将毕业、已经毕业的南大校友（各位都来
3 | Girls | 77 | outnetsnail | 女生是这样被糟蹋的，大家真的要注意了~
4 | Pictures | 61 | yinfenglu | 中国各省市美女大比拼
5 | D_Computer | 59 | ctrogernju | 02CS的毕业纪念套件（同时收集大家的百合ID）
6 | D_EE | 53 | hero3 | 【EE02】四载电子
7 | History | 36 | chempub | 日本的确强大
8 | D_EE | 36 | desertstrom | 【EE02】一些古老的记忆
9 | JobAndWork | 36 | each8 | 我认识的Zina和我不认识的南京广电！
10 | Girls | 28 | duckyzh | 偶舍友暗恋偶男朋友四年了
