1 | SuperGirls | 109 | yangjin | 刘悦进十强了～～
2 | TV | 74 | liuchuan | 林心如版的建宁公主
3 | Pictures | 73 | youyou | [转载]
4 | WorldFootball | 55 | Rosemary | 【调查】世界杯直播你看了几场？
5 | D_EE | 44 | steinrose | 【EE02】六月十五，美好回忆
6 | WorldFootball | 40 | yinfenglu | 英格兰冠军
7 | D_EE | 28 | Aprilgogo | 提议:6月15日作为EE02的纪念日！
8 | Basketball | 26 | lovezidane | 恶有恶报，斯塔克豪斯被禁赛
9 | TV | 22 | njuzhangqi | 我最不喜欢的鹿鼎记就是张卫健的那个版本。
10 | Pictures | 20 | maizdou | 但愿不是火星来的
