1 | D_EarthScience | 174 | choi | {
2 | NJUExpress | 110 | olive333 | [调查]浦口最令你怀念的一个地点和原因是什么？
3 | Pictures | 78 | ford6 | 转载：芙蓉姐姐在南京KTV
4 | S_LifeScience | 77 | jiangtianyi | 生科院讲座―男孩女孩，精彩不容错过！
5 | Pictures | 45 | wandernju | 选出你最喜爱的文化衫!
6 | Basketball | 45 | glasser | 佩服他的球技，可是不齿他的球品！
7 | SCDA | 42 | SCDA | “BenQ-毕业留‘影’”照片征集大赛
8 | D_Physics | 42 | devilnju | ★第二届物理系研究生学术论坛★开坛啦！
9 | WorldFootball | 42 | Solskjaer | 曼联签下双子星
10 | ChangZhou | 38 | choi | {
