1 | Girls | 74 | zuby | 555～
2 | WarAndPeace | 73 | desire | 高个子mm没人要耶
3 | Girls | 69 | ssszzzx | 如果你和你女友遇到歹徒，你会怎么办？
4 | WorldFootball | 61 | Gilardino | 【醒目】意甲丑闻判决：尤文等三队降级
5 | Pictures | 55 | ssszzzx | 让很多美女都黯然失色的泰国人妖！
6 | Basketball | 54 | Renju | 新赛季估计要有一堆球队摆烂了！
7 | TV | 43 | sweetbasil | TVB一代美女――曾华倩
8 | NJUExpress | 38 | rychushi | 一篇帖子引发的血案！－－骂的不只是南大的某些人！
9 | Pictures | 36 | kofwangyin | 让我笑了一晚上的图片，[不笑你打我！哈哈...
10 | WorldFootball | 19 | asianus | 奇怪的是，国米怎么还留在意甲？
