1 | Pictures | 262 | thinpig | 看看!!这就是中国男足!!这就是范志毅!!!
2 | NJUExpress | 233 | BabyDuck | 咋舌：自立会近期财务概览
3 | DII | 88 | aria | 桃李芬芳：匡亚明学院名师导学课程实录
4 | S_Environment | 84 | xiaoming | 环境学院张全兴教授喜获2006何梁何利奖
5 | Girls | 66 | leta | 生活真的很难
6 | Basketball | 64 | vansyang | Wells同火箭签约两年
7 | NJUExpress | 53 | devily | 到底需不需要取缔自立会？你来说……
8 | Girls | 45 | eleven | 卡片，给朋友讨些祝福~~帮顶吧谢谢乐~~
9 | D_EE | 45 | DEE06 | 应求发照片(迎新晚会)
10 | Pictures | 39 | zhuangjs0327 | [转贴]范志毅打人！
