1 | Pictures | 151 | webcool | 25年珍藏图片・刘德华的情爱路（超经典）
2 | S_Chemistry | 73 | fishinthewat | 化学实验在生活中的运用
3 | WorldFootball | 58 | abchcd | 为什么只有他叫外星人!(多图)
4 | Volunteer | 54 | ly22 | 青协的迎新活动――明天会更好！
5 | JobAndWork | 52 | ylqzeros | zz跟父亲通完电话，陷入沉思：有些后悔读研究生了
6 | D_UrbanRes | 48 | yhp | 南京大屠杀挹江门纪念碑－－据说是姚亦锋老师的作品
7 | D_EE | 39 | eell | 决定考研了！
8 | Pictures | 36 | wuciren | 大家对日本女排不满意，贴个国产的
9 | SCDA | 32 | SAC | 南京大学SCDA易网留学俱乐部会员招新开始啦！
10 | AlbumShow | 26 | wyvernwy | 新发型
