1 | NJUExpress | 231 | jiezi02 | 致南大校长陈骏先生的公开信
2 | Pictures | 111 | dachongzi19 | 请问这是什么东东啊？
3 | Movies | 68 | shangsphere | 《疯狂的石头》是赤裸裸的抄袭
4 | Girls | 58 | Chracy | 想做拉拉了
5 | Joke | 57 | smallnokia | 姚明为什么那么喜欢吃西红柿
6 | WorldFootball | 56 | noucamp83119 | 巴萨新赛季宏伟计划曝光
7 | S_Software | 50 | wyvernwy | 《Linuxer》电子杂志创刊号火热出炉！
8 | NJUExpress | 50 | Hyoga | 我真的想打新来女大学生几个耳光（转载）
9 | Pictures | 40 | hsboy | 琼瑶力捧第N代“琼女郎”秦岚写真~~~
10 | Girls | 33 | play | MM修理不良老公的酷刑
