1 | Pictures | 186 | job4me | 趣味测试：你会拜哪位高人学武功
2 | Girls | 122 | bhltt | 原来真的可以心有灵犀阿
3 | Pictures | 96 | ericlou | 我的漂亮女儿的照片！！
4 | D_EE | 70 | ee05yh | ！！！热烈祝贺电子系男篮首战告捷！！！
5 | Movies | 61 | hsboy | 这些放弃中国国籍的明星，你想对他们说什么？（图）
6 | D_Computer | 61 | gun | 新时代开始了--李宣东老师出任系主任了
7 | Basketball | 47 | jackfu | 今天马刺92：95负于山猫大家怎么看？
8 | M_GraduateUnion | 44 | YHSJ | “职场人生路”系列讲座之雅思培训专场开始拉！！
9 | D_UrbanRes | 43 | aishi | 今日研究生男篮激战电子pp
10 | SCDA | 34 | SAC | 【SCDA】“易网--留学主题月”绚丽启动
