1 | NJUExpress | 171 | lushui | 鼓楼一食堂惊现女疯子
2 | Pictures | 69 | wenyuwang | 南大课堂有史以来最神秘的来客
3 | D_Atmosphere | 67 | bombvstnt | 再贺:大气足球队成功杀入四强!吴福浪上演帽子戏法!
4 | WorldFootball | 59 | 112980392 | 极度郁闷
5 | S_Geography | 58 | mumian | 海洋之家聚餐金汉斯（附图）
6 | Basketball | 47 | cw82153827 | 李宁公司的新代言人，绝对令你们大吃一惊
7 | FOOD | 45 | shuixiaoxian | 发誓下次不能这么吃了
8 | Seasons | 41 | mbqian | 越狱第2季被大多数人忽略的重大细节描写(zt)
9 | Pictures | 34 | coolsniper | 中国特色盗版
10 | S_Business | 30 | wenyuwang | 宏观经济学课堂的混乱
