1 | Girls | 164 | loudong | 留下你手机号的后四位！有缘分的会一样啊
2 | Girls | 104 | geai | GG又开始迷上游戏了，怎么办
3 | Pictures | 94 | liuchuan | [转载]
4 | NoteBook | 74 | eggs | 令人崩溃的索尼！！！
5 | Volunteer | 70 | l9g9y9 | 巧手做花献母亲－－－南大青年志愿者协会2006母亲节
6 | WorldFootball | 63 | zhuqiancheng | 放弃意甲，关注英超吧！
7 | D_EE | 45 | EE02BiWeiHui | 【EE02】浦口怀旧游――TOM合照版
8 | S_Law | 40 | ZXTTC | 毕业衫设计－－希望王老师支持！！！
9 | PopMusic | 39 | aimartan060 | 10
10 | Pictures | 37 | dylanwinty | 生日－－礼物
