1 | NJUExpress | 127 | WaveGuide | zz)记那对住在我隔壁储藏室的大学刚毕业的小夫妻
2 | Pictures | 66 | mescary | 还珠格格的真人照片
3 | NJUExpress | 59 | leilei | 看来南大搬仙林是铁板钉钉的事了
4 | Basketball | 54 | Hyoga | CCTV-5是为球迷服务，还是为姚明服务？？？
5 | Basketball | 50 | lizarazu3 | 科比挑衅：我就是想和纳什打一架
6 | Pictures | 44 | amanimsx | 让你笑5秒感动5天的图
7 | WorldFootball | 40 | Hyoga | 10年英超年度最佳球员一览
8 | Girls | 40 | 5plus | 他的回答是什么意思?
9 | SPA | 34 | Satan1987 | 心理漫画大赛开始征稿
10 | WorldFootball | 26 | Hyoga | 当今足坛的塞翁失马~
