1 | Girls | 34 | imp000 | GG
2 | Pictures | 26 | qiqibaby | 在老板家做的晚饭~~嘿嘿
3 | NJUExpress | 25 | lpnju | 重回浦口
4 | Girls | 18 | iamwandering | 各位mm赶时髦千万要慎重啊。。。。。。
5 | NJUExpress | 15 | piwzw | 我在K190次列车的一天。。。
6 | FOOD | 13 | gechen | 今天做的晚饭，哈哈
7 | WorldFootball | 10 | cureYou | IB真会作秀哦
8 | WorldFootball | 9 | czcn | 皮雷接班人首演合格
9 | Pictures | 8 | wangkingwang | 发美图，向电脑高手求救！
10 | KaoYan | 7 | caiyesd | 领航的服务真差劲，恼火。
