1 | NJUExpress | 145 | cbanddcx | 强烈要求拆掉三舍楼下的篮球架
2 | NJUExpress | 81 | njfycyg123 | 提醒新生防范招商银行信用卡陷阱
3 | Pictures | 68 | xgwan | 中国人民真伟大！奇迹式的山路！每次开车到这都脚底
4 | WorldFootball | 67 | petit | 阿根廷队长做出惊人决定
5 | SCDA | 64 | SCDA | 南京大学学生职业发展协会2006秋季招新开始了
6 | M_GraduateUnion | 63 | chenyu | 南京大学研究生会新学年全面招新！
7 | TV | 51 | HJQ7227819 | ｚ特大喜讯!张纪中放言拍内地版越狱,蔡康永有望出演
8 | Pictures | 45 | sjzzw | 我觉得这个MM更古典[10p]
9 | KaoYan | 34 | caomaohat | 香港科技大学招生了，有兴趣的去看看宣讲会・・
10 | WorldFootball | 25 | hunterxh | 1963-09-14,贝斯特的联赛处子秀
