1 | D_Maths | 108 | Mathsers | [系列文章]给师弟师妹们的几句话――三项修炼
2 | Girls | 94 | wangjipingxl | 烦死了，大家支持一下吧！
3 | SCDA | 73 | SCDA | 【SCDA】成功源自……――前甲骨文HR总监解密外企招
4 | NJUExpress | 69 | Au | 南京大学仙林校区奠基仪式2006-11-22（多图）
5 | M_StudentUnion | 68 | imjude02 | 让青春奏响，让生命怒放
6 | Volunteer | 65 | volunteer | 『感恩节的祝福』――致所有志愿者朋友们！
7 | Girls | 58 | ch1983 | 求婚被拒，MM却说要考虑，咋办？
8 | M_GraduateUnion | 48 | NJUSports | 【研究生文化节之体育比赛】足球战况播报之四
9 | West_Volunteer | 42 | webthief | 第八届研究生支教团资助计划――贫困生名单4
10 | Basketball | 38 | cw82153827 | (hoop好文共赏)一点关于姚明的感想
