1 | NJUExpress | 98 | lydia88 | 严重质疑浦口宿舍供电！！！（浦口的XDJM进来顶下）
2 | NJUExpress | 88 | zjrforever | 冯端是谁？
3 | M_GraduateUnion | 68 | NJUSports | 【研究生文化节之体育比赛】篮球联赛决赛巨献
4 | Girls | 66 | lilysky | 我的第3个女朋友，明天结婚了。
5 | Volunteer | 62 | volunteer | 贺卡、祝福，交给青协替您来传送
6 | D_EE | 57 | jujishou2199 | 我们系的魅力女星！
7 | FOOD | 53 | smallsweet | 吃猕猴桃的简易方法
8 | Basketball | 49 | jack1225 | 麦迪逊花园再演球员武斗
9 | Photography | 43 | yhkj | 【科协“摄影系列”之】：摄影技巧入门讲座
10 | S_Chemistry | 35 | chemyh | 化学文化节之"星语心愿”
