1 | D_EE | 85 | nightsh | 【EE02】今夜，歌声响彻南京站
2 | NJUExpress | 73 | libraping | 发生在我们宿舍丑陋的一幕！
3 | WorldFootball | 67 | zhuqiancheng | 下赛季的阿森纳真可怕，曼联继续堕落！
4 | AlbumShow | 57 | lilysky | 照片右二的MM（没有戴帽子的）叫什么名字啊？
5 | Pictures | 57 | milk8311111 | 给一位mm的生日礼物&milk首次外拍人像：）
6 | M_GraduateUnion | 42 | YHSJ | 外来工子弟“城市生活体验营”暑期社会实践团队招募
7 | D_Computer | 41 | Leavitt | 我想当D_Computer的版主
8 | WorldFootball | 41 | nick4961 | [原创]还在力挺韩国的，看过韩国5场比赛的进来！！�
9 | S_Environment | 34 | 123456 | 刹那芳华
10 | S_MSE | 31 | cleojojo | 天空*飞鸟*痕迹
