1 | Pictures | 363 | kikiki | zz第一次带爷爷吃麦当劳
2 | AlbumShow | 180 | H2SO4 | 八月十五两周年，我们的城墙一日游（多图，慎）
3 | Girls | 103 | fatum | 化院男生
4 | FOOD | 90 | liuerxiao | 大家是怎么吃苹果的？
5 | NJUExpress | 53 | liusan | 9.30事件始末
6 | Pictures | 45 | efgod3 | 7舍男生自拍:李寻欢大战上官金虹!
7 | S_LifeScience | 45 | spiderwoman | [转载]
8 | S_Environment | 38 | foxcat04 | 晒图：04本国防园中秋烧烤^_^
9 | WorldFootball | 23 | iKAKA | 世界冠军有望统治金球奖
10 | Movies | 21 | devily | 《上帝也疯狂》太好看了
