1 | Girls | 168 | wbsky | 你赞成婚前同居吗?
2 | WuShu | 134 | young | 练春夏秋冬,养身心灵慧--杨协一周年
3 | Pictures | 119 | xxw | [转载]
4 | D_EE | 84 | ee05yh | 电子系研会招贤精彩图片
5 | NJUExpress | 83 | raining | 南京大学公务员发展同盟招募核心会员
6 | Pictures | 72 | nnju007 | 南京两女子公交车上激吻
7 | WorldFootball | 60 | derby | 罕见！联盟杯赛场惊现神奇一幕
8 | NJUExpress | 56 | victorxu | 关于今天的武大华科南大东大之争
9 | WorldFootball | 35 | yrc322 | [转载]
10 | WarAndPeace | 32 | lovehq168 | WAP活动---2006,"1111"不寂寞
