1 | Girls | 239 | tears04 | 我真的很绝情吗？？？？？
2 | Pictures | 84 | waif117 | [转载]
3 | M_GraduateUnion | 83 | YHGF | 爱心家园招募志愿者啦!
4 | NJUExpress | 82 | chanchanchan | 公车上的一幕，让我越来越瞧不起我现在的女朋友!(图
5 | Girls | 79 | chequevara | “我十分想认识你”之续---我十二分想认识你
6 | M_GraduateUnion | 73 | YHGF | 关爱智障人士
7 | Pictures | 43 | luser | 琼瑶剧中的51个瑶女郎如今变成啥样了
8 | SanGuo | 31 | Arsenalking | 第一猛将――黄忠年轻的时候都在干什么？？
9 | BodilyForm | 23 | harry1984 | 跑步后吃香蕉会怎么样
10 | WorldFootball | 23 | xielei198210 | zz切尔西门将生命之危
