1 | Girls | 121 | aokao | 前女友告诉我:
2 | Movies | 67 | Edison | 这个电影一定要看！！~~尤其是中国人~~
3 | FOOD | 65 | LCF1983 | 第一次到必胜客...
4 | Pictures | 51 | njuluvi | 港片中著名的老演员大全（组图）完整版
5 | NJUExpress | 41 | methanol | 关于大娘水饺的一点思考
6 | Abroad | 33 | Tetee | 关于成绩排名之我见
7 | Pictures | 30 | shannala1 | 笑死了!!!登陆色情网站以后
8 | Girls | 23 | njubaby | predy,我能理解你
9 | History | 16 | aries3206 | 关于中日矛盾溯源答alap
10 | History | 14 | Dasein | 中日矛盾会导致战争吗？
