1 | WarAndPeace | 128 | mickey83 | 为我学术上最崇拜的学长法院院草征mm
2 | Girls | 127 | lulu03 | 夜深了,只想哭~~~
3 | Pictures | 100 | xiaobing | 众星眼中的刘德华
4 | Girls | 78 | dymdong | 吻女孩不需要得到她的同意！
5 | NJUExpress | 69 | rifleman | 饭卡丢了，被刷一百多！
6 | TV | 65 | lilybyy | 《再次微笑》----美丽的丹姬，美丽的喜善
7 | WorldFootball | 63 | Lahm | c.r.名声算是彻底臭掉了
8 | Pictures | 49 | bigyes | 都说东京比上海繁华---眼见为实（震撼多图）
9 | WorldFootball | 44 | njujing | 季军已经是一个值得满意的成绩？
10 | Basketball | 30 | quyuben | 科比力邀艾弗森来湖人打球
