1 | NJUExpress | 149 | NBEU | 【祭奠青春】今天凌晨六点多，南师一女生车祸踏上不
2 | D_EE | 75 | beebeer | ！！热烈庆祝：赵老师新婚大禧！！
3 | Girls | 63 | beatleslyj | 强烈BS那个委琐男
4 | Pictures | 63 | loudong | [贴图]比草莓好吃百倍的
5 | WorldFootball | 42 | DongFangzhuo | 阿根廷铁汉柔情――海哥
6 | DongBei | 40 | sunsmall | 紫金登顶――记国庆老乡聚会
7 | WorldFootball | 35 | muhan392 | 最喜欢的球星，里瓦尔多
8 | Girls | 22 | jianjian560 | 能原谅GG这样吗？
9 | Pictures | 21 | woaipei | 十七岁不哭
10 | NJUExpress | 21 | ambition | 昨天中午新街口被小偷围攻
