1 | Girls | 66 | gongsi | 一山容不下二虎，怎么办？
2 | NJUExpress | 28 | Mark1986 | 我对新校长失望了
3 | AlbumShow | 27 | starknight | 呵呵，发照片不让人评论怎么行？
4 | AlbumShow | 14 | afrafrafra | 我和我妈妈很像哈
5 | Girls | 12 | physicist | 首次发照片征友！
6 | WorldFootball | 12 | nnndddvvv | （zz）elsa_xy：尤文球迷眼中国米和意甲两强的差距
7 | Pictures | 12 | xgwan | 还是日本人厉害！日议员打群架
8 | NJUExpress | 9 | 435678942 | 贝加尔综合科考团顺利结束第一阶段考察
9 | WorldFootball | 9 | godtang | 下一位巨星
10 | D_EarthScience | 8 | fredjordan | 严厉声讨Mark1986不负责任的言论
