1 | Girls | 130 | adgg | 再见十年前喜欢的女孩
2 | Pictures | 71 | haha163com | 申请置顶:急寻28号于浦口丢失现金的人!!
3 | JobAndWork | 50 | bindwood2005 | 这个版是计算机、商院专用的求职版
4 | Pictures | 49 | capricon | 听说这是张艺谋奥运会预演照？
5 | MSTClub | 47 | zaiyuan | 南大网络，一起来玩――浦口新生上网指南
6 | PopMusic | 45 | siriusbobo | 你能用一首歌的名字来回答楼上的问题么？
7 | WorldFootball | 45 | caesar | 看完德比之后，没有沮丧
8 | FOOD | 40 | caesarZHANG | 推荐的一家餐馆-重庆醉鱼头火锅
9 | S_LifeScience | 40 | biogra | 热烈祝贺生科院乒乓球获得女单，混双冠军
10 | D_History | 33 | blackpen | 【
