1 | Girls | 143 | 5plus | GG竟然这样就生气了
2 | PopMusic | 66 | solomon101 | 哪一首歌可以让你流泪?
3 | NJUExpress | 58 | ipodmini | 上海女子合唱团南大演出
4 | Girls | 57 | xueao831102 | 不是恋人了,还能是朋友吗?
5 | Pictures | 56 | bormlala | 本系两个善良又美丽的女生
6 | Basketball | 51 | lonelyyc | 狂搞笑的易建联。zt
7 | WorldFootball | 49 | danny82 | 影响力最大的德比之战是哪一个?
8 | D_Maths | 47 | suduo | 热烈庆祝０３数学牛人首先拿到ＯＦＦＥＲ
9 | Pictures | 44 | Liliane | 转：致今天中午在地下餐厅拾到我手机的好心人
10 | D_UrbanRes | 33 | KarlMarx | 贺报：我院辩论队旗开得胜
