1 | Girls | 159 | MagMagi | 说说06年大家最难忘的事!
2 | Girls | 70 | lydia27 | 如果可以,我宁愿从未爱过
3 | Pictures | 66 | MenMsn | 小海狮是这样等妈妈的
4 | S_LifeScience | 65 | biogra | 迎新晚会官方帖第一波
5 | Pictures | 63 | wuxin | 偶家小葵宝1周岁，贡献新照片
6 | NJUExpress | 62 | xinan314 | 老外在苏果当众骂中国人
7 | S_Chemistry | 45 | chemistryboy | 恭喜胡正龙和蒋志平
8 | WorldFootball | 41 | solarfish | 加图索好牛
9 | ZheJiang | 36 | leonardo1118 | 浙江版版聚之杀人事件~
10 | S_LifeScience | 34 | bigpumpkin | 冬天
