1 | Pictures | 252 | xgwan | 满城尽带黄金假――垃圾村的震撼经历zt
2 | History | 77 | hmx | z一篇越南中学课本上关于中越战争的简述！
3 | Pictures | 57 | loudong | 你说何洁和董洁谁更漂亮
4 | AlbumShow | 45 | verygood | verygood一部分PP合集
5 | Girls | 40 | njnuboy001 | 最近喜欢上一个女生......
6 | Girls | 36 | ice30 | 看到这些话，你会回想些什么！
7 | Movies | 35 | Shinwar | 看了终结者3,实在受不了现在电影厂的翻译水平......
8 | Movies | 28 | chinalupin | [转载]
9 | WorldFootball | 25 | noucamp83119 | 能拿的都拿了，小罗开始玩票了？
10 | WorldFootball | 25 | noucamp83119 | 巴塞罗那接着拿下维埃拉和特雷泽盖？
