1 | NJUExpress | 171 | brackberry | 疯掉了！今天在教学楼！！
2 | ShanDong | 130 | tomato0701 | 山东人到底是什么形象呢？
3 | Girls | 117 | rabbiter | 心真的好痛……我决心放弃！
4 | FOOD | 93 | 031070033 | 为什么小时候不喜欢吃的东西长大了就喜欢吃了？
5 | FOOD | 85 | rizhao | 天冷，寝室火锅DIY！！！
6 | NJUExpress | 66 | charming0000 | 关于南大学生的素质的我的看法。。。。。。。
7 | Pictures | 60 | shadow2004 | 我们的“父母”官的办公大楼
8 | Basketball | 57 | KobeBryant8 | Kobe
9 | Pictures | 53 | 5920 | 这男人的一生，唉。。。
10 | Seasons | 39 | Elinking1234 | Sara写真（多P）
