1 | Pictures | 194 | htwang | 揪心的女孩----用篮球当下身zz
2 | Girls | 180 | pozhenzi | 女生们，请珍惜优秀的男生吧
3 | Pictures | 112 | jwwld | 印度女主播---鼻血流干不要怪我啊!!!
4 | WorldFootball | 109 | GAGO | 世界杯：乌鸦嘴测试
5 | JobAndWork | 99 | yudong2002 | 赞一个
6 | D_UrbanRes | 50 | 666999 | 02城资毕业光盘“清凉”登场
7 | NJUExpress | 43 | dalishuishou | 今年大一军训的同学很轻松嘛，不够累还有力气打架！
8 | WorldFootball | 40 | njubl | 法兰西
9 | Girls | 37 | kinglorry007 | 第一次也是唯一一次写的情书
10 | D_Maths | 28 | tobimzhang | 钦定诡异教教众名单（附黑名单）
