1 | NJUExpress | 127 | skyr56 | 强烈要求拆掉三舍！
2 | Pictures | 92 | lasa | 一只表情丰富的小猫zz
3 | D_Computer | 76 | cjm1985 | 零二计算机同学向周树棠老师致敬
4 | Pictures | 51 | yifalunwen | 中国8大最美空姐..什么都不说了..进来看
5 | NJUExpress | 38 | ninagao | 你希望西八4-7楼打扫卫生的阿姨回来吗？
6 | Movies | 34 | lazzybone | 大家觉得X战警里面谁最弱？
7 | Basketball | 25 | abc123456789 | 怀念一年级时候的姚明!浅谈火箭。
8 | FOOD | 24 | 3276654 | 吃大叔水饺的尴尬
9 | JobAndWork | 17 | PGCampus | P&G宝洁公司2007年校园招聘全面启动
10 | PCGames | 15 | hunterxh | 轩辕剑5求救
