1 | Spanish | 125 | zjfraul | 曾经,我们在这里......
2 | Cancer | 115 | oncever | 妈妈得了乳腺癌！
3 | Girls | 78 | SpringerLink | 当185+的男生喜欢上160-的女生……
4 | M_StudentUnion | 76 | andy51 | 南京大学2006年告别浦园文艺晚会
5 | Pictures | 67 | zjfraul | ★原创多图★曾经,我们在这里...
6 | NJUExpress | 61 | coolmurder | 看“大家”，看世界，看我们自己的书本！
7 | Basketball | 59 | mgmonk | 支持马刺的,进来签名留念!
8 | History | 54 | xgwan | 张献忠,黄巢这些杀人如麻的恶徒为何被粉饰成英雄?zt
9 | Basketball | 52 | figohui | 虽然周折了些，他终于倒了
10 | Volunteer | 46 | sunyining | 践行八荣八耻，弘扬爱国精神！
