1 | Girls | 209 | 345k | 高中同学和现任女友
2 | History | 119 | zycly | 中国“龙”标志易遭西方曲解
3 | Pictures | 105 | gongsunce | 我只想说，唐笑的气质真的很打动我（多图）
4 | FOOD | 90 | YHGF | 【研究生文化节】厨艺大赛报名了！
5 | S_Geography | 77 | xiaoqiduo | 足球1/4之地理vs医学院4：2，地理成功进入四强（pp�
6 | D_Physics | 76 | cobratoxin | **冠军风采**
7 | S_SPM | 72 | wildmouse | [研究生学术文化节]“社会风险和公共危机管理”
8 | D_Physics | 69 | x8380826j | “医学院杯”之大决战
9 | S_Medicine | 68 | lisafish | 今天我,终于站在这年轻的战场,请你为我骄傲鼓掌。医
10 | M_GraduateUnion | 62 | NJUSports | 【研究生文化节之体育比赛】足球联赛之八强巡礼
