1 | Girls | 142 | primerka | ～～今天是七夕，给你最爱的和最恨的人留句话把～～
2 | Girls | 114 | 5plus | 炫耀帖：模范老公示意图之一
3 | NJUExpress | 68 | adayx | 也许你不知道
4 | Pictures | 37 | aogusidu | 上海市最牛的拆迁钉子户
5 | E_Sports | 36 | MagicKAEDE | 低调-0-
6 | Pictures | 33 | minimaomao | 日产,你当我们中国人是什么?!
7 | NJUExpress | 32 | shademoth | 吃完饭把盘子送回是对母亲的尊重的体现！
8 | WorldFootball | 32 | Laislin | 同情米兰
9 | WorldFootball | 25 | Aguero | [转载]
10 | JobAndWork | 18 | friendly05 | 上海工作的同学聊聊现在的情况吧
