1 | NJUExpress | 113 | Rakushun | 实在受不了2wings的Fans们了!!!!
2 | NJUExpress | 89 | 2wings | 我是2wings，请听我一言
3 | Girls | 78 | Arsenalking | 大家有没有这种恶心的感觉~~~
4 | Pictures | 60 | airstone | 章子怡的裙子咋招了老外、却惹了国人？zz
5 | Girls | 51 | AirJHD | 现在好了
6 | WorldFootball | 39 | freedevil | 国米镀层金
7 | JobAndWork | 32 | 58531 | 不只是有点难的笔试智力题---做完就死人
8 | Basketball | 31 | 29538 | [转载]
9 | S_Chemistry | 18 | SCR | 关于成绩单，我怒了！
10 | Joke | 17 | Landau | 南大BBs第一次出现的x笑话z
