1 | NJUExpress | 87 | xpj2005 | 一封南大本科生写的感谢信
2 | NJUExpress | 66 | jiangbei | 话剧《〈人民公敌〉事件》演出及票务公告
3 | WorldFootball | 65 | kavi | 媒体提前曝光阿根廷名单
4 | D_EE | 52 | cleanlily | 06年初夏・我们FB・我们烧烤
5 | D_EE | 51 | qjqh1 | [转载]
6 | WorldFootball | 36 | sh2o | Baihe:
7 | D_Physics | 31 | IntellyChan | 02级物理系毕业衫设计修改二稿
8 | Basketball | 29 | yxf760321 | 为什么大家对纳什就不能宽容一点呢？
9 | Volunteer | 26 | sgy575 | [爱德学社]
10 | Basketball | 26 | hylwlss | 看出来了mvp就是好
