1 | Pictures | 164 | gosome | 转：06超女前20全部PP(我无语了)
2 | Girls | 146 | suifp | 我和GG属相不和，还能在一起吗？
3 | Pictures | 77 | richel | 麻省理工
4 | Girls | 74 | menerva | 其实爱谁都是一样的
5 | TV | 62 | zhujiez | [转载]
6 | WorldFootball | 45 | songluan | (原创)伤感的五月--写给五月退役的世界足坛四大名将
7 | MSTClub | 37 | lily0219 | 你了解和不了解的…亚勤先生…（附多图）
8 | D_EE | 32 | WitchZ | EE02毕业衫设计方案
9 | D_EarthScience | 31 | california | 预祝陈永权博士论文答辩顺利！！
10 | NJUExpress | 31 | ghhcx | 谁来救救鼓楼12栋（！大家都来看啊！）
