1 | Girls | 136 | QIYOUPIAOBO | 实在看不下去了，各位南大gg！
2 | S_LifeScience | 84 | momore | 实验室师兄pp婚纱照,大饱眼福,呵呵.
3 | NJUExpress | 81 | flying88 | 我与首长的亲密接触
4 | Pictures | 77 | meteoreagle | 世界上最强的女孩儿……绝对不撒谎……
5 | Basketball | 57 | fanwindforce | 湖人输了，有点可惜了
6 | M_StudentUnion | 54 | andy51b | 瑞丽秀・Clinique倩碧携手走进校园
7 | D_EarthScience | 52 | tobrome | 雨花台定向越野战地全记录！
8 | WorldFootball | 51 | lii23 | 巴萨看来踩中了超大一坨狗屎
9 | Abroad | 49 | wsuning | 有关团购箱子的一些进展
10 | Girls | 46 | appcatmao | 和男生出去，女孩子该付账吗？
