1 | Girls | 144 | iseeice | 男生都是这样么？
2 | Girls | 70 | findmyway | 今天七夕，GG陪爸爸过，不陪我！！
3 | Pictures | 59 | dachongzi19 | 无聊的人做了件无聊的事!
4 | Movies | 57 | afu915 | 觉得韩国爱情片都很假
5 | Pictures | 57 | CallmeMark | 大家都来看一看？？
6 | WorldFootball | 29 | markcn | [转]INTER，幸亏意甲还有你！
7 | WarAndPeace | 28 | geai | 七夕,发照片,刚拿到的哦
8 | WorldFootball | 26 | smallnokia | 巴萨妖童进球震惊西甲
9 | Movies | 19 | yuyu540 | 七夕，让我们一起欣赏电影。
10 | Basketball | 19 | nandawutong | 请不要再说用身体打球没有技术含量
