1 | D_Physics | 129 | sunsmile1984 | 永远的南大物理系
2 | Girls | 110 | ZMB | 我为南大的女生感到悲哀
3 | Pictures | 103 | vivi526 | 周总理超'牛'语录!!(看了绝对想顶)
4 | S_Environment | 82 | env03tzb | 中天一轮满
5 | NJUExpress | 64 | useihei | 是洁癖？还是精神强迫症？
6 | History | 44 | lixiahe | 99.9％的中国人在使用封建一词时，从来没有意识到用
7 | WorldFootball | 33 | iKAKA | 巴特斯正式宣布告别足坛
8 | Pictures | 29 | lovelvcha | 8000万的大学校门!值得么?
9 | WorldFootball | 28 | jiusu210 | 切尔西搞烂球场
10 | Movies | 17 | newark | 美版《无间道》好像好评如潮啊
