1 | Girls | 105 | navyblue | GGJJDDMM们，给我出出主意阿
2 | NJUExpress | 85 | lqs | 图书馆太变态了！
3 | Basketball | 66 | znsdvid | 理论上，火箭足够强了
4 | Pictures | 66 | adem319 | 愤怒地失眠之后
5 | WorldFootball | 44 | nnndddvvv | 意电信承认国米操纵窃听
6 | Girls | 38 | 308242469 | 国庆分手
7 | Pictures | 37 | yongyong | 成名前的星星，超可爱。。。
8 | WorldFootball | 28 | iKAKA | 克洛斯：拜仁不是我的目标
9 | Basketball | 25 | opa81 | zz
10 | FOOD | 18 | sleeping | 中午和mm一起吃的奶酪时光
