1 | Girls | 78 | knightwang | 网恋,我该不该到她家去?
2 | Girls | 75 | regenerate | 教没有GF的兄弟们一招~~~
3 | NJUExpress | 74 | daccayang | 教你29招，让人人对你刮目相看
4 | ShanDong | 61 | yms | 赞
5 | BNGames | 40 | kuns | [WEG]骄傲！wNv卫冕成功！【HOT！！！】
6 | D_Materials | 40 | yrc322 | 南京大学材料系旅游部重磅出击~
7 | WarAndPeace | 35 | TKD | 征另一半!~付PP
8 | Pictures | 34 | hughlee | [转载]
9 | Pictures | 28 | menerva | 你喜欢哪种类型的美女？（多图)
10 | WorldFootball | 23 | yuqiao | 用萨哈加希尔维斯特换阿德啊
