1 | NJUExpress | 309 | kingliu1109 | 南大真牛
2 | Pictures | 118 | barbeq | [超级女生]杭州赛区10强出炉
3 | Girls | 106 | bluegalaxy28 | 错过了大学中对我最好的女孩子
4 | Pictures | 97 | ZJY1369 | 假如泰坦尼克号上的乘客都是中国人
5 | Fashion | 82 | QIYOUPIAOBO | 大家下雨天怎么穿着~~
6 | NJUExpress | 63 | njdxggglxy | 南大的3.5篇science~
7 | Abroad | 52 | YOUFEI | 刚刚被拒。。。
8 | WorldFootball | 41 | Gates | 阿森纳试图再次诱拐巴塞罗那青年队天才
9 | Basketball | 39 | metrocar | 热烈庆祝太阳干掉小牛,赞一个,suns粉支持一下
10 | WorldFootball | 39 | Hyoga | z一个恐怖的前锋!可是他被很多人忽略了
