1 | M_GraduateUnion | 72 | YHGF | 【研究生学术文化节】科技人才服务社区图片回顾
2 | PopMusic | 69 | danny82 | 感觉如果费玉清独唱效果要好听的多
3 | Girls | 68 | yandch | 多雨的初冬你在给谁织围巾？
4 | M_GraduateUnion | 57 | jinsuyi | 研会文化部【121世界艾滋病日主题活动】参观南京戒
5 | WorldFootball | 53 | CObject | 意甲死了,意大利的报应来了
6 | D_Physics | 42 | whale0002 | [节目征集]“燃情物理”―物理系2007年元旦迎新晚会
7 | D_Physics | 42 | xxxx | 物理系乒乓球队再创辉煌!!!
8 | S_LifeScience | 41 | LSSU | 【送人玫瑰，手有余香】--－募捐现场截图
9 | Pictures | 34 | abs300 | 众里寻她万千度,谁来告诉我？？
10 | S_LifeScience | 34 | spyker | 06生态硕聚会
