1 | NoteBook | 192 | gm6916 | 转：30秒清除你电脑中的垃圾（使你电脑急速如飞）
2 | FOOD | 110 | hawana840930 | 柿子上市啦!!阿有喜欢的?
3 | Pictures | 99 | rchina | 勿忘“九一八”[组图]
4 | NJUExpress | 64 | icebluezhou | 南大还上不上课啊！！！
5 | Girls | 61 | ZMB | 被三个美女追怎么办？
6 | BNGames | 48 | dhdzc | 虽然有点假，但是我真的挂枪了
7 | WorldFootball | 45 | zhuqiancheng | 个人感觉英超水水平已经超过了西甲和意甲
8 | WorldFootball | 42 | gogoczx | 结识几个玩实况的朋友
9 | SCDA | 35 | SCDA | SCDA暑期实习经验交流会暨招新宣讲会
10 | Girls | 21 | hawana840930 | 和GG四年啦!!
