1 | Girls | 210 | solomon101 | 如果用你十年的寿命来换取一个愿望
2 | Joke | 117 | solomon101 | 笑话里的暗示你懂吗？看懂后暴笑
3 | Girls | 88 | solomon101 | 9种没结果的爱!!(未婚者必读!!!)
4 | WorldFootball | 80 | lesliewei | 对张路同志昨晚的表现有看法的进来！
5 | Pictures | 67 | apple113 | 我同学和她男友去安吉玩的照片一张
6 | Pictures | 67 | hugobanana | [转载]
7 | WorldFootball | 60 | Rosemary | pirlo能有这么好的发挥
8 | WarAndPeace | 49 | liuchuan | 代友征GG,有靓照
9 | Network | 19 | dent | 五舍网络中断现象解析
10 | NJUExpress | 15 | YHSJ | [转载]
