1 | Girls | 124 | chanchanchan | 不喜欢我，为什么还要和我发生那种关系？？
2 | Pictures | 96 | bizhenya | 强烈推荐―中国版自杀兔，超搞笑！！（多图）
3 | NJUExpress | 94 | liuxingj2004 | 小偷你那里逃?
4 | Pictures | 75 | njuluvi | 86版西游记超强客串（加上那个就全了）
5 | Party_of_Killer | 71 | songzhilin | 角色评选系列1－杀手评选
6 | FOOD | 70 | minhua | 自个儿烙pizza，全程图解
7 | Girls | 66 | tiger1 | 一个月零两天，终于还是结束了。。。。。。。
8 | S_Chemistry | 59 | lology | 赞危险品仓库的老师
9 | DII | 29 | 1019 | 归来
10 | FOOD | 25 | zsr | 终于找到了传说中的大叔水饺
