1 | WorldFootball | 183 | yelei | ！世界杯期间，请学校为女生宿舍解禁！
2 | Girls | 81 | kal3022 | 一个女生吃一块钱的饭是不是很恐怖啊??
3 | WorldFootball | 75 | Maladona | 卡恩还是应该当主力的
4 | NJUExpress | 61 | beside | 祝帅哥班长==【Jellicle
5 | NJUExpress | 59 | beside | 祝美女师傅==【goldenfall生日快乐】==
6 | S_Law | 55 | joejuliet | 细数人权法七宗罪！SE7EN
7 | History | 36 | wyf1984 | 日学者称本国未来十几年将闹饥荒
8 | Volunteer | 30 | moonsea | 走进社区活动--献给爸爸的礼物
9 | D_Computer | 21 | phoenixinter | phoenix谈谈昨天的比赛
10 | FOOD | 21 | appety | 大家经过汉口路可以买个西瓜
