1 | Girls | 403 | MINNJU | 悲伤：本科室友病逝……
2 | BNGames | 84 | Kalashnigov | WEG
3 | Girls | 76 | ABANDONED | 一生只爱一个人可以吗?
4 | M_GraduateUnion | 63 | beside | 【卡乐门】南京大学
5 | NJUExpress | 53 | zwl | [转帖]清华的学生就是牛！
6 | M_GraduateUnion | 46 | artmar | ★南京高校“招商证券杯”模拟证券投资大赛开幕式暨
7 | Abroad | 34 | yuxiang | “准哈佛男生”主id出来辩解--我没有征MM
8 | WuXi | 33 | mickeytse | 无锡版版聚PP，大家来顶哦
9 | D_Atmosphere | 32 | windydq | 【号外号外】coolshu
10 | D_Computer | 27 | flowm | 谨以此文告别系队！！！
