1 | D_Physics | 129 | shenxuanying | 听说物理系同学人品不错，征个物理系的朋友啦。
2 | Pictures | 78 | constitutive | 一张XP用户感到有趣图片zz
3 | Girls | 69 | muyukangding | 兄弟郁闷惨了
4 | JobAndWork | 62 | kaxx | 上海的真实工资情况，给所有想去上海的参考
5 | Girls | 55 | JFAN | 想你想疯了!
6 | AlbumShow | 53 | wyvernwy | NND我是男的！
7 | Pictures | 41 | jack1225 | 泰国第一人妖,让大多数女生汗颜:)
8 | D_EE | 37 | yeyingxian | 祝贺我系同学在大学生电子设计竞赛取得佳绩
9 | S_Law | 26 | 6711621 | 美女芳，辉煌~~飞黄
10 | WorldFootball | 15 | petit | INTER新人老将齐亮相
