1 | D_Computer | 137 | shinexu | [转载]
2 | Pictures | 118 | freshlobstor | 中国人的智慧令人震惊[Z]!
3 | Basketball | 101 | adsoldier | 噩耗!央视又要开始毁《灌篮高手》了！！
4 | Pictures | 95 | lhy87650 | [转]MM&GG最佳身高配比
5 | WorldFootball | 69 | iceandwolf | 请问马拉多纳凭什么，称之为球王，！！
6 | Volunteer | 62 | sunyining | 牢记荣辱，喜迎校庆！
7 | NJUExpress | 55 | zyjhaha | ★八荣八耻教育走进卫星学校★
8 | SPA | 54 | hmily0428 | 心协讲座，带你感受杨利伟们的心理训练
9 | AlbumShow | 38 | loveyanzi | loveyanzi
10 | AlbumShow | 33 | eleven | 如果有来世，请让我继续做你们的宝贝*^^*
