1 | Girls | 165 | retulip | 又发照片咯~!!!
2 | Girls | 157 | ymm | 在孤单的时候你会想起谁？
3 | Basketball | 69 | TopGun1985 | 科比单节砍30分
4 | WorldFootball | 49 | baozhilin | 中国要申办2014年世界杯？？？
5 | S_Medicine | 48 | shuiyun0909 | 狭路相逢勇者胜－－写在小组赛后
6 | S_Geography | 47 | allen1111 | 队长日记:兵不血刃,小组出线~~~~
7 | D_EarthScience | 46 | gaojun | 赵良博士论文答辩会，欢迎参加!
8 | M_GraduateUnion | 42 | NDYHSTB | *社团文化活动体验日*第一弹――跆协出击
9 | M_GraduateUnion | 33 | NDYHSTB | 【研究生学术文化节】之“社团文化活动体验日”
10 | S_Environment | 33 | ceazerfe | 热烈庆祝环院篮球队战胜数学以小组第一出线～
