1 | D_Information | 98 | wuyuanzhe | 01信管第一人,祝福...^_^
2 | WorldFootball | 97 | iKAKA | 罗纳尔多开始变得可怕了！
3 | NJUExpress | 87 | zhaolinger | 南京某大学生在公交车上让座反被扇耳光
4 | WarAndPeace | 73 | Banny | 给同乡MM征男友,附(超级PP哦!)
5 | Pictures | 69 | eruca | 南京在广场举行人体艺术彩绘表演（组图）
6 | NJUExpress | 63 | walter85292 | 大家交流一下，看看自己多少马甲？
7 | D_Physics | 55 | walter85292 | 系里面有没有人马甲比我多的？
8 | Pictures | 51 | njuzhangqi | 河豚是这个样子的么？
9 | NJU_Youth | 43 | happyfruit | “青年生活状态报告”：《南大青年报》10月9日刊新�
10 | Girls | 29 | DongFangzhuo | 一个好友的问题（不知该怎么回答）
