1 | Girls | 127 | hughlee | 女朋友要你去和别人玩一夜情你去吗？
2 | Basketball | 52 | goldbigbird | Happy
3 | Basketball | 44 | KobeBryant8 | 明天只要中国赢了就出线了
4 | Pictures | 38 | mlucky13 | 九寨黄龙归来,发pp风景照(小猫慎入)
5 | NJUExpress | 36 | Darcy007 | 刘
6 | Pictures | 32 | ppsnail | 美丽是需要付出代价（图文）
7 | D_Atmosphere | 27 | winding | say
8 | Girls | 20 | xmjllc | 爱上一个人的8个预兆
9 | NJUExpress | 19 | changjiang66 | 31岁华裔天才获数学界“诺贝尔奖”
10 | WorldFootball | 17 | Gates | 巴萨有意购买巴西天才妖人安德森
