1 | WorldFootball | 110 | Robinho | 马拉多纳还是比罗纳尔多差点!
2 | Girls | 94 | qjqh1 | 难道没有人相信爱情了吗？？？
3 | NJUExpress | 87 | zerosen | 科大招生论坛：南大培养中学老师，丢人
4 | NJUExpress | 70 | baiyulou | 驳南大学生见死不救忍看朋辈成新鬼
5 | D_EarthScience | 57 | pabulum | *****预祝喻永祥、王晶晶答辩顺利*****
6 | Pictures | 54 | luowei1013 | 曾经有一份真挚的感情摆在我面前……
7 | Pictures | 51 | softsugar | 重温周华健20周年经典演唱会（多图）
8 | S_Business | 39 | anotherD | 02工管黄山行（持续更新中）
9 | D_EE | 36 | Glacier | 毕业文化衫投票咯投票咯（修改版）
10 | D_EE | 30 | deliver | [通知]
