1 | Pictures | 102 | fighting | 古代的一两银子到底值多少人民币(图)zz
2 | AlbumShow | 79 | phoenix2006 | 错误的时间，错误的地点，更重要的是……
3 | Girls | 64 | greatgreat | 怎么办，真的喜欢上他了！
4 | Movies | 42 | QIYOUPIAOBO | 金城武不帅，谁帅～～～～～～～～
5 | Pictures | 38 | IMCZ67 | 毛和蒋的后代..................
6 | Movies | 26 | lvbaoshi | 谍中谍3观感
7 | WorldFootball | 25 | Hyoga | 兵工厂是豪门中最穷的吧！
8 | NJUExpress | 18 | xiaolong | ｝浦口暑期留校生活｛｛附图｝
9 | WorldFootball | 17 | toolbar | 维埃拉成为法国队新任队长
10 | PopMusic | 16 | PGF | 新金属------主唱:
