1 | NetResources | 186 | coolghost | 关于172.16.67.170退役的说明
2 | NJUExpress | 127 | AmartyaChang | ___浦口校车点B004号保安，你还要不要脸？___
3 | WarAndPeace | 107 | lf108946747 | [转载]
4 | S_Chemistry | 87 | perfectpet | 你后悔学化学么？
5 | Girls | 86 | Abbe | 请问：女生怎么界定“女朋友”的定义？万分感谢！
6 | WorldFootball | 65 | silverstone | 现在事实应该算出来了吧
7 | WorldFootball | 63 | threewind | 意大利人，农民式的狡猾！
8 | Movies | 39 | sky | 张伟平：《黄金甲》国内票房将轻取3亿
9 | Pictures | 29 | wongkang | [转载]
10 | Pictures | 20 | toolbar | 虐待重伤的陕西女孩陈晶晶(mm们就不要看了~)
