1 | Girls | 180 | cs2050 | 我GG有神经病
2 | Girls | 115 | pxx2 | 今天早上糗大了！
3 | Pictures | 95 | loudong | ：[分享]以同样的姿势在同样的地方拍照
4 | D_EarthScience | 59 | lhandzj | ●合唱比赛照片集之一
5 | M_StudentUnion | 51 | gpod | 南京大学2006年告别浦园文艺晚会
6 | S_Environment | 45 | craneswing | 环境规划与管理本科生答辩通知
7 | Pictures | 41 | reedoo | 这广告做的，一张都不懂
8 | D_UrbanRes | 33 | wandernju | 最后一件橙子文化衫（图）
9 | S_Journalism | 28 | winter927 | ******暑假社会实践招募成员******
10 | S_Environment | 27 | rock2001 | 热烈祝贺6位师兄师姐顺利通过毕业答辩！！！
