1 | JobAndWork | 113 | xinqingbuhao | 痛苦迷茫中……
2 | Girls | 99 | Grubby | 今天图书馆一个mm勾起我美好的回忆
3 | Pictures | 95 | jasminez | 借人气，忍痛赠小狗
4 | DongBei | 71 | illusion | 长春风光
5 | WorldFootball | 68 | muyun | 大家希望巴萨还是不莱梅晋级
6 | D_EE | 67 | ee05yh | 电子研究生会招贤通知
7 | Girls | 59 | danny82 | 穿黑色网袜是不是需要很大的勇气？
8 | D_Atmosphere | 56 | xiwa | ==大气科学系06级硕秋游－－古林公园烧烤==
9 | Basketball | 48 | 98084215 | zz科比笑看湖人二队射日迎开门红
10 | Pictures | 36 | clhggy | 复旦第一美女：号称非亿万富翁不嫁
