1 | Pictures | 100 | guanyinge | 转载：真正的人吃人社会！【多图】（胆小女生勿入）
2 | NJUExpress | 55 | jiezi02 | “眼球鼠标”发明者周辰被南大金陵学院破格录取
3 | Pictures | 52 | xqcchina | 樱桃小丸子的人物原型~~~~~~~~~惊叹！！！
4 | Girls | 49 | badboyphil | 【情感求助】这样的男人！我该继续爱还是放手？！（
5 | History | 48 | pdwsyz | 把孔子砸烂了
6 | Girls | 46 | littlecarp | 情人节来了，我们却分手了
7 | WarAndPeace | 19 | coldapple | 连连看啦，找找看哒
8 | WorldFootball | 19 | Aguero | 万一今年国米没卫冕,岂不要被吐沫淹死??
9 | NJUExpress | 19 | landscape | 我眼中的南大现状
10 | Movies | 18 | wzzj | 给最近看的电影打分，你觉得呢？
