1 | Girls | 196 | thei | 为极简单的一点小事跟mm闹分手
2 | Pictures | 150 | jsnjnd | 纪念七七事变69周年！
3 | NJUExpress | 133 | adolf0618 | 强烈抗议standup贬低南通教育
4 | WorldFootball | 105 | mycarlos | 世界第一左后卫---卡洛斯
5 | Girls | 63 | flyingsky | 男生应该偷偷知道的事
6 | Basketball | 60 | nomadic | 陈江华成名扣篮
7 | Pictures | 46 | badboyphil | 不扎辫子的女生们，小心了！！！
8 | AlbumShow | 44 | bormlala | 无聊中，继续晒美女的照片，表砸偶T_T
9 | NJUExpress | 38 | WHEREQG | 又是一个悲剧啊，秀才遇上兵！
10 | WorldFootball | 36 | jnzy | 喜欢小小罗的朋友进来顶
