1 | WorldFootball | 109 | zjfraul | [调查]谁是欧洲第一王者之师?
2 | Girls | 102 | gotope | 大家说遇到这种情况该怎么办啊？
3 | Pictures | 86 | outofbreath | 青岛路上,你还敢靠墙走吗???
4 | NJUExpress | 83 | njuzz | 西藏支教团在珠穆朗玛峰祝贺母校校庆
5 | Pictures | 72 | NeverEnd | 男女生寝室现状对比！
6 | Girls | 65 | Bubba | 致：所有聪明的女人!!!!(zz)
7 | WarAndPeace | 61 | ninjai | 真想好好谈次恋爱了
8 | History | 60 | 19820828 | 南大人啥时能排队买饭
9 | WorldFootball | 44 | kelvinyuhu | 七年zz
10 | D_Information | 28 | lh000 | 鼓楼2006.5.19.信管诸君
