1 | Finance | 132 | DarkWings | 相聚短暂，真情永恒――记02金融毕业聚餐
2 | AlbumShow | 104 | hawana840930 | 冒着被砸的危险~~~~秀个近照。。。
3 | NJUExpress | 83 | zxcfrank | 我累了，要离开南大了
4 | Pictures | 80 | 1234567890 | 真人版搞笑漫画（多图）
5 | NJUExpress | 55 | NJUers | 南京大学学生校友发展中心正式成立！
6 | Pictures | 51 | mengyunfei | 三岁卖艺女孩的风雨人生
7 | WorldFootball | 36 | NeverEnd | 今夏世界杯最易被高估球星top5
8 | Basketball | 33 | qwe132 | 您心目中的NBA总决赛决战队伍？
9 | History | 31 | njuluvi | 千古草包张学良
10 | AlbumShow | 24 | henshuibu | 乱发一气
