1 | Girls | 178 | xbz | 解惑:为什么有些MM不愿找在农村长大的GG
2 | Basketball | 80 | stormywaters | 输了47分
3 | WorldFootball | 71 | xiyu1212 | 伟大的国际米兰知识普及帖，一大堆记录啊
4 | NJUExpress | 68 | Mark1986 | 在浦口住了几天,忽然想问领导两个问题
5 | Basketball | 67 | Ashin | 看看中国队的统计！哎，不说什么了。。。
6 | Girls | 59 | ritahope | 和男朋友吵架了,前男友却又发来短信说对我是真心的.
7 | Movies | 58 | wing2004 | 疯狂的石头经典台词[zz]
8 | Pictures | 53 | elfiyang | 广电总局将查超女孙艺心"撩裙露底"事件
9 | Movies | 33 | jp911 | 《crash》确实很好看
10 | D_Computer | 16 | chenpengyu | 赴通州实践团照片
