1 | NJUExpress | 209 | nju201 | 南大男生为什么不绅士一点呢？
2 | Girls | 152 | fluea287 | 女生们怎么看待男生在教室蹭腿？
3 | Pictures | 151 | lovelvcha | 旧日印尼反华的血腥(胆小莫看)
4 | Pictures | 83 | ilxg | 贴几张我们的照片，请留情！别砸我！
5 | Girls | 79 | shflg | 难言之痛！各位兄弟是否有同感的？？？
6 | S_LifeScience | 74 | xiangsubing | 【01生科】聚餐照片
7 | NJUExpress | 68 | crystaljiang | 南大男生确实没有风度!不要争辩了!!
8 | PopMusic | 58 | mickeytse | 喜欢的梁咏琪的几首歌
9 | SCDA | 44 | SCDA | 【SCDA】大学生职业英语运动之跨越名企语言关
10 | D_Atmosphere | 30 | rongur | 硕士论文答辩
