1 | D_EE | 69 | zsq | 恭贺张杰※朱静新婚快乐！！！
2 | WorldFootball | 66 | zhuqiancheng | 阿根廷、德国实力比拼！
3 | Pictures | 62 | njunonlinear | 青年女子为讨薪
4 | WarAndPeace | 48 | jwwld | 离校前当回红娘---代征GG
5 | D_Maths | 42 | thisismygame | 小葱出品：写在告别
6 | Basketball | 38 | icyabing | zzMiles加盟火箭?
7 | WorldFootball | 33 | Rosemary | 米兰体育报今天的消息，仅做参考
8 | Girls | 30 | runqiu | 我八六的，却被小孩喊爷爷……
9 | NJUExpress | 22 | liouvillse | 请问650理科能上什么专业？
10 | SuperGirls | 21 | chemfox | ！！！恭喜刘悦晋级成都七强！！！大家继续投票支持
