1 | Girls | 158 | njuluvi | 昨天mm和我说――
2 | NJUExpress | 97 | gongsunce | 今天看到了令人愤慨的一幕！！
3 | Economics | 78 | lastchoice | 张二震教授接受人民日报独家专访
4 | Girls | 77 | 65903082 | 弱弱的问：第一次约女生一般去那里？
5 | D_Physics | 69 | walter85292 | [小白出品]03级课件（更新结构与物性8）
6 | FOOD | 61 | canterbury | 小饕小餮――威雀
7 | D_UrbanRes | 60 | YangDezhi | 06研秋游之王老虎抢亲之n个版本
8 | WorldFootball | 55 | Solskjaer | 贝克汉姆，今天你想家了么？z
9 | Pictures | 46 | lixidi1984 | 气质美如兰
10 | WarAndPeace | 46 | nju201 | 给姐姐征男友~附照片!!
