1 | WorldFootball | 57 | Chrace | 实在受不了叫米兰为AC～
2 | Basketball | 49 | mcbully | 火箭夺冠十种可能
3 | Pictures | 47 | aweng | 日本-江纱绫以小学6年生的身份成为《花花公子》的最
4 | Movies | 45 | Afreet | 昨晚看了《艺妓回忆录》，晕！！
5 | Girls | 41 | ZMB | 我生病了吗？
6 | WorldFootball | 36 | HuangJX | 中国人业余踢球最大的毛病
7 | History | 34 | xgwan | 斯大林人性之残竟越过了任何底线
8 | NJUExpress | 29 | rulebylaw | 【装载】女作家将冒死反抗强奸视为耻辱
9 | Movies | 29 | 1fan | 国产007中的“小喇叭”和“达文西”
10 | Pictures | 28 | XLCZ1 | zz南宁，大雨，汗....
