1 | Pictures | 135 | groundhog | 美日丢脸:中国政府已宣告钓鱼岛不得军演
2 | S_Journalism | 99 | daxiaoduo | 新闻传播学院研究生美女春游图！
3 | Girls | 67 | lostlostlost | 寻找黄昏时刻遇到的女孩！
4 | FOOD | 59 | cyoung | 昨天去吃金禾泰了。。。
5 | WorldFootball | 51 | fanmessi | 忍无可忍：向米兰开炮
6 | NJUExpress | 49 | zlzpqw | [转载]
7 | Abroad | 45 | bigbigpiggy | 我的offer合集
8 | Basketball | 40 | lizarazu3 | 阿联初登06选秀预测榜
9 | Pictures | 36 | ameng | 全班参观南京大屠杀纪念馆
10 | D_EarthScience | 28 | zhj1303 | 小型岩土学术沙龙
