1 | Girls | 175 | defanus | 关于选gg的苦恼！大家帮忙出出主意
2 | NJUExpress | 124 | eta13 | 愤怒了，学校门口的邮局太恶心了！！！
3 | TV | 99 | daycws | 琼瑶经典台词：看过不疯的请举手！ZZ
4 | Girls | 65 | miranda2003 | 我们是不是该分手了?
5 | Basketball | 64 | Napture | NBA公布11月份最佳球员
6 | Basketball | 55 | tottistar | NBA上月东西部最佳球员出炉
7 | S_Geography | 52 | 115116 | 地理学院“Super
8 | D_Materials | 36 | vitak | 贺二帅物理sub满分
9 | M_GraduateUnion | 34 | YHGF | 【研究生学术文化节】“趣味汽车知识竞赛”比赛即将
10 | S_LifeScience | 29 | biogra | 篮球赛战报：篮球队力克工管，全胜战绩晋级
