1 | Pictures | 100 | AegeanHeart | 儿子就快两个月了，发图记念
2 | Girls | 92 | gagaZH | 异地恋是这样的吗？
3 | Girls | 67 | ppppp | 我的女朋友比一般女朋友厉害
4 | Pictures | 63 | mfongfong | zz中国人千年不变的长相,呵呵
5 | SPA | 35 | njuSPA | 南京大学学生心理协会2006新成员招聘公告
6 | Volunteer | 33 | melodyshare | ★共享有声世界★聋儿义工服务队志愿者招募了！
7 | WorldFootball | 28 | Hyoga | 轮到我了吧！
8 | XiNan | 25 | aby | 某日的盛况......
9 | Basketball | 22 | superswp | 火箭追逐Wells
10 | History | 19 | Dasein | 中日矛盾溯源
