1 | Girls | 143 | ofdn | 哪些系的女生绝对不能追?
2 | NJUExpress | 64 | storyer | "浦园惊现两通缉小猪回帖分析报告
3 | S_ForeignLang | 49 | bluebell999 | 06外院求职经验交流会圆满成功：）（附PP）
4 | D_Maths | 48 | thisismygame | 小葱出品：跟新闻的半决赛
5 | D_Computer | 44 | cjm1985 | [转载]
6 | D_Computer | 43 | ctrogernju | [02级毕业活动]之羽毛球活动表演赛
7 | M_League | 41 | stockhouse | 关于2006年暑期大学生社会实践团队（项目）申报工作
8 | Pictures | 40 | Leader | 南大还是很多美女的
9 | S_Software | 39 | 7Sea7 | 决赛？Oh，Yes！！！
10 | Basketball | 30 | mgmonk | 太阳双加时战胜快船,千钧一发,浴火重生！！！！！
