1 | NJUExpress | 176 | lilysky | 浦口恋爱与鼓楼恋爱的区别。
2 | FOOD | 74 | Eros | 创意早餐……三明治（非常营养版）
3 | M_GraduateUnion | 70 | NJUSports | 【研究生文化节之体育比赛】足球联赛之决赛预告
4 | Girls | 69 | lilysky | 用你的真心来抉择！（仅供boys做）
5 | LostToFind | 68 | qsheen | 寻相机
6 | NJUExpress | 67 | bigbigpig | 计算机系“郭海龙”同学募捐后续答谢活动
7 | E_Sports | 64 | MaldiniKaka | 狂热的祝贺南京大学首届魔兽院系杯商院获得冠军
8 | S_Business | 56 | addicter | 商学院研究生会“笑对职场”系列讲座第八期
9 | Pictures | 55 | FujiSyusuke | [十周年庆]贺百合十周年官方壁纸第一弹
10 | Volunteer | 52 | deodar | [南大青协]12月14日联手西部雏鹰助学义工联盟举办爱
