1 | NJUExpress | 182 | halfsummer | 痛斥陶2八楼朝北某男
2 | Pictures | 105 | eruca | 14国女兵谁最美，大家说说
3 | Abroad | 93 | danielfeng | Offer@Tulane,
4 | Girls | 65 | wildmouse | 为何总被女朋友骂
5 | HuaiAn | 58 | GESTGOD | ===【淮水安澜】・七狼会===
6 | BNGames | 44 | ashen | 推荐nick4961当版主
7 | Pictures | 40 | zss | zz实拍:香港街头让人感慨的一幕，全程竟只用了9分钟
8 | TV | 35 | deadstar | 创世纪:岑颖欣的三段爱情
9 | Girls | 29 | mayi001 | 是不是女生们基本上每天换一身衣服呀？
10 | PCGames | 25 | OmyGod | 暗黑破坏神很好玩么?不觉得~
