1 | NJUExpress | 208 | kiky | 刚才在广州路口开到的
2 | Pictures | 174 | yandd | 发现一个秘密就是:出现了'♡'~！！
3 | Pictures | 115 | antivirus | NB司机在广州路校门动手殴打门卫
4 | S_LifeScience | 103 | Ecoli | 看看我们实验室的杰作――心形电泳！
5 | WorldFootball | 84 | woyunsile | zz
6 | Girls | 60 | eonian | 虫虫对聊天室的思考
7 | WorldFootball | 60 | musicmelody | 马特拉齐还要被禁赛，也太倒霉了吧，又没有怎么样
8 | Movies | 45 | sky | 尼古拉斯.凯奇
9 | NJUExpress | 32 | SunnyboySXL | 强烈要求学校对于雷克萨斯车主大人事件做出完全的解
10 | Girls | 21 | ssszzzx | 听听“小姐”们怎么说扫黄（转自MOP，感叹）
