1 | Pictures | 215 | baleliang | [转载]
2 | WarAndPeace | 194 | woyouniuniu | ＊＊＊真心诚意征ＧＧ＊＊＊
3 | Girls | 123 | purple | 能接受一个整天像粘粘虫一样粘着你的男友吗?
4 | WarAndPeace | 114 | TNT1985 | 电子系一帅哥征女友，绝对诚心，附PP
5 | Pictures | 111 | Fameuse | ８０年代必玩的电子游戏……你玩过几个？（欢迎补充
6 | PopMusic | 63 | lucie | 王菲-----《旋木》
7 | Comic | 59 | wendiny | 热烈庆祝《一千零一夜》获得最佳原创cos奖！！！
8 | Girls | 52 | qllnju | 有一种自作多情
9 | WorldFootball | 37 | EsteeLauder | 好，决定把问题归纳起来，一起问
10 | ShanDong | 34 | leonid | ZT:
