1 | Girls | 117 | flyingaway | 问个问题,给个答案
2 | FOOD | 113 | hawana840930 | 有人喜欢芒果吗？
3 | Pictures | 104 | tottistar | zz无语：温总理坦然亲自撑伞
4 | TV | 81 | gongsunce | TVB最佳情侣奖我颁给他俩！！
5 | WorldFootball | 72 | petit | 舍瓦正式宣布告别AC米兰
6 | TV | 69 | mickeytse | 我的女孩
7 | Pictures | 58 | winterleave | [转载]
8 | NJUExpress | 55 | Annabelle | 很好的一个男生……
9 | Girls | 42 | champion | 问问mm
10 | NJUExpress | 37 | lostemple | 对小百合上对贫困生不让母亲进校门的评论的感想
