1 | Girls | 149 | cj99 | 今天我对一个漂亮女生说了一句暴寒的话！
2 | NJUExpress | 90 | wzq | 南大的某些女生们阿---为你们汗阿
3 | AlbumShow | 64 | scarecrowst | 第一次发照片，有点惊慌呵呵
4 | ShanDong | 58 | CtrlAltDel | 山东半岛核电群引发争议
5 | D_Computer | 56 | freezingmoon | 02计算机五小班北大楼毕业留影
6 | Pictures | 48 | orenge | [转载]
7 | D_EarthScience | 47 | lht | 预祝刘杰、索文斌师兄硕士毕业论文答辩顺利！
8 | NJUExpress | 47 | NJUers | 学生校友发展中心成立仪式特别报道!
9 | WorldFootball | 41 | whyMilan | zz意甲改革彻底颠覆传统
10 | Basketball | 40 | yxf760321 | 霍华德再破20分小牛过关
