1 | Girls | 229 | qxdwjy | 据说神都没法拒绝的一句话！
2 | M_League | 142 | twggl | 喜讯：南大“挑战杯”总成绩并列第一
3 | S_LifeScience | 86 | ningshuang | 小鱼的粉丝看进来了！
4 | S_LifeScience | 81 | 7239655 | 林老板的粉丝们注意了！！！
5 | Finance | 75 | finjamie | 通往顶尖金融机构之路――CFA协会南大宣讲会
6 | Pictures | 73 | abs300 | 最新网络气质红人灵湖MM
7 | S_Business | 72 | Nathenial | 斯密论坛63期
8 | Girls | 69 | qingfeng66 | 如何放下一段情,忘记一个人?
9 | TableTennis | 65 | NJUSports | 南京大学研究生“迎新杯”乒乓球公开赛开始报名啦！
10 | NJUExpress | 62 | elapse | 狂赞物理系吕春梅同学!!!
