1 | NJUExpress | 104 | landscape | 一个东大gg写的小文：东南大学没什么可牛B的
2 | AlbumShow | 73 | softsugar | 偶的旗袍照(第一次发pp,轻砸)
3 | AlbumShow | 71 | Spitfirezp | 我们的结婚照片
4 | WorldFootball | 58 | DongFangzhuo | zz[公告]
5 | Girls | 55 | OneChinese | 最怕我老婆对我说的三句话。。。
6 | NJUExpress | 51 | vividsky | TO
7 | Girls | 44 | duckhjb | 面对超级美女，是否应该走开？？
8 | Basketball | 37 | wuyouchen | 今天在龙江宠物店遇到唐正东
9 | Movies | 33 | lingerer | 几部最近看的电影
10 | WorldFootball | 31 | godtang | 维埃拉建议国际米兰复制法国中场
