1 | Girls | 112 | liyao1980 | 文章比较长，不过绝对精品
2 | WarAndPeace | 59 | essier | 众里寻她千百度，蓦然回首…….（代友发帖，附照片�
3 | NJUExpress | 44 | qiuyuwutong | 去年应聘苏宁的经历让我鄙视这个企业
4 | WorldFootball | 41 | bmw007 | 国米说自己很诚实,全世界的骗子笑了...
5 | WorldFootball | 36 | regulus | 英超-吉格斯单刀致胜
6 | Pictures | 32 | ShuiMuMM | 重庆美景（多图）
7 | sysop | 29 | BBSADM | [公告]
8 | Pictures | 27 | adamyoung | 刘德华在日本做了一件惊天动的大事
9 | History | 22 | lovelvcha | 转载:毛泽东：20世纪六七十年代中国大陆首富
10 | Photography | 18 | afu915 | 用D200+18-200vr拍的几张片子
