1 | WorldFootball | 33 | qbshui | GG:再见!
2 | Pictures | 23 | yueying117 | 发现自己长的还不算对不起大家
3 | WorldFootball | 17 | meloveme | 现在觉得inter该补充哪个位置呢？
4 | NJUExpress | 14 | winsca | 大家知道这个要成“百万富翁”的南邮的学生么？
5 | Girls | 13 | wzy02 | 我和女友关于买房上的分歧，闹不开心了！
6 | AlbumShow | 9 | nnndddvvv | [转载]
7 | NJUExpress | 8 | yaanko | 上海小女生之丑态
8 | Girls | 8 | Hyoga | z前女友用菜刀逼我结了婚
9 | Pictures | 8 | 3838438 | 人人都爱金城武――刚刚上传失败了：）
10 | Swimming | 6 | sweetapple | 蛙王healing教我游泳哦～～～
