1 | Girls | 140 | kobeli | 如果你的男朋友在一年后
2 | Pictures | 87 | cokeaa | 细览全国各地的第一美女
3 | M_GraduateUnion | 83 | yhwhb | 吴玉霞琵琶演奏会精彩回顾！
4 | Girls | 68 | snower | GG同时拿了趋势和微软，该怎么选？
5 | Boys | 67 | lemon901 | fengyidai致marsnobel
6 | NJUExpress | 61 | wcjchina | 南京大学推理协会首次招新，欢迎捧场
7 | Skating | 54 | oigogo | 轮滑协会新一轮招新开始了~
8 | Pictures | 37 | nnju007 | 周慧敏销魂低胸装
9 | Basketball | 32 | ILM | Jazz
10 | WorldFootball | 28 | nnndddvvv | 意乙-皮耶罗首开纪录
