1 | Pictures | 96 | netshell | 谁还记得白眉大侠？
2 | Pictures | 93 | vraiment | 南宁女孩情感破裂
3 | M_GraduateUnion | 83 | beside | 【卡乐门】南京大学
4 | WarAndPeace | 83 | zhangjiajia | 我是“抛男”，还有人要吗？？
5 | S_LifeScience | 56 | xuelan | 祝宿舍两MM生日快乐！
6 | M_StudentUnion | 56 | andy51b | 宿舍楹联征集活动最终结果及领奖通知
7 | MSTClub | 49 | lily0219 | 祝静静[580]生日快乐，同时祝福俱乐部：）
8 | WorldFootball | 46 | toolbar | 零失球
9 | D_EE | 44 | yuzhong | ee02－－毕业旅游之双溪漂流（1）
10 | NJUExpress | 35 | shenxian | 急!大家都来帮帮忙!
