1 | Pictures | 116 | Great | 校园婚礼，大家给个建议吧
2 | Girls | 93 | salome | 大家有过梦魇吗？
3 | D_EE | 91 | ee05yh | 电子系元旦迎新晚会精彩图片
4 | S_Business | 59 | addicter | “笑对职场”系列讲座第十期
5 | S_Chemistry | 57 | 021792yt | 年终巨献
6 | S_Chemistry | 55 | pooq | 章老师在内蒙古给2003级全体同学的新年祝福
7 | Basketball | 45 | mgmonk | 太阳07年选秀欲补强内线
8 | NJUExpress | 42 | Great | 校园婚礼，大家给个建议吧
9 | PopMusic | 40 | pingya123 | 对于她的复出，我真的很遗憾....(原创).
10 | D_Atmosphere | 39 | windydq | 号外号外！热烈庆祝我们伟大的lll同学birthday
