1 | Girls | 100 | wyping | 爱，能走多远？
2 | TV | 72 | wutherings | 神雕在香港日本被迷得烫手，为啥内地有那么多人骂
3 | PartTimeJob | 60 | zhangls | 聘高三数学家教一名
4 | Pictures | 59 | gongsunce | Super超级无敌可爱的MM
5 | Girls | 45 | ZMB | 浦口与鼓楼mm比较
6 | Pictures | 38 | ak47ak74 | 惟妙惟肖大动物表情!好可爱哦!
7 | Basketball | 31 | zhanmo | 大家自己打篮球最喜欢哪个部分？得分，篮板，还是盖
8 | Joke | 20 | bobo8248259 | 笑死你不偿命哦！一定要看完噢！zz
9 | WorldFootball | 19 | Solskjaer | 十几年过去，吉格斯依旧能杀人z
10 | D_Physics | 12 | LesLieLotus | 山东基础学科宣讲-暑期物理社会实践[20P]
