1 | Pictures | 134 | njunonlinear | 湖北襄樊贪官落马引少女身亡谜案
2 | WorldFootball | 117 | fuhongxue | 忍无可忍:意大利真猥琐！！！
3 | Girls | 97 | alex111888 | 和别人的老公在床上的感觉！zz
4 | NJUExpress | 77 | abcx | 有关军训－－给我们民族的未来保留一点独立思考的能
5 | WorldFootball | 67 | Rosemary | FORZA
6 | Pictures | 59 | mescary | 吓死人的新款面包
7 | S_Chemistry | 55 | ztqabc | 刺杀方队风采（化院版）
8 | Girls | 55 | zonghengbh | 测试你的古代姓名（很好玩的说）
9 | PartTimeJob | 44 | lianke | 英语系硕士寻家教,10元/小时
10 | NJUExpress | 37 | necklace | 强烈要求南大自立会公布军训服装进货价！！！
