1 | AlbumShow | 104 | 1122 | 本校97数学系GG与01英语系MM的结婚照
2 | JobAndWork | 83 | monkeydry | 想问问上海月薪8000到底过什么样生活水平
3 | D_Maths | 73 | cxvv | 我是朱若青，已经结婚了，跟兄弟们通报下
4 | NJUExpress | 61 | mir3g | 单位同事眼中的南京大学
5 | Basketball | 45 | Hyoga | 几个分布图。
6 | WarAndPeace | 39 | micapsy | 可爱多多征ＧＧ
7 | JobAndWork | 31 | cellman | 北大校花毕业3年挣到1千万
8 | WorldFootball | 27 | nnndddvvv | 特雷泽盖下赛季还将效力尤文!
9 | WorldFootball | 27 | metrocar | 为马特拉奇在这次调查中受到的不公正待遇默哀！
10 | AlbumShow | 25 | 031053004 | 南大五人行―德国斯图加特全纪实
