1 | Movies | 89 | solomon101 | 2007你最想看哪部大片？
2 | Basketball | 81 | yxf760321 | 麦迪状态回勇，火箭主场大胜老鹰
3 | Girls | 73 | ZMB | 为什么女生有这种特权？
4 | FOOD | 71 | coastalocean | 兔子肉好吃吗？
5 | D_History | 62 | cruelduke | 【
6 | Girls | 59 | cherryboys | 说说我在图书馆见到的种种奇怪女生......
7 | Basketball | 46 | leveno | 麦迪爆发砍31分证明自己
8 | NJUExpress | 43 | lilian24 | 我是流氓了......
9 | Pictures | 37 | libra999 | 萨达姆是个狗熊，不是什么英雄！
10 | D_EE | 27 | yodasy | 【EE02庆|生|贴】恭喜路路又长一岁
