1 | Pictures | 42 | sliy | 藏在三维立体画里的秘密
2 | Abroad | 41 | leebrennan | ［ＳＡＣ］leebrennan的声学申请总结
3 | NJUExpress | 41 | groundhog | 比原子弹还凶狠的“专家建议”-说说为什么要炸大桥
4 | SCDA | 39 | SCDA | “BenQ-毕业留‘影’”照片征集大赛
5 | Basketball | 37 | duck2duck2 | 华丽的舞者・执着的菲尔・嗜血的斗士
6 | Pictures | 36 | luckybird | 【一鸡回忆录...昏倒】[组图]
7 | WorldFootball | 34 | Hyoga | 罪过罪过！该死该死！
8 | Girls | 29 | windist | 10个女人看了会火冒三丈的笑话(转载)
9 | NJUExpress | 27 | luxixi1988 | 怒了，真的怒了
10 | WorldFootball | 27 | markcn | 莫吉指定裁判电话内容曝光
