1 | Pictures | 86 | clyxz | 『转贴』在网络上难以看到的中国最感人的照片精粹
2 | Girls | 61 | Perfectist | 再也不爱有男朋友的女人
3 | Pictures | 47 | pingjing | 新白娘子传奇
4 | Basketball | 46 | coconut | 转老爷子几张滞空的照片
5 | Seasons | 44 | qye | 美剧ftp即将试运行，征集资料上传者
6 | NJUExpress | 37 | Simona | 也说自立会事件
7 | Girls | 29 | 123459718 | 这么大的人了，早上做了个梦，居然哭了！
8 | Basketball | 27 | abc123456789 | 火箭签帕吉特MM再添强援
9 | NJUExpress | 21 | zhuqiancheng | 南大要想把自己的名次提上去，只能合并南医、南农和
10 | WarAndPeace | 18 | ahl | 代友诚征mm（付证件照）
