1 | NJUExpress | 185 | caoyang333 | 我爱喝免费汤
2 | TV | 124 | HeiJi | 个人以为TVB最佳情侣应该是他俩！！
3 | WarAndPeace | 80 | gxfcissy | 养在深闺人未识~电子系倒数第二个的单身帅哥
4 | D_EarthScience | 79 | yeahon | 大家都来支持Superpig2k啊！
5 | Pictures | 78 | welsx | 荷枪实弹！高考试卷竟然是这样押送的
6 | NetResources | 74 | WilliamGates | 再见了，FTPer的生活
7 | Girls | 62 | fsms | 该不该接受这样的男生
8 | MSTClub | 56 | acmilanqq | 微软公司全球副总裁张亚勤博士即将访问南京大学
9 | NJUExpress | 37 | 4816 | 严重质疑某个南大学生的素质！
10 | S_Environment | 31 | ju317 | 6,7楼的通风橱什末时候可以用？
