1 | Girls | 58 | 031060004 | MM说我侮辱了她
2 | Girls | 52 | prettyaqq | 初二了
3 | NJUExpress | 42 | lily8888 | 看到春晚W族小朋友唱歌的时候，我下意识的捂住了钱�
4 | PopMusic | 36 | iorl0616 | 布兰妮剃成光头去刺青
5 | Seasons | 23 | aquariuszff | Grey竟然。。。
6 | Basketball | 23 | panjunnanda | 科比31分再夺全明星MVP
7 | NJUExpress | 18 | Malacca | 今年的春晚是历年最差的
8 | Basketball | 11 | firesnake | NBA
9 | Pictures | 11 | pigiron | 气球爆炸的瞬间（42图）
10 | History | 9 | duckhjb | 解开心理链条上死结：民众何以追随希特勒z
