1 | NJUExpress | 133 | mulian | 【转贴】成年人必看的六个故事教你学会做人！
2 | Basketball | 97 | canyu | 姚明最高分当全场最佳
3 | Pictures | 83 | NJUpreacher | 廿十年前的大学生，怀旧
4 | FOOD | 75 | Eros | 总要跨出那一步……DIY水果夹心裱花蛋糕
5 | Pictures | 73 | 452997869 | 漂亮MM照片背后的秘密
6 | JobAndWork | 57 | osso | 我02南大电子一小本，找了个1800的工作,^^
7 | Basketball | 45 | wutherings | 原来科比和麦蒂的区别就是一个打5节一个打3节
8 | M_GraduateUnion | 45 | yhkj | ★★英语角(EC)第一期活动图文回顾★★
9 | FOOD | 40 | qianying | 如果你符合其中的六条
10 | Volunteer | 36 | melodyshare | ★共享有声世界★聋儿义工服务队招募志愿者
