1 | Pictures | 118 | yueyue8216 | 曾经的一纸承诺-------宿舍PPMM靓丽婚纱照新鲜出炉,
2 | FOOD | 95 | LutherHead | 一个惊人的发现！！！！！！！
3 | JobAndWork | 91 | squareegg | 偶极其B4霸王面、霸王笔的人
4 | Pictures | 90 | hndsm | 华尔街出骑牛
5 | Girls | 80 | piaoxu | 鼓楼没有爱情
6 | Basketball | 69 | smallnokia | YAO:"你们把我说裁判的话写出去吧，我已经准备好了�
7 | D_Computer | 65 | peggy0722 | 10年前的青涩PP
8 | S_Chemistry | 63 | lonestar | 化院07硕学术交流活动：pink师兄谈科研的经验与方法
9 | History | 62 | gookbaby | 食堂小两口的对话，关于历史的，爆笑
10 | NJUExpress | 49 | updatingzhu | 亮图－－四院系联合户外拓展活动
