1 | Girls | 130 | LiuChuanMing | 今天甩了女友一巴掌.....
2 | Pictures | 81 | zhufei | 粉丝终见刘德华
3 | NJUExpress | 71 | qiqibaby | 电影《象牙塔・非塔》热招演员，期待你加盟！
4 | Basketball | 67 | mgmonk | 王治郅无疑是本赛季的CBA总决赛的MVP球员！！
5 | West_Volunteer | 60 | xjjiang | 三月镇江实习记
6 | Pictures | 59 | cclikeyou | ～～8种不合格的大便～～
7 | Basketball | 52 | PaladinJack | 美国打球口诀（原创）
8 | D_EE | 49 | modimbalance | 杰出青年科学家暨未来留日博士后吴博顺利飘过答辩会
9 | V_Suggestions | 45 | jintan | 关于仙林校区教职工商品房的有关说明
10 | E_Sports | 34 | hiter | 热烈祝贺DK战队成立！！！
