1 | JobAndWork | 212 | dana | 2007年快过去了，我还没找到工作
2 | S_Environment | 177 | 123456 | 热烈祝贺南京大学环境学院张全兴教授当选中国工程院
3 | Pictures | 134 | oracle1982 | 一个彪悍的女人---张斌妻子胡紫薇大闹CCTV
4 | FOOD | 100 | fish85611 | [转载]
5 | Pictures | 96 | LittleFOX | 朱孝天烤羊肉串
6 | S_LifeScience | 80 | biogra | 生科院迎新晚会PP&院徽设计大赛结果
7 | BNGames | 74 | ASASHI | 恭祝BNgames金童玉女永结同心！！
8 | Girls | 73 | Lsquall | 震撼！！！坐公车亲眼目睹猥琐男掏出一个MM得mimi
9 | D_Astronomy | 48 | styx | 欢乐之夜
10 | Girls | 43 | hoyden | 我喜欢的GG的标准很高吗？
