1 | D_EarthScience | 152 | earthday | 地学文化节之闭幕式暨文艺晚会（71P）
2 | FOOD | 112 | 89338093 | 自制草莓酱成功,特发贴庆祝
3 | Girls | 112 | liushui1985 | 奇怪了，南大的男生怎么喜欢不穿衣服乱跑？
4 | FOOD | 108 | afu915 | 这顿饭吃掉了5000元
5 | Pictures | 107 | Interforever | 国际米兰队庆祝第15次意甲冠军！
6 | Basketball | 106 | celebrity18 | 小艾真有人情味！
7 | Basketball | 105 | yxf760321 | 师徒大战老尼尔森获胜，勇士客场有惊无险屠牛
8 | TV | 87 | hsboy | 杨丞琳参加节目遭朱军冷落~~~
9 | Girls | 56 | mg0604023 | 南京某一女大学生与大款同居沦为生育工具
10 | M_GraduateUnion | 49 | yhkj | ★★EC分享系列之“语言学习策略”讲座回顾★★
