1 | Pictures | 141 | yeyingxian | 80后小夫妻的真实写照
2 | Girls | 114 | biaohan | MM说昨天晚上遇到流氓了。。
3 | Basketball | 108 | Fermions | ~火箭人~
4 | ShanDong | 74 | purplepink | 山东人真这么相似？
5 | Economics | 67 | stevencheung | 我晚了一年啊！！！
6 | FOOD | 66 | linda0324 | 908聚会厨艺比拼
7 | FOOD | 50 | zhxiuli05 | 来点好吃的～～（fb图图～～）
8 | S_Geography | 48 | UrGO | 地理学院运动会照片第二波----精彩依旧
9 | Pictures | 48 | zhangwei0213 | 商院足球队新球衣发布会！！！
10 | Basketball | 45 | zhouzhi | 球星们娱乐圈的亲兄弟
