1 | Pictures | 298 | kingwwz | 大家都来找同年同月同日生的有缘人吧...
2 | Girls | 146 | qlyseven | 男士们,流鼻血的季节到了!
3 | Pictures | 98 | sunnydong | 见过最全的明星全家福
4 | Basketball | 80 | Banny | 学校，请还我们篮球场！！！！
5 | Girls | 80 | liushui1985 | 11幢棍棍的寂寞
6 | NJUExpress | 62 | Spr | [转载]
7 | M_GraduateUnion | 55 | YHSJ | 气象日志愿活动照片新鲜出炉咯~~~
8 | SPA | 44 | wangdogman | 心协成立九周年纪念活动
9 | Basketball | 42 | LoveTracy | [转载]
10 | NJUExpress | 25 | 363445631 | 大家说说看!还有这样无耻的人!
