1 | FOOD | 168 | kikikiki | 昨晚去吃汉口路吃米线居然遇到gongsunce！！
2 | Pictures | 131 | eruca | 老太被城管踢至小便失禁
3 | Pictures | 104 | YHSJ | 他们，是否曾触动你心？
4 | S_SPM | 80 | SPM | 公共管理学院第一届欢送研究生毕业晚会即将开幕啦！
5 | M_GraduateUnion | 72 | YHSJ | [YHSJ]“520・南大”―爱・言行**你关注过他们么？
6 | WorldFootball | 70 | Berlusconi | 米兰球迷祝福球队专贴
7 | M_GraduateUnion | 60 | YHGF | 【研会公服】我最喜欢的后勤服务人员投票开始
8 | S_Business | 59 | jixinye | 花旗前高管--夏保罗先生演讲精彩回顾！
9 | Basketball | 58 | willl | 范甘迪摇身一变成休城叛徒:火箭比马刺还脏！
10 | FOOD | 57 | Lemon007 | 很Q的食物表情
