1 | Basketball | 142 | yxf760321 | 麦蒂状态神勇狂揽准50，火箭客场复仇取得连胜
2 | NJUExpress | 107 | softmatter | 今天早晨被人吃霸王餐
3 | S_Law | 95 | lawjzt | 法学院入场式精彩呈现
4 | FOOD | 93 | lampwick | 败家mm腐败记(*^__^*)
5 | Basketball | 90 | mgmonk | 火箭兵不血刃拿下爵士,继续高歌猛进中(有图)!
6 | Pictures | 86 | wangnju | 最高境界---笑到肚子疼!!!!
7 | Pictures | 86 | salad | 假如大学可以重新过一次，你会干什么？
8 | D_Physics | 77 | hearing | 物理系再次惊艳亮相48届校运动会【多图】
9 | NJUExpress | 64 | gogo1226 | 感谢大家这么辛苦来看《平衡》，请继续关注义卖
10 | D_Computer | 46 | cjm1985 | 研究生篮球赛计算机系首战告捷（pp）
