1 | Girls | 96 | nju0cj0 | 如果你20秒钟还看不懂这个短信的话，说明你还纯洁
2 | Basketball | 79 | songweiball | 94中国男篮黄金一代之巩晓彬（图片）
3 | FOOD | 66 | BigMango | 麻辣涮阿！！狼牙土豆阿！！炸香蕉阿！！
4 | Abroad | 62 | XRooney | [转载]
5 | M_GraduateUnion | 53 | yhkj | ★★EC参与系列二~~★★
6 | PopMusic | 48 | shangsphere | [转载]
7 | D_Atmosphere | 46 | shuyu11111 | Look,who's
8 | Basketball | 41 | ilyronger | 打造浦苑最强势的篮球理念！
9 | JobAndWork | 40 | xueshu | 工作与结婚：现在的女生现实的可怕
10 | Girls | 28 | xueshu | 女友让你掏钱买房，但房产证上写她一人名字，怎么办
