1 | NJUExpress | 245 | morningwind | 沉痛哀悼室友贡桂勇先生!
2 | Pictures | 148 | Westland | 这三个MM谁最漂亮？
3 | Girls | 87 | kikikiki | 我们几十年以后会死！会被烧成灰粉！不存在了！
4 | D_Computer | 67 | 03csgra | [毕业活动]篮球赛照片新鲜出炉啦，大家顶啊！
5 | Seasons | 44 | Unagi | 《越狱》演员家庭照
6 | FOOD | 44 | duckhjb | 肯德基，你到底要往可乐里兑多少冰？
7 | SPA | 40 | fleeting | “研究生学习压力与心理调适”专题讲座
8 | S_Chemistry | 40 | MyReturn | 请辞S_Chemistry版版副
9 | Abroad | 36 | meiqing | [Final
10 | S_Business | 29 | annasummer | 美国国家商会会长报告会通知（请求置顶）
