1 | Girls | 108 | babymao | 情人节一早，收到了男友得分手短信
2 | Pictures | 55 | aiqingmiao | 长这么恶心！！！还往百合上贴？？？有完没完！！！
3 | NJUExpress | 47 | solonglory | 紧急通告
4 | Girls | 45 | roca | 我们的第一个情人节，PP秀
5 | Basketball | 36 | heysky | 今天唯一一帖,发完过情人节去了~小议火箭
6 | Abroad | 32 | fairyyoung | [rej]BMG@UAB
7 | Basketball | 31 | bobofish | 唉,总感觉这笔交易不值
8 | WorldFootball | 29 | Gourcuff | 埃托奥炮轰里杰卡尔德小罗
9 | FOOD | 23 | roca | [转载]
10 | FOOD | 20 | character | 小黑狗老婆在家做的情人节晚餐
