1 | Pictures | 147 | andyliu3 | 热烈欢送中国铁娘子！敬仰！！！
2 | ID | 75 | TianCheng | 234567
3 | M_GraduateUnion | 62 | NJUSports | 【研会体育】研究生篮球联赛１０月２４日战报
4 | Pictures | 60 | yeyingxian | 80后，我们真的很无奈zz
5 | M_GraduateUnion | 58 | NJUSports | 【研会体育】研究生足球联赛第二轮战报
6 | Girls | 57 | qingquan | 人大女高材生征婚--北大男生回复
7 | FOOD | 43 | ad007 | 15种零食办公室瘦身好伙伴
8 | S_Environment | 41 | hitterinnju | 我院研究生篮球队首场告捷
9 | LinuxUnix | 26 | maxwell18 | OPEN本周四带你走近Linux!!!
10 | ID | 23 | magic0511 | 又被挤出前50了。。。。。
