1 | Pictures | 372 | exe | 豁出去了！发张本少爷最帅的图片！！
2 | S_Geography | 150 | allen1111 | [转载]
3 | Pictures | 95 | Saber | 中国的**――城管
4 | Abroad | 71 | aust0027 | [Offer]PlantSci@UConn
5 | Girls | 56 | phoenix2006 | SOS!高中同学向我mm发动总攻，并向我摊牌，怎么办？
6 | NJUExpress | 42 | LYQ | 日本人是这样记忆开根号的
7 | Abroad | 40 | Optimization | [转载]
8 | History | 40 | pxyhjp | 为什么学习美国就是卖国？
9 | Basketball | 33 | lixs1985 | 小唐力压姚明大巴当两双王
10 | Movies | 25 | jude | [合集]jude看电影
