1 | Girls | 137 | ChunQiu | 关于男生的审美眼光
2 | S_LifeScience | 95 | Edifier | 好像严涛
3 | M_GraduateUnion | 78 | YHHR | 【研会人资】研会内部混篮联谊赛多图报道
4 | Girls | 76 | snowwhite | 男朋友爱玩，你们觉得该管吗？
5 | Pictures | 72 | BLSDYG | 【转】忆香港电影的那些经典反派----男人不坏,女人�
6 | FOOD | 64 | mumu0445 | 煎饼……
7 | S_Law | 60 | qxs2004 | 李院长参加南京大学法学院上海校友会联谊会
8 | M_GraduateUnion | 60 | YHWLB | 南京大学研究生会网络技术服务小组成立啦～～～
9 | WorldFootball | 46 | AZahavi | 四个不招老师喜欢的学生被扔到一个小组
10 | S_LifeScience | 46 | zq1988 | 生科男排3比0拿下材料,挺进决赛!
