1 | Pictures | 84 | duckhjb | 三张图片告诉我们日本比我们强在哪儿……
2 | D_History | 72 | gemei | 历史系户外拓展PP^_^
3 | Girls | 65 | rock | 六年的感情，为什么会放弃
4 | S_Geography | 62 | sparkyx | 地理学院第二届Supershow晚会精彩图片
5 | M_GraduateUnion | 53 | YHGF | 【研会公服】口腔保健宣传活动成功举行！（多图）
6 | M_GraduateUnion | 47 | NJUSports | 【研会体育】研究生篮球联赛10月28日战报
7 | S_Geography | 47 | conanshao | 【老杨的微笑】祝贺我院击败种子队医学院，提前进入
8 | Pictures | 45 | Armagedden | ZZ：城市角落里的家（纪实组图）
9 | D_Physics | 41 | ilovephy | 物理学系2007年研究生学术论坛
10 | Girls | 30 | dugumeng | 喜欢上一个大我六岁的MBA学姐,我该怎么办?
