1 | PopMusic | 116 | MrAnderson | 今天是张雨生逝世10周年
2 | Basketball | 115 | tottistar | 姚明砍下34分创赛季新高
3 | Pictures | 99 | daisy03 | 071111，我们和浦苑有个约会
4 | Pictures | 87 | zycly | 中国最美的女大学生
5 | D_EE | 79 | eeyh | 不是一个人的战斗――电子男篮进四强！
6 | Girls | 68 | zhugg | 好人一生幸福――谢谢4舍一位女生
7 | M_League | 56 | spirit10 | [转载]
8 | S_Law | 44 | lawjzt | “律政之星”风采大赛预赛圆满成功
9 | M_GraduateUnion | 36 | NJUSports | 【研会体育】篮球联赛1112电子、物理晋级４强
10 | DotaAllstars | 34 | qapg | 隆重庆祝DotA版开张~~~
