1 | Girls | 162 | wzy621 | 还要继续表白吗？？？
2 | BodilyForm | 152 | travis004 | 我准备做断骨增高手术
3 | S_LifeScience | 114 | shannala1 | 生科女排――迟来的冠军，迟来的帖
4 | WorldFootball | 112 | tottistar | 我们是冠军！国米夺冠庆祝组图
5 | TV | 104 | danny82 | 六人行里六个主角你最不喜欢谁？(相对而言)
6 | Pictures | 85 | kissmyglass | 红山动物园归来晒漂亮ＰＰ（帅哥＋可爱的动物）
7 | Girls | 85 | 052505 | 浦口女生宿舍竟然有派发这种卡。。。
8 | Pictures | 77 | miyabi | 猫说，要有光
9 | S_Environment | 48 | roma7 | 5.27环院本科党员中山植物园活动PP新鲜出炉！
10 | GIS | 45 | fcjyy | 地图学与GIS系庆与晚宴，很多PP~大家顶噢
