1 | Girls | 193 | shuaigela | 怒了！还有这样的女生
2 | Movies | 112 | myth428 | ======梁朝伟六大经典眼神大搜查！！！！====（组图
3 | S_Law | 106 | lucyonly | 请求顶置：南京大学法学院获得第五届理律杯全国高校
4 | Pictures | 94 | ecotone | 第一次，我们如此感动如此纪念一个人zz
5 | S_LifeScience | 81 | wazyzyzy | 去看孟老师归来,收获惊爆pp哦
6 | WorldFootball | 77 | sh2o | 2008年欧洲杯决赛圈小组赛分组结果
7 | S_Chemistry | 73 | Redchem | 心中的花园――化院研究生迎新晚会
8 | Basketball | 66 | wadl | 麦蒂40分姚明首次被逐
9 | Basketball | 53 | tottistar | 姚明冲天一怒并非只向裁判
10 | NJUExpress | 50 | Organization | 【组织部】◆◆团声――电子杂志第二期◆◆
