1 | Girls | 137 | 49love | 一个情绪低落又睡不着的女生该怎么办？
2 | Pictures | 134 | verygood | 《士兵突击》――
3 | S_Chemistry | 65 | apachemz | ＃＃＃图片报道今日足球旗开得胜＃＃＃
4 | M_GraduateUnion | 58 | NJUSports | 【研会体育】研究生篮球联赛开幕式暨首日战报
5 | M_GraduateUnion | 48 | NJUSports | 【研会体育】研究生足球联赛开幕式暨首日战报
6 | S_Law | 46 | lawjzt | “学习十七大精神，为祖国强盛而奋斗”网络知识竞赛
7 | D_Computer | 41 | Graduate | 第一届“趋势杯”计算机系师生趣味运动会报名开始啦
8 | D_Computer | 41 | updatingzhu | 号外：小宝一剑封喉，系足首战告捷
9 | S_LifeScience | 40 | biogra | 研究生篮球联赛战报（第一号）
10 | SCDA | 36 | SAC | 【SCDA】SAC“留学家园”招新表格发放开始
