1 | FOOD | 118 | LYQ | 回学校后吃不下饭
2 | Pictures | 89 | tqy1z2y3 | [转载]
3 | Pictures | 79 | zycly | 章子怡低胸装与男友亲密亮相奥斯卡派对
4 | Girls | 75 | ericshawX | 对待女人的这种行为算犯法吗？
5 | Girls | 71 | xumingjun | 挂了挂了，没老婆讨了
6 | NJUExpress | 59 | szxj | [转载】谁是杀人凶手!一家七口小年夜含冤而死!
7 | WorldFootball | 53 | wuwuto | 舍甫琴科加入意大利国籍！（刚才新浪看到的）
8 | Abroad | 41 | WakingLion | [offer];
9 | S_Chemistry | 31 | cheeter | 今天11舍410的那个姓潘的...
10 | FOOD | 21 | xiaosmei | 土鸡汤，啊有人喜欢啊？
