1 | Pictures | 156 | eruca | 南京一高龄老人当街摔倒无人敢扶ｚｚ
2 | Girls | 90 | crystalblues | 死亡面前
3 | Pictures | 81 | mxd | 男人评价史上身材脸蛋最完美车模
4 | Girls | 65 | flytohang | 该不该说？
5 | WorldFootball | 52 | copperpea | C罗：7：1那场罗马有队员哀求我不要再过他了
6 | Basketball | 42 | heysky | 科比十一国庆不休息，拼命练球！大家也要加油！
7 | Movies | 39 | 061050081 | 【转帖】香港电影反派角色二十年
8 | FOOD | 38 | theodore | MM今天给我做的饭。。。。
9 | NJUExpress | 28 | willian77 | 南大与北大（转载）
10 | WorldFootball | 22 | moccacoffee | 接到朋友从德国发来的炫耀短信
