1 | LinuxUnix | 129 | SteamedFish | 想试试Linux吗？周五，我们为你安装
2 | Pictures | 78 | shuren | 世界上只有中国军人才敢在这种路上开车
3 | MSTClub | 77 | zaiyuan | “二十一世纪的计算”学术研讨会诚邀南大师生参加
4 | Pictures | 64 | baggiolu | 不帅不要钱：）
5 | History | 62 | 305590919 | 中学生国际奥赛金牌排行榜
6 | Basketball | 55 | LutherHead | 大家不要再对范秃落井下石了
7 | S_Law | 48 | lawjzt | 法学院十月大事记
8 | M_GraduateUnion | 48 | YHGF | 【研会公服】“食堂监督员”
9 | M_GraduateUnion | 44 | YHGF | 【研会公服】“爱心家园”志愿者招新！
10 | S_Environment | 38 | BYuan | 【讲座通知】报告人――Dr.
