1 | FOOD | 70 | Eros | 勤劳的GG……豆豉香煎鱼块＋红烧大排
2 | Girls | 68 | Leader | 女人真可怕
3 | Girls | 64 | ad007 | 【女生测试】测测你是什么味道的？
4 | Pictures | 63 | tota | 再回首，已十年
5 | Pictures | 53 | Lemucusonju | [转载]
6 | Basketball | 52 | Tottitaly | 加内特赛季新高力敌MVP
7 | Movies | 47 | tota | 十年，再回首
8 | Basketball | 45 | yxf760321 | 比赛过早进入垃圾时间，火箭主场轻松取胜
9 | WorldFootball | 35 | pigthree | 国米官员：罗尼是我们的卧底。。。
10 | Movies | 21 | PrincessD | ^古天乐、吴彦祖^是香港电影接棒人吗？
