1 | Physics | 129 | HigherQM2007 | 这还是不是相声?
2 | Pictures | 117 | Bluefairy | 新出炉的室友mm照片，嘿嘿
3 | Girls | 116 | wlxia | 有多少人相信迷信
4 | Basketball | 109 | vitak | zz姚明当选上周西部最佳紧追麦蒂步伐
5 | Pictures | 97 | phoenix2006 | 现在大学生怎么了？广西医科大男生挥刀自宫全裸跳楼
6 | NJUMUN | 81 | NJUMUN | 2007外交学院模拟联合国大赛我校代表团获佳绩(多PP)
7 | S_LifeScience | 61 | biogra | 热烈庆祝生科男篮挺进四强！
8 | NJUExpress | 56 | Graduate | 四院联合户外拓展活动报名开始啦
9 | M_GraduateUnion | 52 | yhwh | 【研会文化】第二届风采大赛火热报名中，敬请关注！
10 | M_GraduateUnion | 49 | NJUSports | 【研会体育】篮球联赛11月13日生科晋级4强
