1 | D_Astronomy | 139 | ppppzzzzxxxx | 上海天文台的贺信:校友史弦、尚�彝�学
2 | Pictures | 107 | mymars | [转载]嫦娥绕月成功那一刻:老科学家们热泪盈眶
3 | Movies | 103 | iversonw | 1997年过去了
4 | NJUExpress | 75 | Janus1988 | 为社团们说句话
5 | Basketball | 64 | ManuLover | 很多人什么心态
6 | M_GraduateUnion | 59 | yhwh | 南京大学第二届研究生风采大赛之歌唱之星、舞蹈之星
7 | S_Chemistry | 55 | flyfreely | 发蛋糕送朋友
8 | LianYunGang | 54 | bypast | 版聚啦
9 | Pictures | 52 | kazzy2008 | “下跪文化”，让人猝不及防地蹿红！
10 | Basketball | 33 | huanger | 今日输球总结！
