1 | Pictures | 141 | zmq | 李旭丹的黛玉试装照zz
2 | Basketball | 138 | yxf760321 | 姚明老大齐爆发，火箭客场胜太阳！！！
3 | Basketball | 126 | Invocation | 姚明大爆发弗老大全场闪耀
4 | FOOD | 114 | coastalocean | 最近吃的饭菜
5 | Girls | 74 | fengyu | 大一女生和研一女生
6 | FOOD | 73 | YHGF | "厨星秀艺，美味横行"第二届厨艺大赛开始报名啦
7 | M_GraduateUnion | 70 | yhwh | 【研会文化】第二届风采大赛海选精彩回顾
8 | M_League | 62 | YHSJ | 【研会实践】“爱心之星”评选报名开始啦！
9 | SCDA | 60 | friendsclub | 【SCDA】2007团队求职训练营第二期营员招募开始啦！
10 | M_GraduateUnion | 53 | NJUSports | 【研会体育】研究生篮球联赛决赛预告帖
