1 | Girls | 144 | liruoxiao | 这秘方该不该相信???我该不该吃????
2 | Girls | 139 | nightsoil | 为了mm希望大家帮忙顶一下
3 | Pictures | 103 | eruca | 组图:海归女冒充日本人北京街头戏弄无辜男性zz
4 | Pictures | 80 | elian | 日本的女生校服广告，猜谁是真正女的？？
5 | SCDA | 73 | SAC | SAC（易网留学俱乐部）“留学家园”火热招新
6 | NJUExpress | 65 | dogpie | 南大，想说爱你不容易
7 | M_GraduateUnion | 50 | yhkj | 〓〓南京大学英语角再次开张啦！〓〓
8 | D_EarthScience | 44 | chongsheng | 系内足球对抗PP！
9 | E_Sports | 43 | kuns | 【Attetion】第二届南大dota联赛预报名！
10 | FOOD | 27 | greatgreat | 一个懒人的晚餐~~~~
