1 | Basketball | 102 | yxf760321 | 科比再写历史连续四场50＋，湖人有惊无险取得四连胜
2 | Pictures | 83 | justfor | 我对“钉子户”的几点个人看法,
3 | Pictures | 58 | shannala1 | 超级搞笑的古装造型，经典之极（多图）如果满意请一
4 | Basketball | 50 | BigMango | 所谓专家又说团体，24号都要笑了
5 | NJUExpress | 50 | yongcheng | 宿舍有人打呼噜!你有这样的情况吗?
6 | M_GraduateUnion | 50 | YHBG | 【南京大学研究生会】招新公告
7 | D_Physics | 49 | ZIDANE10 | 黄金一代，王者归来
8 | NJUExpress | 48 | greenmelon | 怕的不是春寒料峭，怕的是人心冷漠――二食堂遭遇贼
9 | PopMusic | 46 | xingchi4862 | 就是喜欢庞龙
10 | M_GraduateUnion | 37 | yhkj | ★★英语角如期而至★★
