1 | Pictures | 136 | Saber | [人文系列]感动世界－－一个没有国籍的村庄(51P)
2 | Pictures | 117 | swbin | 它山之石――从全球部分高校看南大新主页构建
3 | Basketball | 101 | yxf760321 | 麦蒂下半场发飙，火箭客场成功屠牛！
4 | FOOD | 75 | lanhua | 坚强的鱼
5 | Girls | 72 | zhangjiajing | 现在的学生啊！
6 | NJUExpress | 63 | usul | 哭寻火车票！急．．．．．
7 | PopMusic | 60 | selise | 喜欢信乐团吗?
8 | Basketball | 57 | stephenshang | 麦蒂献31分穆大叔16篮板
9 | S_LifeScience | 43 | xiangsubing | 【01生科】欢送温柔可人之玫MM赴美利坚腐败图
10 | NJUExpress | 23 | ThELoStID | 南大果然是诚朴有余雄伟不足
