1 | Abroad | 128 | fantasy080 | 这条路真的好吗？
2 | Abroad | 91 | Amyblue | [offer]ACCESS@UCLA
3 | Pictures | 84 | htw | 汉中路地下煤气管爆炸，惨烈中
4 | NJUExpress | 71 | leezhiyi | 为什么南大男生都爱熬夜呢?
5 | FOOD | 67 | maotiantian | mm们都应该会做饭么？要是死活学不好呢
6 | History | 65 | duckhjb | 到底红楼梦最后剩下几个处女？！[转载]
7 | D_Computer | 61 | IEEE | 祝贺honshj又老了一岁！！
8 | Basketball | 50 | Hyoga | z全是天才――NBA史上得分超过60分球员一览表
9 | Movies | 50 | tale1001 | 《泰坦尼克号2：杰克归来》??
10 | Girls | 48 | sky1 | 受不了这样的人
