1 | Pictures | 255 | salim | [转载]
2 | NJUExpress | 174 | echo1203 | 南大的男生都是如此吗
3 | PopMusic | 114 | minhua | 《青花瓷》南大女声版
4 | GreatTurn | 105 | gjanice | 送给yuxin妹妹的歌...
5 | D_Atmosphere | 75 | muhan392 | 大懒猫同志的结婚照
6 | Girls | 71 | zhuchengfang | 17栋惊现形迹可疑中年男!!!
7 | JobAndWork | 66 | zd987 | 找工作前和现在的桌面背景zzZZ
8 | Volunteer | 55 | melodyshare | ★温情无价・真爱有声★高淳特校爱心助学系列活动
9 | NJUExpress | 51 | 320923 | 感谢信
10 | Girls | 44 | 514695 | 和MM没感觉了
