1 | NJUExpress | 95 | arsenalplay | 中科大好强大！！！
2 | FOOD | 81 | yvonneuk75 | 深夜，狂想念家里的海鲜小宴~~~
3 | Pictures | 77 | 15950451882 | 华仔的歌迷顶啊！华仔书法真棒！！
4 | Pictures | 70 | Franklin | [转载]
5 | Basketball | 58 | winding | 麦蒂凭什么号称球星啊
6 | M_GraduateUnion | 56 | yhkj | ★★EC英语角首期活动集锦★★
7 | S_Environment | 56 | 05hg | 05环规（本）欢乐乌镇行
8 | Stock | 50 | elechips | 荐股大赛第二期（071022-071026）
9 | SPA | 43 | SPAhotline | [转载]
10 | Basketball | 42 | xxx876 | 姚明低迷无碍弹药库爆炸
