1 | Girls | 224 | astron | 祝愿她一生幸福
2 | NJUExpress | 145 | kazzy2008 | 某些南大人该醒醒了
3 | JobAndWork | 145 | xuancao | 终于拿到第一个offer
4 | Girls | 116 | bigbigmouse | GG和MM之间平时都怎么称呼呢？
5 | Basketball | 105 | yxf760321 | 因为姚明，因为火箭，我已经变成了一个伪球迷！
6 | TV | 104 | azzurra | Ada要结婚啦
7 | Pictures | 100 | zhanshen | 赞一下我好心的mm
8 | S_LifeScience | 78 | cipher8 | [转载]
9 | Party_of_Killer | 71 | BoardOP | [公告]
10 | Basketball | 68 | LutherHead | 我们这种小人物是说不上话的！！！！！
