1 | Girls | 340 | 031060004 | 我家MM身体好了，我要履行我说过的话
2 | Pictures | 241 | Tonytony | 最近拍的写真...自己P的
3 | NJUExpress | 143 | NDYHSTB | 【研会社联】南京大学社团文化体验日
4 | D_EE | 118 | brightne | 恭贺我们宿舍毛大牛拿到NI
5 | JobAndWork | 111 | iamsunny | 怒了，某些南大同学请你讲讲诚信！！！
6 | Joke | 90 | nullTao | [ZT]
7 | Girls | 76 | kobeli | 中午gg的一句话
8 | S_LifeScience | 64 | behemoth | [转载]
9 | Basketball | 52 | zxyhsy | 麦迪是不幸的，科比是幸运的
10 | Pictures | 50 | chunbai | 某县委书记参加完17大回来了，场面暴壮观（居然从夜
