1 | S_Geography | 134 | hairun | 03GIS毕业旅行
2 | Girls | 127 | phoenix2006 | 图书馆回来有点晕头转向：好心被当驴肝肺！
3 | Pictures | 108 | ClareYe | [转载]
4 | S_Chemistry | 90 | scorpio3907 | 恶搞一下师兄
5 | NJUExpress | 81 | NDYHSTB | 【南雍古韵――南京大学“传统文化月”闭幕汇演】
6 | M_GraduateUnion | 80 | YHGF | 【研会公服】我最喜欢的后勤服务人员评选
7 | FuJian | 61 | tafeng | 五一版聚拥抱专题・内有lemon和神仙jj绝密靓照！
8 | M_GraduateUnion | 58 | YHGF | 【研会公服】“我的校园我做主”系列之“美食DIY”
9 | SCDA | 53 | SCDA | 【SCDA】求职六人行―团队求职经验分享会及营员招募
10 | Pictures | 51 | NJUMUN | “光大出国通杯”南大模拟联合国大会照片新鲜出炉
