1 | Girls | 431 | lovebear | 转：[神奇]测试：身边什么人会最疼你（男女通用）不
2 | Girls | 116 | kining | 姐弟恋的八大好处
3 | Pictures | 104 | Leverm | 范冰冰很漂亮吗？我怎么一点都不觉得~~
4 | Pictures | 102 | qulinlin | 邵逸夫老人百岁寿诞!
5 | Emprise | 82 | chiorange | 最高的不是独孤求败！！！是那个太监
6 | Movies | 56 | yvonneuk75 | 四大天王谁最会演戏？
7 | Basketball | 46 | gemen | 我觉得这样对麦子很不公平！
8 | E_Sports | 42 | onetime | WCG今晚就开始了!!!
9 | NJUExpress | 32 | htxm | 最近是不是蚊子特别多啊？
10 | Basketball | 21 | winding | 马里昂的投篮（图）
