1 | NJUExpress | 477 | capricon | 测试一下你的逻辑能力吧，南大自己的测试系统
2 | Pictures | 267 | willl | [转载]
3 | S_Environment | 207 | dewen | 黄老师的婚纱照
4 | NJUExpress | 129 | YHGF | 寻5月19日中午鼓楼广场一起交通事故的目击证人
5 | Piano | 120 | LyreLand | 5月31日鼓楼钢琴音乐会【正式节目单】
6 | D_Information | 95 | freezing | 我们毕业啦
7 | S_LifeScience | 93 | bxm0813 | 重大喜讯：当DP碰到MM~~~
8 | Pictures | 88 | berger2007 | 528校园毕业摇滚，上PP！
9 | S_MSE | 87 | Rodman | 庆祝公管－工管联队混篮进入决赛！
10 | D_Computer | 54 | skhy | 晒照片啦－－Hector相机中的松哥专场
