1 | Girls | 244 | 12332112321 | 最失意沮丧痛苦无助的时候,是什么帮你撑过去?
2 | Abroad | 95 | XRooney | ZZ难以置信：为什么中国的奢侈品在美国这么便宜
3 | FOOD | 73 | Eros | 献给结婚66周年的爷爷奶奶：蜜汁烤翅＋叉烧肉
4 | Pictures | 67 | greater | 强震袭击日本石川富山170余人伤亡
5 | Pictures | 61 | znanyan | 骑自行车环明城墙一日游圆满结束！
6 | M_GraduateUnion | 54 | yhkj | ★★EC第二期~~之地下茶吧版★★
7 | S_Geography | 53 | ipipip | to:02级城规班xx同学的公开信
8 | M_GraduateUnion | 48 | YHBG | 【南京大学研究生会】招新公告
9 | Girls | 37 | nju0cj0 | ●.●.
10 | NJUExpress | 24 | fulei986 | 转载：学风最好的六所大学
