1 | D_EE | 283 | RainCottage | 庄严、终身难忘的一刻――我的结婚照
2 | Pictures | 152 | plainriver | 小狗被浇汽油活活烧死
3 | Photography | 109 | baiyan2 | 祝贺周馨(naughtyrain)入选WPP荷赛大师班!!!
4 | Girls | 95 | Loveman | 没钱的男孩拿什么来恋爱？
5 | Girls | 89 | lxq812 | 在图书馆忍不住老盯着女生看是不是性骚扰
6 | Pictures | 77 | hubu99zjhw | 网上刚买的本本，开了封之后键盘居然是这样的
7 | D_History | 72 | zengjiazi | 【联赛第一波赛况】历史力克化院
8 | MSTClub | 65 | zaiyuan | 周志华老师讲座――《人工智能浅谈》
9 | Volleyball | 55 | NJUSports | 【研会体育部】电子系杯研究生混排联赛圆满结束
10 | S_Law | 54 | lovewgh | 南京大学“法学名家论坛”之孙宪忠教授篇
