1 | Pictures | 104 | icecoffee | 放假了，难得好天气，水洗电脑
2 | Basketball | 93 | duck2duck2 | Hey，跨过这道坎！【好久没写点了】
3 | S_Environment | 88 | VitaminC | 今天24岁，发帖纪念。。。
4 | FOOD | 79 | shrine | ◆五一吃食PP◆洗手作羹汤^^
5 | History | 74 | ark119 | 转：还历史本来面目，真实的北洋军阀是不卖国的
6 | SCDA | 65 | SCDA | 【SCDA】致毕业生的一封信
7 | NJUExpress | 65 | YHSJ | “520・南大”系列活动――爱・言行@@@@征集公告
8 | BNGames | 41 | nick4961 | [重要通知]请大家核对下自己的ID
9 | FOOD | 38 | cuier | 西湖归来发名菜
10 | Girls | 34 | laishi | 借人气“
