1 | Pictures | 187 | xieying | 晒十一在家的pp
2 | NJUExpress | 136 | seamouse | 评论中国78城市zz
3 | Pictures | 133 | wj2007 | 自己贴PP,恳请大家让mxd自己贴自拍！
4 | Girls | 119 | lhzys | 寻今晚（10月4日）东八舍一女生
5 | Girls | 81 | yeyeo | 她有男朋友，却和我相拥
6 | FOOD | 64 | beeloo | 偶lp做的日式炸虾
7 | NJUExpress | 64 | vivienne | zz这几个男生太伟大了。。。泪
8 | Movies | 62 | sunmuzi | 这个,是汤唯吧
9 | Emprise | 61 | maharishi | 其实最厉害的是杨过的儿子
10 | Basketball | 41 | over99046 | 他是篮球的BUG
