1 | S_Environment | 108 | wadl | 环院迎新晚会pp首映
2 | Pictures | 91 | animal1025 | 看看朋友剪过头发后是不是变漂亮了？
3 | Girls | 77 | Rengel | 男女最佳身高比例
4 | NJUExpress | 70 | lizie0482 | 女司机被强奸后（看完后请默哀1分钟)
5 | D_Physics | 66 | bearfly | 物理系2008迎新晚会照片放出
6 | Basketball | 59 | ilovejona | 16张珍稀全明星合照
7 | Pictures | 56 | bighead | 一个问题，我被弄昏了，不知道大家怎么想
8 | D_EE | 50 | 28719495 | [转载]
9 | S_Medicine | 49 | MedYH | 医学院元旦联欢晚会照片
10 | Girls | 48 | waitting | gg的妹妹当我的面坐在gg腿上。。。
