1 | Pictures | 105 | 47245 | 你是否支持重建圆明园??
2 | Movies | 75 | Lsquall | 揭密：电影里电话号码究竟能打向何方
3 | Pictures | 61 | skywind | 影响中国・2007年度人物脸谱
4 | S_LifeScience | 56 | thoth | 超级晚会之――绝对谐星（多pp）
5 | Girls | 56 | ambition | 你认为zui和mxd哪个更强大？
6 | GIS | 55 | Westland | 入行4年半，掏心窝谈谈ArcGIS和MapInfo
7 | WorldFootball | 50 | tiaolong213 | 不看好曼联夺冠
8 | Girls | 32 | pxyhjp | 如果你是我的女朋友~~~~~~~~~~~
9 | Basketball | 29 | wwl0727 | 姚明--够男人
10 | History | 26 | taoyaoyao | 我的一张大字报――毛主席万岁
