1 | Pictures | 267 | chrisdina | 看看你在金庸小说中是谁
2 | Basketball | 83 | tegrat | 软院凭什么打我师父
3 | BNGames | 75 | kuns | 第一时间发pp，大家顶
4 | NJUExpress | 74 | LEChina | 【2007LEChina】第一次集体活动照片秀！
5 | S_Chemistry | 63 | SilverIcy | ★"再见,我的校园"乐队专场音乐会★
6 | NJUExpress | 53 | windman | 一则真实的灵异的事件央视10套表示关注
7 | Pictures | 51 | X13 | zz芙蓉姐姐：我的歌词让人内心震撼~~~
8 | S_Environment | 42 | ndfafa | 清凉山南大环境学院06硕四大才子亮相
9 | FOOD | 39 | lifelife | 韩国料理里面那个甜甜的土豆
10 | S_Geography | 34 | fcjyy | Geoinformatics’
