1 | NJUExpress | 414 | xxw | 我校学生发生交通事故情况说明
2 | Basketball | 162 | yesuli | 螃蟹mm的pp！！
3 | DongBei | 150 | leon198517 | [募捐]老乡遭不幸，愿你我伸出援手
4 | Pictures | 122 | apachemz | ＃＃＃多图报道百合十年站庆晚会＃＃＃
5 | GuQin | 89 | rover | 弦歌南雍
6 | FOOD | 75 | passby | 大家说说鸡蛋到底是荤还是素阿？
7 | Pictures | 72 | emri | 空军战机坠毁
8 | S_Geography | 67 | LionGG | [转载]
9 | Abroad | 66 | Amyblue | [offer]bio@rutgers
10 | Basketball | 36 | blueallover | 悉数科比与乔丹12次PK
