1 | FOOD | 95 | elfi | 中国四大小吃,你吃过几种?
2 | Pictures | 71 | chenfenfei | 新做的韩国女人恶搞图片，诚邀ps搞手加盟：）
3 | NJUExpress | 67 | lab433 | 惨不忍睹的大学男生
4 | Abroad | 60 | lysuntree | [转载]
5 | TV | 55 | sesung | 看完流星花园，人生完整了……
6 | Abroad | 55 | missrose | 羡慕中.....
7 | TV | 51 | celianju | 调查：请问你一口作气看完一部很长的电视剧后要做什
8 | Girls | 49 | clavichord7 | 我该怎么办呢?学长说他要追我~~我们却从来没见过
9 | Basketball | 48 | heysky | 也许这是天意吧，所以大卫－斯特恩也这样安排！
10 | FOOD | 43 | Eros | 爱烘焙的理由……芝士面包＋不正宗肠粉
