1 | YangZhou | 83 | happyzzy9 | **【五亭烟雨】扬州版版聚通知**
2 | NJUExpress | 64 | majiamm | 神女再现
3 | M_GraduateUnion | 53 | NJUSports | 【研会体育】南京大学"大气-天文"杯研究生乒乓球赛�
4 | SPA | 50 | spaxinqiao | “关注边缘”《心桥》杂志义卖活动开始啦！
5 | Basketball | 49 | swain | 版内还有人觉得MD是个好球员吗？
6 | Pictures | 48 | sickbaby | 新闻联播4天推4新人.
7 | Girls | 48 | bananahan | 同学，你究竟想干什么？
8 | Pictures | 35 | titanzhang | 我是美女！！！
9 | NJUExpress | 33 | babypig | 抗议食堂还在卖鸡鸭
10 | Basketball | 30 | ch1027 | 致卖黑！！！
