1 | Pictures | 118 | ljqofphy | 我来自东北
2 | Pictures | 88 | tenyuan | [转载]
3 | V_Suggestions | 84 | nightreal | 请问校领导（98-03工作的青椒看过来）
4 | S_Business | 80 | buybao | 百宝网暨05国贸研党支部“爱心捐赠活动”马上要开始
5 | M_GraduateUnion | 79 | NJUSports | 【研会体育文化部】周末瑜伽图片精彩回放
6 | D_Computer | 78 | 03csgra | [毕业游玩]寻宝、水战和篝火晚会的精彩图图发布啦！
7 | SCDA | 76 | SCDA | 【SCDA】与可口可乐共创未来――求职与演讲系列讲座
8 | D_EE | 66 | ee05yh | 电子系－公管院联谊暨户外拓展活动多图报道！
9 | Volleyball | 62 | NJUSports | 【研会体育部】电子系杯混排416战报
10 | M_GraduateUnion | 53 | NJUculture | 【研会文化部】招募同伴教育活动骨干/主持人
