1 | Network | 150 | mflier | 质疑“网络信息中心没有对代理做任何限制”
2 | S_Chemistry | 131 | bigrice | 大米发婚纱照咯
3 | BNGames | 90 | nick4961 | 【CS】BN纪念衫初定稿！
4 | Girls | 90 | htzyy | 有没有到大四还没有主动追过女生的？
5 | Basketball | 87 | TracyMcGrady | 战友巴蒂尔的告白书
6 | NJUExpress | 83 | tx3721RTM | 暴走--从鼓楼到浦口
7 | NJUExpress | 68 | raining | 关于十八舍的噪音问题！！！！！！
8 | Girls | 63 | Leader | 女生们能不能接受这样的浪漫
9 | JobAndWork | 58 | mulian | 他没有面包，我也没有幸福
10 | FOOD | 35 | hsboy | 420自制火锅！！！湘辣香辣！！！（图）
