1 | Pictures | 157 | xjjiang | 28岁军官救跳江女牺牲
2 | FamilyLife | 124 | laputa | 千万里，我追寻着你~~~
3 | Seasons | 98 | yangyoung | 中国版T-bag~谁人可敌
4 | S_LifeScience | 69 | biogra | 生科男篮――就是爱你！
5 | Pictures | 66 | 19861223 | 福尔摩斯之“浦口臭水沟自行车事件”（多图!!!大家�
6 | Girls | 64 | haortx | 宿舍A和B闹不休~~哥们姐们救吾命唷~~
7 | Girls | 62 | starknight | 找女朋友，英文必须过关
8 | M_GraduateUnion | 61 | NJUSports | 【研会体育】研究生篮球联赛全明星篇！！！
9 | D_Information | 61 | missingyoyo | 信管天使，自助义卖-回复所有爱心与疑问
10 | NJUExpress | 47 | jboss | 支教纪实（民工、孩子、希望）
