1 | NJUExpress | 128 | kof2615 | 我眼中的南大
2 | Pictures | 94 | duckhjb | 曾扬言出兵中国的冈比亚
3 | Girls | 82 | shannala1 | 竟然有人没抽过筋,长这么大,今天才知道
4 | Girls | 74 | summerjoy | 想哭!
5 | Pictures | 68 | asianus | 国产品牌吉利的惹火车模（正宗国货）
6 | TV | 64 | loudong | TVB40年中20对经典银幕情侣(PP)
7 | NJUExpress | 49 | niefeng | 【全国高校古琴学术论坛】-
8 | M_GraduateUnion | 43 | YHSJ | [研会实践]“浓情美衣”主题文化衫设计大赛培训讲座
9 | Basketball | 38 | 421 | 到底是谁陷害了老大弗朗西斯？？？
10 | Basketball | 33 | xiaohu66 | 凯尔特人海神附体，8连胜笑傲联盟
