1 | S_LifeScience | 163 | 061140062 | 写给天堂的沈依
2 | Pictures | 92 | howe | 冠军杯-卡卡拔头筹
3 | Girls | 92 | amanimsx | 今天做了一件很混帐的事
4 | NJUExpress | 89 | sedge01 | 高校BBS第一BLOG高楼业已落成!2000层奇观!
5 | Girls | 78 | sgy575 | 初三女生深夜用床单结绳溜下会男友坠楼身亡
6 | WorldFootball | 69 | danny82 | 伊斯坦布尔之辱，我们来了
7 | NJUExpress | 69 | 061140062 | 写给天堂的沈依
8 | FOOD | 41 | avine | 纪念日的晚餐
9 | PopMusic | 34 | lijpbasin02 | 关于央视导演骂蔡依林
10 | WorldFootball | 30 | IkerIce | 还是我，那个祝福过米兰的曼联球迷
