1 | V_Suggestions | 182 | Mumu | 【通知】校长办公室关于寒假工作的通知
2 | D_Physics | 94 | GonneYeats | [转载]
3 | Pictures | 83 | hslyg | 央视主播抗议"故宫里的星巴克":糟蹋中国文化
4 | FOOD | 83 | threeear | 周末做的改良式香肠焖饭
5 | NJUExpress | 79 | celebrity18 | 林子大了什么鸟都有！
6 | History | 76 | wzh176 | 中共元老薄一波去世，享年98岁
7 | WorldFootball | 72 | pigthree | 德国天才代斯勒宣布退役
8 | Basketball | 53 | ronfreefly | 小牛主帅对火箭战绩不以为然
9 | Pictures | 49 | haige007 | 对酒的追求与生俱来
10 | S_Chemistry | 32 | apachemz | 06硕：介观考试下学期考
