1 | Abroad | 74 | WakingLion | [offer]
2 | Girls | 58 | pxyhjp | 终于问了美女，可是她居然是这样说
3 | Abroad | 45 | buwawa0080 | [offer]Molecular
4 | Girls | 36 | rush83 | ===MM口误经典====
5 | Basketball | 31 | shadow2004 | 得分大战麦蒂37分难救主
6 | WorldFootball | 28 | R99 | 布冯：我可以去任何地方，除了国际米兰
7 | Basketball | 27 | heysky | 湖人――暴风雨中的波澜不惊！
8 | WorldFootball | 26 | R99 | 皇马超市再开张，罗比鸟5折贱卖埃莫森白送～
9 | NJUExpress | 19 | watermonkey | 大学生远赴外地会女友
10 | NJUExpress | 18 | hopeless | 浦口流浪记2
