1 | NJUExpress | 121 | LLT | 放假时间学校何时给个说法呢？？？？？
2 | S_Chemistry | 109 | promisescome | 盛赞05硕赵耀，06硕何翠翠
3 | D_EE | 96 | flyingcat | 找老公就该找个学电子的！
4 | Girls | 86 | Springlover | 恳求大家帮忙找回我的订婚戒指
5 | FOOD | 83 | mousehuahua | 洋葱很好吃呀
6 | Basketball | 82 | yxf760321 | 野兽高分无奈麦蒂苏醒
7 | WorldFootball | 61 | wade19830613 | 意甲-阿德伊布建功
8 | FOOD | 44 | bluetea88 | 温暖的鱼汤
9 | Girls | 36 | Shanon | 上自习遇到pp女孩怎么办
10 | Basketball | 34 | hedgehog | [转载]后乔丹时代九大巨星，鲨鱼第一科比第七
