1 | Pictures | 66 | ymjiang | 我远在美国的外甥女
2 | Abroad | 64 | woman | 收到了最满意的offer
3 | Pictures | 53 | sunnyfish82 | 发好友婚纱照，也祝大家新学期快乐顺心：）
4 | PopMusic | 47 | zhouzhi | 大家说说自己的“最”吧~~~~~~
5 | FOOD | 42 | dan99 | 胃里面在烧
6 | Girls | 34 | linzhongyue | GG突然发信息问我:要是他养一只小母狗,叫什么名字好
7 | Basketball | 34 | kidd5 | 说下你自己的NBA模板~~
8 | Basketball | 28 | McJordan | [zz某自称资深的球迷]Jordan
9 | FOOD | 23 | zjz | ZZ:◆各地元宵花样汤圆大汇粹[多图]
10 | Abroad | 23 | leebrennan | [Rej]CEE@Princeton&[Ad]Music@Stanford
