1 | D_EE | 189 | youciren | 南大十年
2 | Pictures | 120 | Merlin | 开个小小的个人画展――庆祝自己担任版主
3 | S_Law | 73 | lawjzt | 宣传很牛，但“律政之星”更牛（多图）
4 | FOOD | 72 | xylan327 | 嘴吧惹祸嘴巴尝
5 | History | 64 | jessezbj | 张爱玲就是一有毛病的人
6 | Girls | 57 | zzealot | 这个gg太爽了！
7 | FOOD | 50 | smnmn | 自己尝试制作的食品~~：）
8 | Girls | 47 | KimJongIl | 为什么没有MM要求GG是党员的？
9 | M_GraduateUnion | 44 | YHBSB | 【“国学讲堂”第四期第一讲精彩回放】
10 | D_EE | 37 | BK2012 | 我觉得我们可以放心的离开了
