1 | NJUExpress | 186 | spguaibaobao | 今天考试的悲惨遭遇，真诚地请问同学。
2 | Girls | 159 | jcj | 分手了，何必再要做朋友~!
3 | Pictures | 136 | hawana840930 | 相爱5年---01GG+02MM婚纱真人兽^_^
4 | NJUExpress | 89 | wenwu1985 | 你最讨厌自习时遇上哪种人
5 | Girls | 72 | ttzhu | 第一次表白
6 | S_Law | 63 | NJUJM | 盛开的喜悦――法学院研究生2008年圣诞新年晚会
7 | Pictures | 53 | salad | 教你几招如何看透一个人
8 | Volunteer | 49 | sprite2200 | ★共享有声世界★[07.12.22-省残康]第三组第三次活�
9 | D_EE | 31 | huige1029 | 恭喜实验室mm拿到巴黎高科的AD！
10 | JobAndWork | 30 | schang | 文凭?学历?没有用的东西
