1 | Girls | 154 | BobSura | 为什么?为什么我们奋斗一生,最后终究难逃一死?!
2 | E_Sports | 151 | xiaoliu003 | [盖楼]祝贺sky和PJ在自己的项目上分别杀入决赛
3 | NJUExpress | 115 | reddust | 告南大同胞：一定要按时作息
4 | Basketball | 100 | jude | 夜深人静造个十大――是上帝？还是人？
5 | Pictures | 89 | welcome2008 | 什么人养什么狗
6 | F1 | 85 | Kimi | Kimi勇夺上海站冠军
7 | Movies | 84 | weiweiali | 十大耗资最昂贵的华语超级大烂烂烂片！！！(转载)
8 | Movies | 82 | jude | 夜深人静造个十大――男人越老越有男人味，演艺圈男
9 | Pictures | 69 | sprite2200 | 本人以为此帖可以十大
10 | FOOD | 63 | shuiqingqian | 今天要煮的超大对虾~~
