1 | NJUExpress | 256 | ttzhu | 抗议12月13日的南大南艺联谊晚会！
2 | Pictures | 239 | starskys10 | 十八岁以下勿入~进来你也未必能看懂，呵呵
3 | Pictures | 129 | reishion | 六大影帝抽烟的姿势,.你觉得谁最酷
4 | DII | 96 | kymleague | 温暖,因为爱的存在
5 | S_Business | 89 | shaoshuang | 07电商获商院羽毛球赛冠军~!!
6 | M_GraduateUnion | 45 | NJUSports | 【研会体育】“地理学院杯”校园定向越野赛周日即将
7 | JobAndWork | 44 | ChiHigh | 月亮之上
8 | DotaAllstars | 43 | MagicKAEDE | 这个月底或者元旦大家啊有兴趣版聚啊
9 | FOOD | 42 | Greenery | [转载]
10 | FOOD | 41 | qunqun | 热腾腾的小笼~爆笑创意
