1 | Pictures | 202 | davidfrela | 周总理犹豫再三才说出口的“特殊要求”
2 | D_Computer | 158 | 05njucs | 【感谢和祝福】郭海龙同学出院了！
3 | FOOD | 106 | echoandjack | 这个月的菜：酿豆腐，蛋塔，菠萝鸡，萝卜糕，锅贴，
4 | Pictures | 101 | lonelycoffee | 梦魇南京截图－1937
5 | Girls | 64 | 2sisterlove | gg的过去
6 | Movies | 58 | tota | 《黄金甲》出局奥斯卡最佳外语片
7 | Girls | 52 | phoenix2006 | mm的话让我欲言又止！我该怎么说出“分手”？
8 | S_Chemistry | 49 | 1248139 | 好幸福啊！化院MM心灵手巧！！
9 | Economics | 43 | adamsmith | 感动南大：经济学院与用人单位共建硕士工作站！
10 | Basketball | 41 | farawall | 怀念姚明！麦蒂狂砍45分无奈虎头蛇尾
