1 | Basketball | 168 | wadl | 易建联29分10篮板成就纪录之夜
2 | Pictures | 116 | 496839395 | 转载：关于＂六级门＂的真相
3 | Girls | 108 | ouyangke | 难道关心一下师妹也是错？那我就是一错再错．
4 | Girls | 87 | 20071223male | 回十大找人帖。你看看是不我
5 | Basketball | 86 | Tottitaly | 易建联改写02年姚明纪录
6 | S_SPM | 74 | SPM | “动感之夜”公共管理学院迎新晚会即将开幕啦！
7 | V_Suggestions | 70 | dawai | 大学外语部关于监考事情的回复
8 | Pictures | 68 | zydyidong | **风华绝代|王者归来**――魅力男星张瑞孺百合拉票�
9 | NJUExpress | 67 | newpoint | [转载]
10 | M_GraduateUnion | 62 | yhwh | 【研会文化】研究生风采大赛总决赛暨颁奖晚会预告
