1 | Girls | 203 | rock | 凌晨，最后一次拨那个熟悉的号码
2 | Girls | 142 | njllm | 要嫁就嫁理科男！！！
3 | Dance | 64 | leafandturf | 舞蹈爱好者协会免费交谊舞&街舞培训开始啦～
4 | D_Physics | 54 | lulucomer | 乒乓决赛物理惜败数学获得亚军
5 | Pictures | 51 | 580 | 转载：变态的日本食人宴
6 | D_Computer | 41 | cjm1985 | 【计算机系内篮球赛】研究生vs本科生（多图）
7 | D_Physics | 40 | feelinggod | 物理系第３０届运动会－－－牛啊！
8 | Pictures | 38 | hongyi01 | ＜士兵突击＞－－班长史今
9 | D_Computer | 37 | Graduate | 师生运动会分组出来啦!
10 | M_GraduateUnion | 36 | NJUSports | 【研会体育】研究生篮球联赛10月27日战报
