1 | FOOD | 89 | tigergxf | 海南归来晒美食啦！！
2 | Girls | 73 | bihg | 2007年10月31号要来了，恋爱两周年，发帖纪念
3 | NJUExpress | 66 | zhubajiety | 南大校歌你会唱吗？
4 | S_Business | 56 | SmithForum | 斯密论坛第80期-台湾与日本经济泡沫对当前大陆经济�
5 | D_Computer | 53 | freezy | [捷报]南京大学acm/icpc竞赛首战告捷
6 | Pictures | 50 | Hua | 多图，明星们不多见的小时候照片
7 | NJUExpress | 50 | wangcai | *****南京大学交响乐团招新*****
8 | Basketball | 49 | yxf760321 | NBA常规赛11月电视直播表（请求置顶）
9 | M_GraduateUnion | 45 | NJUSports | 【研会体育】研究生篮球联赛10月30战报
10 | History | 37 | mofeng | 大国伐谋，罕见的国际分析强文
