1 | Girls | 186 | qinlouyue | 自己傻傻的想法
2 | Pictures | 161 | hylhyl2002 | 心痛,一个被割掉了舌头的流浪儿童(多图)
3 | NJUExpress | 125 | yujiatun | 教室里，还有谁会把手机调成振动！！！
4 | Pictures | 115 | 452997869 | 猥琐男代言“笔记本”
5 | NJUExpress | 81 | sf365 | QQ珊瑚虫版作者被捕！！有多少人用过？
6 | S_Geography | 67 | UrGO | 地理学院第二届运动会精彩照片(不断更新中)
7 | S_Law | 65 | lunar0228 | 下个周末，和我们一起去龙王山烧烤吧
8 | S_Environment | 56 | wadl | 无处不在的环院ＳＬ－６
9 | Basketball | 29 | RickAdelmann | 四成球迷认为火箭能破纪录
10 | Basketball | 25 | 1000753 | NBA现役5大杀手
