1 | Fashion | 158 | xiaoxiaojia | [转载]
2 | Pictures | 134 | greater | 肢残盲妇乞讨八年替亡夫还国家贷款
3 | V_Suggestions | 95 | antivirus | 建议学校申报【地铁珠江路】冠名权！
4 | S_Business | 67 | YHWL | ^o^
5 | S_LifeScience | 67 | cipher8 | 生科男篮64比47胜物理，昂首挺进决赛！
6 | M_GraduateUnion | 62 | NJUSports | 【研会体育】研究生篮球联赛半决赛最新战报！！
7 | M_GraduateUnion | 57 | YHGF | [研会公服]
8 | Pictures | 56 | yade | 成都市政府新办公大楼
9 | S_LifeScience | 53 | biogra | 祝贺生科男篮挺进决赛（附比赛PP）
10 | S_SPM | 48 | 061064060 | 让心不再陌生――论与人沟通的魅力和技巧讲座
