1 | S_Chemistry | 333 | theodore | ♀LOVE♂
2 | S_LifeScience | 143 | angelbear | 恭喜焦瑞华老师生下“圣诞宝宝”！
3 | Movies | 105 | ipoversdh | 年底三部大片的启示
4 | JobAndWork | 73 | realism | 国家电网太腐败了，受不了了
5 | Pictures | 73 | sdtjc | 实拍农村血腥的杀猪场面(转帖)
6 | Girls | 72 | hunyuan | 俄罗斯研究称男性常讲脏话会致性功能紊乱
7 | S_Chemistry | 70 | sun8608 | 火线速递：化院迎新晚会PP集锦
8 | Pictures | 60 | 2004forever | 【烟灰文化】灰色的文化
9 | D_Sociology | 43 | vvvvvvvvvvv | “桃李
10 | NJUExpress | 41 | walter8529 | 南开十大强文
