1 | Pictures | 103 | phynju | [转载]触目惊胆！我们常吃的50种毒食品全曝光
2 | NJUExpress | 98 | angelhood | 今天我一气之下给了师兄两耳光，我是不是太过分了？
3 | Girls | 93 | swain | 女人的10大夜间禁忌（MM)必看
4 | S_LifeScience | 90 | 48803961 | 致命的邂逅
5 | FOOD | 76 | sunflower | ★小小厨娘★――周末餐桌
6 | Pictures | 73 | holidaysun | 1月，在黄山，看雪
7 | History | 67 | duckhjb | 丁玲:毛泽东要我给他开三宫六院（转载）
8 | NJUExpress | 62 | lf108946747 | 南大北园再现暴力
9 | Girls | 58 | linzhongyue | 深夜前GG发来消息:"我爱...你~".郁闷ing怎么办不让�
10 | FOOD | 28 | dianahuan | 紧急求助~！妈妈骨折了该吃些什么？
