1 | Abroad | 52 | physicist | [offer]
2 | Girls | 42 | zd987 | 男生和女生之间的哥们关系？
3 | WorldFootball | 27 | tottistar | 国米比赛观后感
4 | Girls | 27 | maweizhuo | 吓跑街头卖花小女孩的六大方法
5 | Movies | 23 | jude | 我看《爱情呼叫转移》
6 | NJUExpress | 21 | lkmguozili | 史上最强的句子：什么上联都能给对上！(转载)
7 | Abroad | 19 | egtwzgl | 报fellowship$8040@USF
8 | WorldFootball | 17 | Interforever | 威廉希尔欧冠夺冠赔率最新排行榜
9 | Pictures | 12 | popeye007 | 不同版本的企鹅互殴
10 | Basketball | 9 | wxing | zz
