1 | FOOD | 111 | shinning | 女人坚决不要做饭，不能沦为家庭妇女
2 | Girls | 105 | haortx | 其实十大的那女生情况满普遍，比如。。。
3 | Pictures | 83 | zczzcc | 南京某夜店里的自残性表演
4 | S_LifeScience | 70 | biogra | 赛吉杯生命科学学院院徽设计大赛投票启示
5 | West_Volunteer | 67 | sunyining | 西行路
6 | Pictures | 66 | About2Rain | 厚街爱高电子总厂发生罢
7 | NJUExpress | 64 | Organization | 【团委组织部】◆◆团声――电子杂志第二期◆◆
8 | M_GraduateUnion | 63 | yhwh | 【研会文化】第二届风采大赛晋级赛预告！
9 | M_GraduateUnion | 60 | llxxs | [研会博士]研会博士部户外拓展联谊活动开始报名啦！
10 | WorldFootball | 57 | RaulandVieri | 意甲-伊布两助攻国米客场2-0佛罗伦萨
