1 | NJUExpress | 315 | xinyuanzuo | 知名人士赵安中辞世！
2 | Girls | 108 | sealover | 我和老公有个约定
3 | Party_of_Killer | 85 | glue | 【云游幕府】侠客行
4 | Pictures | 71 | hsc | mop超搞笑漫画！长篇！
5 | Pictures | 63 | asd | 你猜你猜你猜猜猜！
6 | FOOD | 62 | starknight | 【DIY】胡子大叔便当
7 | Basketball | 58 | SkipToMyLou | KB火锅GIF
8 | D_Chinese | 57 | Alayas | ★★07博士紫金山秋游拓展（34PP）★★
9 | D_EE | 50 | eeyh | 【EE研会】秋游组图
10 | S_ForeignLang | 36 | jingw0803 | 结婚了，晒照片啦。大家祝福我吧。
