1 | NJUExpress | 186 | nancyxxm2 | 南大硕士创业被鬼欺
2 | Pictures | 148 | jiajiah | 一个女记者在东京的日子:日本归来，不再愤青(组图)
3 | D_EE | 126 | merrycat | 全体女生请注意
4 | Pictures | 89 | tache | 学校里的PPMM，偷发的哦；）
5 | NJUExpress | 60 | TIMIT | 明天晚上的心理学讲座!
6 | PopMusic | 58 | pia | zz杨丞琳又放屁!大骂大陆网友：素质太低
7 | DII | 45 | RedHawk | ★★AACI：首届长三角学生学术精英论坛报告会日程★
8 | M_GraduateUnion | 44 | YHBSB | 【
9 | WorldFootball | 38 | warrencool | 如果今年欧冠决赛是拜仁对曼联……
10 | WorldFootball | 38 | fuhongxue | z历史昭示红黑晋级率8%
