1 | Girls | 155 | qianying | 醒后不叠被子有益身体健康
2 | Pictures | 76 | zhanghongwei | 转载：南京一大学生9年换500部手机(图)
3 | TV | 69 | gongsunce | 3
4 | NJUExpress | 61 | nicetiantian | 鼓楼的那位卖书架的男生
5 | WorldFootball | 60 | 7shevchenko | 大家来预测一下晋级的球队吧，看看谁比较准
6 | Basketball | 59 | superswp | 原创，欢迎归来,
7 | ID | 50 | alap | 今年的目标,四项均进入前300
8 | Pictures | 49 | forusonly | 想儿子了，贴照片
9 | WorldFootball | 46 | jiafeizhuxi | 没有理由不灭掉拜仁
10 | NJUExpress | 42 | Lindzen | 南京一名大学生9年换500部手机
