1 | NJUExpress | 112 | promisescome | 感谢昨晚大风时帮我的同学
2 | Basketball | 99 | JeffVanGundy | 篮球版最后一帖
3 | Girls | 97 | jiake | 各位MM要小心~
4 | Pictures | 92 | anfaye | 可人可鬼的个性女生，大家认识她嘛？
5 | NanTong | 90 | cherishrabit | 关于自己帖子的解释
6 | Basketball | 88 | inuyasha001 | 麦蒂黯然流泪坦言已尽全力：我从来没有想过放弃
7 | NJUExpress | 84 | ybchenjie | 鼓楼医院怎能如此不负责任？
8 | TV | 77 | abigailchen | 居然有人说他奶油◎_◎
9 | WorldFootball | 56 | BoardOP | [公告]
10 | Girls | 30 | wxyxw | 穿低腰裤的女人
