1 | NJUExpress | 91 | nightfire | 独家专访“书架GG”
2 | WorldFootball | 81 | 7shevchenko | 欧冠四强竞猜贴，看看谁能四场全中
3 | Pictures | 76 | biaox2005 | 宋慧乔在长沙～～～真的很PP（偶第一次发图，大家照
4 | Pictures | 56 | apollojane | 大家都谈谈对春晚太极表演的感想吧……
5 | Girls | 53 | pxyhjp | 昨天发现了MM的一个秘密，现在很不爽
6 | WorldFootball | 50 | pigthree | 皇马11年功勋巨星宣布离队
7 | PopMusic | 48 | ThELoStID | 张韶涵不如张含韵？！！
8 | Abroad | 45 | sophiedog | [offer]bio@CWRU
9 | FOOD | 40 | saltwater | 三八节fb古都鸳鸯记
10 | History | 25 | duckhjb | 二战狙击手排行榜[转]
