1 | Basketball | 120 | yxf760321 | 姚明关键时刻再显神威，火箭主场惊险取胜东部老大
2 | Pictures | 106 | zhengpeng | 武林周刊
3 | Abroad | 73 | micchey | [offer]IBiS@Northwestern
4 | D_Atmosphere | 65 | kevin77 | 今天是3-23世界气象日,大家快来顶帖啊!!!
5 | M_GraduateUnion | 64 | YHSJ | *世界气象日，爱心你我他*活动招募志愿者
6 | M_GraduateUnion | 63 | YHSJ | 外来工子弟学校2007年春季爱心支教活动征集志愿者
7 | Basketball | 63 | yxf760321 | [转载]
8 | Pictures | 54 | tsj | [转载]
9 | Network | 42 | white888 | ￥￥￥独门代理￥￥￥
10 | RedCross | 40 | yjsredcross | 【南大红会】南京大学红十字会研究生分会招新啦～！
