1 | Pictures | 180 | cyoung | 18舍一牛人的电脑
2 | Pictures | 164 | wangcongcong | 城管无坚不摧
3 | NJUExpress | 141 | heisemood | 面对南大人的耻辱，我怒了
4 | M_Logistic | 109 | imjude02 | 浦院七食惊现刷卡大盗(有图)
5 | WorldFootball | 77 | 0525070 | 我想为罗马和mu写点东西！
6 | Volleyball | 55 | NJUSports | 电子系杯研究生混排联赛第二日战况
7 | SCDA | 55 | SAC | 【SCDA】美国华尔街与中国学子的对话
8 | Girls | 51 | fgcmaster | 在这一刻，有多少人会平静如水？
9 | PopMusic | 47 | ubuntu | 【转帖】再谈罗大佑黄家驹和郑智化
10 | D_EE | 41 | ee05yh | 研究生联谊活动火热报名中
