1 | Basketball | 245 | yxf760321 | 火箭队主场翻盘险胜爵士，篮球版千人督战盛况空前
2 | AlbumShow | 240 | momentslove | 表白贴，大家轻砸，欢迎扔鲜花
3 | Movies | 196 | LiuChuanMing | 新消息：《柯南》大结局决定以电影作为结束！
4 | Basketball | 123 | ffriend | 火箭主场力克爵士
5 | Girls | 74 | meimei | 扬大大三女生一夜情后被分尸!!!
6 | NJUExpress | 66 | NDYHSTB | ★清泉石上流：南京大学传统文化月之―古琴雅集★
7 | Pictures | 56 | ronfreefly | [转载]
8 | NJUExpress | 48 | bigyes | 看铁老大如何强制兜售“动车组”车票！
9 | Seasons | 44 | adilinat | Susan何德何能……
10 | Pictures | 41 | fighting123 | 美丽的四月黄山
