1 | NJUExpress | 133 | windysun | 光天化日之下北教又现男bt！！！怒了
2 | Pictures | 129 | seasound | 同学病重，大家有没有好的办法（请顶置，不甚感激）
3 | Pictures | 64 | kissmyglass | 如果离开南京,你会分外想念南京(附大量精美PP和议论
4 | WorldFootball | 59 | Afreet | 意大利杯-国米进2球染2红
5 | NJU_Youth | 56 | happyfruit | 五百年,"玩票"的跨越:南大青年报5月17日刊精彩出炉
6 | M_GraduateUnion | 51 | NJUculture | 【研会文化部】南大南师联谊舞会欢迎大家参加
7 | SCDA | 45 | SCDA | 【SCDA】2007心路传承：“牛人”是怎样炼成的――管
8 | S_Chemistry | 38 | niudi | 化学猛男
9 | S_Business | 38 | buybao | 百宝巨献--反向拍卖
10 | D_Atmosphere | 36 | ziyilili | [转载]
