1 | Girls | 224 | imjm | 我还能原谅她和她结婚吗？
2 | PopMusic | 142 | oaks | 我最讨厌的八首歌
3 | Pictures | 106 | thelastsong | 喜欢王菲的请留下你名字的最后一个字
4 | S_Chemistry | 67 | pooq | 写给2003级
5 | D_EE | 66 | todaytomo | 【EE02庆生贴】英俊潇洒的青蛙王子
6 | Abroad | 66 | oceanography | 版上还有多少XDJM没拿到offer的
7 | FOOD | 61 | forMyLife | 【
8 | M_GraduateUnion | 55 | evasmart | 【第三期“国学讲堂”第一讲精彩回放】
9 | S_Chemistry | 52 | sunlightboy | 热烈祝贺05硕再夺院运会团体总分冠军[多图送上]
10 | S_Environment | 42 | publius | 03本茶话会掠影
