1 | Girls | 112 | beetle1984 | 这样的女生不会是南大的吧
2 | D_Philosophy | 105 | sslzjd | 共同走过――Our
3 | Pictures | 92 | choate | 文字组成的S.H.E的头像,大家看象不象!!!
4 | Dance | 89 | NJUculture | 【研会文化部】南大南师联谊舞会精彩PP
5 | NJUExpress | 82 | fannon | 强烈建议学校拆除3舍篮球场！
6 | Pictures | 69 | s222ss | 最后的警告，最后的机会！
7 | SCDA | 65 | SCDA | 【SCDA】致参加户外拓展的全体毕业生
8 | FOOD | 44 | aisdl28 | 【喜欢糍粑】
9 | S_Business | 39 | candylover | 商学院“笑对职场”――走进咨询业
10 | Girls | 37 | victorzhao | 我们实验室都是好同志啊，咋都没有女朋友呢？
