1 | Pictures | 166 | 1000753 | (转载)姐弟恋人隐居深山半个世纪
2 | JobAndWork | 131 | lalaso | 一边是老公
3 | Pictures | 108 | adayx | 男子一次性交103年寻呼费
4 | Girls | 97 | MarieCurie | 相信夫妻相这一说吗
5 | S_Journalism | 84 | 061050005 | 热烈祝贺新传男篮、男足双登王座！
6 | S_Geography | 79 | UrGO | 地理学院迎新晚会即将华丽登场！！！
7 | JobAndWork | 79 | 2022pan | 宿舍MM拿到SK的offer啦！！！
8 | FOOD | 79 | crystalmm | 盘点今天下午一个小时内吃的零食――恐怖阿~！
9 | S_Environment | 75 | hasakesiwei | 女篮颠峰对决，环院险胜商院（多ＰＰ）
10 | Girls | 51 | VaalHaai | MM前男友给她寄礼物,我该怎么办?
