1 | Abroad | 88 | perfectpoint | Physics@UCLA
2 | WorldFootball | 69 | pigthree | 希望国际米兰的兄弟保持冷静
3 | Girls | 59 | MacGrady | 购物奇遇
4 | Abroad | 52 | bigox343 | [AD]
5 | Seasons | 48 | gameover127 | 越狱中的华裔，我喜欢
6 | Pictures | 40 | maharishi | 春晚神秘白衣女子身份确认(组图)
7 | NJUExpress | 39 | Malacca | 也说书架ＧＧ――刚才去会了卖书架的ＧＧ
8 | WorldFootball | 38 | pigthree | 我对国米的一些看法
9 | Pictures | 37 | ad007 | [转载]
10 | FOOD | 35 | expressme | 二食堂有道菜很好吃
