1 | Basketball | 255 | yxf760321 | MM发威领衔上下半场进攻，火箭主场取得季后首赛胜利
2 | Girls | 151 | abs300 | 奇怪，南大的女生怎么穿着内衣乱跑？
3 | Movies | 131 | 861021 | 什么电影电视曾经让你流过泪？？？
4 | Basketball | 120 | inter624 | 麦蒂苏醒单节砍16分
5 | WorldFootball | 109 | pigthree | 马特拉齐两球
6 | Girls | 98 | LazyAquarius | 有多少ＭＭ今天陪ＧＧ看了火箭比赛？
7 | S_Business | 97 | lhh0917 | 06经济硕春游pp出炉啦～～～
8 | Pictures | 92 | adley | [转载]
9 | D_Computer | 82 | victoria1009 | 03毕业纪念衫终极版，由你决定
10 | M_GraduateUnion | 70 | evasmart | 【国学讲堂第三期学术报告会第四讲】
