1 | Pictures | 135 | 4derossi | 男人是这样上床的~~！！！！！
2 | FOOD | 129 | pingya123 | 你最讨厌吃什么东东???
3 | Movies | 76 | wade19830613 | 又发现星爷早期的一个配角
4 | Girls | 74 | 1269 | ?????怎么办,好痛恨男的
5 | D_EarthScience | 73 | earthday | 地学文化节之地学名人访谈（照片）
6 | D_History | 69 | liyihbsd | 感谢信（请所有看到此帖的朋友顶帖）
7 | M_GraduateUnion | 68 | YHGF | 【研会公服】服务标兵评选活动
8 | D_Information | 64 | linaw | 今天的篮球赛
9 | Movies | 46 | 12332112321 | 今天在gongsunce的BLOG中的重大发现！！
10 | Volleyball | 41 | NJUSports | 【研会体育部】电子系杯混排半决赛战报
