1 | NJUExpress | 124 | zyjhaha | 【毕业印记】徽杭古道八仙飘过
2 | Basketball | 118 | JeffVanGundy | 我的悔过书
3 | Pictures | 105 | mayi001 | 全国"校花"大赛十强诞生
4 | D_EarthScience | 100 | applepai | 03水文毕业探险pp
5 | Girls | 90 | fenglin2008 | 喜欢研究生姐姐怎么办?
6 | Girls | 78 | Sorbonne | 是不是南大眼镜男生也特喜欢跟同类MM在一起？
7 | Pictures | 53 | microphone | 五一节前和老婆去拍的结婚照,祝福我们吧
8 | NJUExpress | 52 | cxgnju | 求助：丢了正桶衣服！！
9 | History | 29 | xueshu | 若道中华国果亡，除非湖南人尽死
10 | FOOD | 25 | pettymenu | 新纪元外卖的包子好好吃啊，推荐
