1 | Girls | 106 | physicist | ***
2 | ShanDong | 78 | njcgy | 过年啦，吃水饺啦！！！
3 | Girls | 77 | elieen | 2007年的奇遇
4 | Pictures | 70 | tapdancer | 当红明星穿越时空入三国
5 | History | 52 | duckhjb | 外蒙古大呼拉尔正式提出“我要回归中国”！z
6 | Basketball | 51 | xxx876 | 美专家竟称姚明疑似巨人症:职业生涯不会延续太久
7 | FOOD | 48 | taro | 555，鱼刺塞牙缝里了怎么办？
8 | Basketball | 47 | wuspring | 这是送给螃蟹MM的新年礼物~
9 | FOOD | 36 | cary | 闯荡江湖――“风波庄”食记
10 | WorldFootball | 27 | chenliangjj | 埃托奥进转会名单
