1 | FOOD | 116 | Magicsue | 这么多MM心灵手巧，看来我嫁不出去了T_T
2 | JobAndWork | 97 | bcdef123 | 找不到工作的专业,还招这么多人干吗
3 | West_Volunteer | 96 | sunyining | 那一年的青春
4 | Pictures | 94 | afu915 | [转载]
5 | Pictures | 75 | njuluvi | 最新版百合四大傻
6 | S_LifeScience | 72 | nsfz | 【原创】寄语80后的生科兄弟们
7 | Volunteer | 68 | melodyshare | ★温情无价・真爱有声★高淳特校现场捐助报道
8 | S_Law | 53 | lunar0228 | 律政之星，法律人闪耀的舞台！
9 | M_GraduateUnion | 52 | YHGF | "厨星秀艺
10 | FOOD | 40 | jasmine1981 | 自制简易花生提子曲奇（PP）
