1 | FOOD | 123 | Aironly | 鼓楼食堂惨烈牛蛙事件
2 | Pictures | 102 | Elinking1234 | [转载]开宝来的凶悍夫妇狂殴拾荒男子
3 | Pictures | 89 | yeyingxian | 开开眼界，看看晋中农村婚宴都吃些啥
4 | S_Business | 59 | PoKer | 【笑对职场】之揭开成功简历的面纱,欢迎参加!
5 | SCDA | 58 | SCDA | 【SCDA】中国未来领导精英项目（CFL）演讲报告会
6 | FOOD | 58 | duckhjb | 学做可爱日式蛋包饭
7 | LinuxUnix | 52 | maxwell18 | OPEN带你周四相约小帽子!!!
8 | F1 | 45 | didihzd | 2007赛季第十七轮竞猜帖-！！！Final！！！
9 | S_Geography | 26 | T112 | 热烈祝贺我院同学闯入ESRI开发大赛决赛！
10 | S_Software | 24 | hengxin | 考研咨询（续）
