1 | Pictures | 144 | 2hangyu110 | 华人遭围攻，奋起反抗，组图。。。。。。。。。。。
2 | NJUExpress | 112 | fenQpink | ￥￥￥强烈抗议南京大学的作息时间！！！！！！！！
3 | S_LifeScience | 102 | spiderwoman | 向小鼠致敬！
4 | WorldFootball | 67 | huanghuzhi | 三个罗纳尔多你更喜欢哪一个？
5 | NJUExpress | 67 | NDYHSTB | 【
6 | Pictures | 67 | fenQpink | ￥￥￥强烈抗议南京大学的作息时间！！！！！！！！
7 | FOOD | 58 | aisdl28 | 【图】偶们做的特色菜【东北+湖南+贵州】
8 | FOOD | 43 | garfieldwu | 食堂以貌取人
9 | DII | 42 | RedHawk | ★★AACI:首届长三角学生学术精英论坛精彩图片★★
10 | S_LifeScience | 39 | Biology04A | 04生科大联谊－－暨春游中山植物园pp照
