1 | Pictures | 113 | maharishi | 对越自卫反击战
2 | NJUExpress | 81 | jansens | 85岁杨振宁使31岁翁帆怀孕了？
3 | FOOD | 59 | raphaellaw | [转载]
4 | Pictures | 53 | double2l | 杨振宁：20年内中国可得诺贝尔数学奖
5 | FOOD | 50 | devily | (*^__^*)
6 | Girls | 50 | fujuntiancai | 3、4舍篮球场之事，不再说什么了。
7 | D_Computer | 44 | wangyourong | EMC校园南京大学宣讲会期待您（10月18日）
8 | Girls | 44 | Atlantis | 有多少人愿意为了爱情放弃出国？
9 | D_Computer | 43 | hufangwei | 计算机系研究生羽毛球赛、乒乓球赛开始报名啦
10 | D_EE | 26 | fyang | fyang申请D_EE版版主
