1 | Girls | 151 | pxyhjp | 这种男人是不是很贱
2 | NJUExpress | 124 | gs08 | 女同胞们请注意了,昨晚在教学楼见一暴露狂
3 | D_Maths | 120 | leconte1 | 南大数学系，你这是怎么了
4 | D_Atmosphere | 89 | Dzhbl | 兄弟要结婚了，祝福他们啊！！
5 | Basketball | 85 | yxf760321 | MM发威火箭赢得客场背靠背，季后赛对爵士优势近在眼
6 | Girls | 62 | thairsh | 这是他为我做的最后一件事……
7 | Volleyball | 56 | NJUSports | “电子系杯”研究生混排联赛今日战况
8 | M_GraduateUnion | 52 | AXJY | 阳光之旅――爱心家园本学期活动记1
9 | M_GraduateUnion | 44 | NJUSports | 【南大研究生足协招新及本学期足球联赛的通知】
10 | Pictures | 32 | NeverEnd | 组图：重庆情侣结婚受阻绑手跳江
