1 | Pictures | 119 | Aguero | zz在央视上，看到史上最感人的颁奖动作！
2 | Girls | 78 | llgg | 终于，我对她说出了这句话……
3 | Girls | 67 | Lemucusonju | 老婆害喜，真的很舍不得！
4 | Pictures | 66 | michellezh | 高倍镜头下的美女女名星们，看了不要惊呼哦！
5 | Basketball | 63 | glg | 火箭99：69大胜开拓者，Tmac牛，（图文）
6 | D_Atmosphere | 52 | Missingkid | 祝楠姐**生*日*快*乐**
7 | Abroad | 46 | Effy | [offer]Physics@Boston
8 | NJUExpress | 45 | bluedoglion | 四川警方通报大竹县莱仕德酒店女员工死因(最新）
9 | Basketball | 41 | fiveears | 回：麦迪凭什么全明星首发，Reggie
10 | WorldFootball | 23 | Aguero | 木哈哈哈，8卦来了
