1 | Girls | 195 | 19831207 | 写在分手前
2 | NJUExpress | 87 | nju0cj0 | 精神病测试问卷一套
3 | TV | 70 | lixs1985 | 大家认为最好的国产情景喜剧是什么啊？
4 | Pictures | 59 | njmu | 呼吁大家一起讨饭食堂就餐的不合理的现象
5 | Pictures | 59 | greater | 顶级影星的“男扮女装”！！！你未必都见过
6 | WuShu | 56 | young | 杨式太极拳协会，且行且练招新中
7 | Basketball | 54 | GrantHill | 火箭追上爵士有什么用？
8 | Girls | 46 | michellezh | 姓名预测你的最佳恋人
9 | Basketball | 46 | kjg | 这就是我们的底薪大前-----查克-海耶斯
10 | S_Chemistry | 45 | lxiiy | 化院06级1班成功联谊法学院06级
