1 | Girls | 115 | HoneyMaggie | 喜欢抽烟的男生吗
2 | Pictures | 112 | coldsunmoon1 | 昔日童星现在的模样，变成凡人了（56p）
3 | Abroad | 109 | Percy | [转载]
4 | Basketball | 95 | yxf760321 | 夜已深，我难以入眠，你一定也是――给大写的YAO
5 | Pictures | 90 | ASASHI | 堕胎的时候，有什么事情发生？(尊重生命的人必看)挺
6 | D_Computer | 88 | updatingzhu | “温馨-CS”－计算机系迎新晚会PP秀（上）
7 | Basketball | 84 | yxf760321 | 路透社消息：火箭的交易计划
8 | D_Computer | 83 | updatingzhu | “温馨-CS”－计算机系迎新晚会PP秀（下）
9 | S_ForeignLang | 82 | lotus33 | 今天bob的讨论课很感人，很想哭
10 | M_GraduateUnion | 53 | yhwh | 【研会文化】研究生风采大赛总决赛魅力之星预告
