1 | FOOD | 119 | findyourway | 哈哈哈哈，笑死偶了。快来测测你的食物名字。
2 | WorldFootball | 74 | pigthree | 冠军杯-利物浦点球淘汰切尔西
3 | S_Chemistry | 70 | beesheva | 学士服PP
4 | Pictures | 67 | njnuboy001 | [转帖]天安门两女生的惊人之举！！！！！！
5 | Girls | 59 | 114480421 | 怎么办,MM
6 | Basketball | 55 | yxf760321 | 勇士客场险些翻盘，小牛赢得一线生机！
7 | Pictures | 54 | njnuboy001 | 一棵树就能叫你泪如雨下，不信进来看看！[转]
8 | Girls | 54 | cofactor | 喜欢会做饭的女孩子～
9 | WorldFootball | 44 | iGilardino | 我发誓这是我最后一次普及米兰的昵称
10 | JobAndWork | 37 | swing | 大小城市如何选择？
