1 | Girls | 180 | freefly | 测测文字功底：75分以下是文盲
2 | E_Sports | 146 | xiaoliu003 | sky虽败犹荣，我们为他献个迟到的礼物吧
3 | Movies | 103 | stevenmarble | 周星驰电影中的贱人
4 | Pictures | 86 | njuluvi | 不完全男女厕鉴别指南
5 | D_Physics | 83 | bearfly | 南大物理出现在WCG第一人
6 | NJUExpress | 80 | evergren | 南大有多大？（欢迎讨论）
7 | Movies | 79 | weiweiali | 大学电影4级考试,看你能否过关(转载)
8 | FOOD | 57 | Queen2Jack | 230腐败小记！！
9 | JobAndWork | 51 | Mars7 | 《2007南京大学校园招聘年度分析报告》
10 | TV | 42 | shannala1 | 有图为证,张纪中难道要走琼谣路线
