1 | Movies | 110 | lopiiosa | 《云水谣》真是超级无敌大烂片！
2 | TV | 86 | baidu100c | 排斥韩剧！相当讨厌！
3 | S_Chemistry | 67 | fluorescence | 致谢
4 | Pictures | 65 | dotMac | 苹果发布的新手机:iPhone
5 | FOOD | 65 | Connie1985 | 宿舍自制的南瓜包：）
6 | Girls | 56 | zerolj | 获得了工作却要失去爱情！哭。。。。。。
7 | Basketball | 49 | snowcpu | 麦蒂生活照，猛人原来是酷哥
8 | Pictures | 49 | glg | 【生命】女性人体受孕全程实拍（绝对让你惊叹!!!）
9 | History | 42 | duckhjb | 都知道回民不吃猪肉,了解原因的却不多[转载]
10 | WorldFootball | 38 | toolbar | 联赛杯-野兽发威独中四元
