1 | NJUExpress | 136 | violette | 邪教组织在校内活动
2 | Girls | 108 | Gabe | 拍艺术照就一定会红杏出墙？？？怒了！！！
3 | Pictures | 102 | 198582 | 世界上最美丽的王妃
4 | Pictures | 94 | babylong23 | 我们毕业了~~~~~！！！03日语谢师宴~~
5 | Dance | 84 | DAA | 舞协今晚在南师的热辣表演（多pp不断增加中）
6 | FOOD | 81 | HUOXING | 狮子桥的东北炖^_^
7 | Basketball | 71 | 0525070 | 原创――马刺迷向史蒂夫纳什和他的太阳致敬！
8 | ID | 66 | Afreet | 男人当如milanonly，我爱你only!
9 | NJUExpress | 49 | rainsunny | 电脑被偷了！！！
10 | Girls | 42 | lbt1985 | 这算不算有同性恋倾向？
