1 | Girls | 223 | MarieCurie | 追我六年的蓝颜知己现在有女朋友了
2 | JobAndWork | 176 | sunlustre | zz文凭就像圣衣
3 | D_EarthScience | 81 | ljwang | 迟到的婚纱照-祝福01地化小魏同学喜结连理
4 | FOOD | 68 | amico | 大家圣诞节想收到什么牌子的巧克力
5 | Pictures | 66 | woshishei | 今天在八食吃鸡腿竟然吃出血。。。。
6 | M_GraduateUnion | 66 | YHSJ | 【研会实践】文化衫设计大赛网上投票开始了
7 | M_GraduateUnion | 66 | yhwh | 【研会文化】研究生风采大赛决赛歌唱、舞蹈之星预告
8 | Girls | 53 | lisa025 | 我做了小姐~骂吧！
9 | Basketball | 43 | ilovejona | 真正的汉子--Alonzo
10 | Pictures | 27 | 47245 | 此四人旷世英雄！！
