1 | Girls | 157 | redpen | 【
2 | NJUExpress | 121 | meimingtang | 测测你能活到多少岁(仅以此文忠告大家注意身体)
3 | FOOD | 88 | qqtovivi | 女生酒量一般多少？
4 | AlbumShow | 61 | stiffmummy | 偶入小学同学博客，不得不叹~~~~~!
5 | Girls | 61 | greta | 我把面泼了
6 | NJUExpress | 57 | QIYOUPIAOBO | 谁在承诺不判赖猖星死刑？？！！
7 | Pictures | 56 | V15Carter | 狂喜欢《新上海滩》中的许文强！！！
8 | Basketball | 38 | heysky | 戏说火箭~
9 | TV | 32 | rebecca1987 | 没有人看《家有儿女》吗？
10 | Basketball | 23 | shadow2004 | 肩伤困扰纳什缺席全明星
