1 | Pictures | 229 | laojiao | 中国特色的伟大城管
2 | AlbumShow | 179 | LiuChuanMing | 破天荒～～包子出来小小自曝一下～～轻砸
3 | S_Software | 122 | rjxy | [转载]
4 | Pictures | 118 | danielzou | 新街口一幕
5 | FOOD | 77 | Malacca | 女人以为会做饭=沦为家庭妇女？我不赞同
6 | M_GraduateUnion | 56 | YHBSB | 【“国学讲堂”第四期第五讲开讲】
7 | Girls | 52 | lizzy0735 | 他能让我托付终生吗
8 | M_GraduateUnion | 44 | NJUSports | 【研会体育】“地理学院杯”研究生校园定向越野比赛
9 | Basketball | 41 | yxf760321 | 勇士VS魔术全场技术统计（神兽23篮板）
10 | JobAndWork | 35 | zjuhxf | 文科研究生的尴尬就业境遇
