1 | Girls | 90 | angelcai | 一食堂有个拉面MM，也有个汉堡GG
2 | FOOD | 77 | lifelife | 嘿嘿，今天搬了一箱香飘飘回家
3 | Pictures | 65 | nena | 南京公交的美女司机（转载）
4 | Basketball | 54 | heysky | 球迷们不得不承认，今天早些时候我的预测完全正确！
5 | Movies | 54 | lancelet | 看《蝴蝶效应》
6 | Pictures | 53 | Lucine | 小小lulu秀，中原一点红~本人照片处女秀拉~~~
7 | JobAndWork | 40 | seafront | 毕业在上海做公务员的收入水平
8 | Network | 36 | taro | 我所遇到的电脑白痴女生的那点事
9 | History | 29 | duckhjb | 美国是如何被妖魔化的[转载]
10 | Girls | 27 | taro | 我所遇到的电脑白痴女生的那点事
