1 | Party_of_Killer | 159 | chenxinlai | 魅力男星之
2 | NJUExpress | 112 | centurion | 那些跟风过圣诞节的人
3 | West_Volunteer | 101 | Malacca | 【南京大学第九届支教团资助计划】-隆德二中
4 | Basketball | 101 | ilovejona | 最年轻的20000分先生
5 | Pictures | 62 | deepbluewr | 平安夜，看看排名前十的bbs（稍加点评）
6 | WorldFootball | 45 | TabbyCat | 克鲁斯坎比亚索进球
7 | FOOD | 41 | felixfeng | [小男人，大厨房]精藏私家菜
8 | DotaAllstars | 40 | xiaotianzhu | 发pp
9 | S_Environment | 39 | point | 环境学院2008迎新晚会！！！！！
10 | S_Business | 38 | SYWHB | 怒放的青春――图记2008商学院研究生迎新晚会
