1 | WorldFootball | 85 | pigthree | 意甲焦点战-罗尼破门伊布传射
2 | FOOD | 65 | Eros | 应邀录制“标点美食”……南乳丁香排骨
3 | Basketball | 61 | duliyuansl | 食堂好多小螃蟹啊
4 | Girls | 60 | 345k | 女生选男友看中相貌吗
5 | NJUExpress | 59 | yangaibo | 爱DV
6 | FOOD | 45 | nous | 昨天mm为我做的午餐
7 | PopMusic | 40 | pingya123 | 孙燕姿
8 | GEC | 37 | robinaabbcc | 研究生英语俱乐部（GEC）招新(精彩沙龙介绍)
9 | WorldFootball | 23 | zhuqiancheng | 我们家托蒂神了，建议明年世界足球先生
10 | D_Physics | 23 | Ada1 | 考研分数出来，恭喜一下宿舍同学。
