1 | V_Suggestions | 225 | lanxin999 | 南大摘取国家自然科学一等奖
2 | S_LifeScience | 126 | cindy713 | 沉痛悼念沈依同学
3 | NJUExpress | 96 | lanxin999 | 南大摘取国家自然科学一等奖
4 | TV | 41 | fmdou | 《天国的阶梯》：我见过的最烂的韩剧
5 | Abroad | 40 | kenshinfire | offer,chem@binghamton
6 | Girls | 39 | wolflion | 男人没一个好东西......
7 | Girls | 39 | wduo | 一个男人可能和比大他12岁的女人发生故事么
8 | Abroad | 39 | engineX | offer:Geography
9 | Pictures | 28 | lanxin999 | 南大摘取国家自然科学一等奖
10 | ID | 20 | njulixun | 惊现一超级机器人！
