1 | NJUExpress | 112 | diudiu | 公交车上的南大人
2 | NJUExpress | 91 | jonas2flora | 南京大学生“麦当劳”痛扁小日本
3 | Movies | 77 | Carlton | 大家都说说自己电脑上长期保存的电影
4 | Basketball | 75 | njuczar | 我校篮球明星上我猜
5 | Pictures | 71 | howe | 希拉里・克林顿正式宣布参加2008美国总统大选
6 | Girls | 70 | silicon | Help！师妹突然要我过年跟她回家，我大汗淋漓，
7 | Movies | 67 | hsc | 为什么大家都喜欢凯奇
8 | Pictures | 66 | xgwan | 中国对外交往最牛的流行语zt
9 | Basketball | 51 | devily | 阿尔斯通，想说爱你不容易
10 | FOOD | 49 | ssong | [转载]
