1 | Basketball | 143 | figohui | 阿联强打诺维斯基!!
2 | NJUExpress | 109 | txyzr521 | [转]我曾是香港科技大学的乞丐?
3 | Basketball | 91 | songweiball | SF3厚积薄发展全面才华，AI组合被新F4击败无话可说
4 | NJUExpress | 91 | CObject | 为什么总有人喊南京冷？
5 | JobAndWork | 86 | foxSteven | 源于南大，奋斗上海
6 | Pictures | 86 | ppstoody | [转载]
7 | Girls | 80 | RubyOnRails | 两个星期了,决定表白,就在今晚......
8 | JobAndWork | 71 | CEO | offer都会有的，而且是扎堆儿来
9 | S_Law | 56 | jaiwo0913 | 第一届研究生篮球联赛战况
10 | Pictures | 52 | luochaorob | 乌鲁木齐的全景展示（多图PP)
