1 | Fashion | 106 | cc721314 | 还有jm们喜欢帆布鞋的么？
2 | Girls | 85 | twotiger | 碰到这样的女生，该怎么办呢？
3 | S_LifeScience | 76 | yingzhou | 热烈祝贺张院长被评为“2006度江苏省十大杰出青年”
4 | M_GraduateUnion | 73 | YHXS | 关注中国零售业与世界500强正大集团
5 | XiNan | 68 | K569 | K570出现在南京站
6 | Girls | 65 | wxwz | 兄弟老婆爱上我老婆，怎么办？
7 | Volleyball | 59 | NJUSports | 【研会体育部】电子系杯混排419战报
8 | Basketball | 59 | ecotone | 痴情姚明为追叶莉茶饭不思
9 | M_GraduateUnion | 51 | yhkj | “首届南京大学模拟商务谈判大赛”宣讲会&赛前培训
10 | History | 34 | saturn23 | zz惨绝人寰！历史上有多少美女曾被烹食？
