1 | Girls | 187 | lamenting | 【转帖】看看你在天堂叫什么名字?
2 | NJUExpress | 115 | Banny | 【调查】你以后想要几个孩子？
3 | SCDA | 82 | SCDA | 【SCDA】(鼓楼)2007年春季招新开始拉
4 | Pictures | 73 | SilentHill | 武林外传各主角参加高考作文
5 | WorldFootball | 64 | asianus | 董方桌射门成为笑柄，韩国网民大肆嘲笑
6 | M_GraduateUnion | 59 | yhkj | ★★本学期英语角活动开始了★★
7 | Pictures | 59 | fredjordan | [转载]
8 | Girls | 49 | marsruby | 哭！在青岛路的一家礼品店耳朵被戳了两个洞。。。
9 | D_EE | 48 | ee05yh | 电子系研究生春游通知
10 | FOOD | 35 | ice4fire | [转载]
