1 | Girls | 52 | cherishrabit | 有这样的亲戚，怎么办？
2 | Girls | 39 | hg1035 | 我一颗树吊死，MM太理智还是太现实？
3 | History | 38 | duckhjb | 北大教授：汉朝对匈奴的战争没有多大意义z
4 | Seasons | 36 | Dorothea | pb里面谁死的时候是最出乎意料和伤心的啊？
5 | Pictures | 34 | kokostar | 超级搞笑war3漫画
6 | WorldFootball | 30 | mayingjiu | 孙祥替补首度亮相欧冠
7 | Basketball | 29 | zhouzhi | 大家说说麦子是不是有点女人味啊~~~~
8 | Basketball | 28 | shadow2004 | 划时代的伟大控卫----纳什
9 | Movies | 28 | kklt54122380 | 《越狱》实在太精彩啦！！！
10 | WorldFootball | 14 | mayingjiu | AC米兰客场平凯尔特人
