1 | Girls | 156 | andyming | 12门不及格的我也想谈恋爱！
2 | Pictures | 110 | coldsunmoon1 | [转载]
3 | History | 102 | as3262001 | 南大人好象对毛泽东的印象不好
4 | NJUExpress | 90 | maples | 怒了！不就高中和李宇春做了三年同学吗！
5 | Girls | 81 | lengyi3211 | 一22岁中国女孩今早在珀斯被杀给我的震惊
6 | Basketball | 66 | mgmonk | 姚明13分难赢季前赛首战
7 | Pictures | 58 | tclscorpion | 百合中的极品
8 | Basketball | 52 | 1000753 | 阿联首演仅得3分六犯离场
9 | NJUExpress | 47 | jr615 | 大哥,做人要厚道!!!
10 | Movies | 34 | jessezbj | 路小雨有没可能是叶湘伦的妈？
