1 | Basketball | 206 | yxf760321 | MM疯狂爆发夺得70＋，火箭再玩心跳险胜太阳
2 | NJUExpress | 181 | keyi0101 | 宿舍对面住着一群成教女生，恐怖啊！无奈啊！
3 | FOOD | 154 | yousen | 为什么哈罗哈还不关门啊~
4 | Basketball | 118 | allforyou | 姚明34分麦蒂39分准三双
5 | D_Politics | 101 | jijico | [公管院]“百分百公务员”决赛即将上演
6 | S_Law | 83 | elnemo | 南京大学法律人在行动――西部支教
7 | Girls | 79 | peternj | 表妹表白还好,被小女孩缠上咋办?现在的孩子．．．
8 | V_Suggestions | 74 | mark | 请校长主持公道
9 | M_GraduateUnion | 69 | evasmart | 【国学讲堂第三期学术报告会第三讲】
10 | Girls | 40 | bitifox | 找女朋友一定要找南方女孩！！！
