1 | Girls | 95 | RRRR | 南京的女孩很土？
2 | NJUExpress | 95 | lhaa | 我们实验室博士师兄勇擒小偷
3 | Girls | 93 | seadream06 | 她,让我感动...心疼
4 | D_Atmosphere | 83 | greagle | [转载]
5 | Basketball | 75 | yxf760321 | 麦蒂继续稳定发挥，火箭轻松取得4连胜
6 | Movies | 54 | xiaojingling | 最近看的电影（大部分比较老
7 | Abroad | 51 | lyylmath | Offer
8 | Movies | 49 | hungerwolf | [zz]《落叶归根》完全是海枯石级的超级烂片
9 | History | 41 | duckhjb | 从在朝鲜志愿军抓美军俘虏想到其他[转载]
10 | Abroad | 40 | godtang | 结束三无：statsitics@msu
