1 | FuJian | 130 | Jiekechang | 再忆浦苑
2 | Basketball | 114 | yxf760321 | 火箭六人得分上双取得四连胜，与爵士胜场差优势再扩
3 | FOOD | 109 | liujing | ！兄弟失恋了，吃点什么好呢？！
4 | Abroad | 103 | Elga | offer:
5 | TV | 85 | gongsunce | 张纪中欺骗了我的感情！！！
6 | FOOD | 77 | lemon901 | 我的饺子我作主
7 | S_LifeScience | 67 | LSSU | ***菠萝杯
8 | S_Environment | 60 | 5046 | 今天是小生大喜的日子
9 | S_Business | 53 | henterfu | 06国贸硕班天目湖春游--仁智者乐山水
10 | WorldFootball | 53 | danny82 | zz因扎吉假摔之孔乙己版(好文！)
