1 | TV | 45 | minimaomao | 推荐一部日剧给我看看吧~
2 | Abroad | 38 | garfieldball | [转载]
3 | Girls | 34 | xiaosmei | 人间自有真情在吗？
4 | NJUExpress | 22 | Arsenalking | 你打字的时候是左手敲空格还是右手？
5 | Abroad | 20 | baosheng | 是不是到现在还没有被拒就小有希望？
6 | History | 19 | ynynynyn | 曹汉：被蹂躏一生的女作家关露
7 | FOOD | 17 | dan99 | 甲鱼怎么烧？
8 | Basketball | 13 | heysky | 转帖:讨论湖人的整容问题.请关心湖人科比的球迷们各
9 | History | 13 | shashengwan | 希特勒-剧烈矛盾社会玩民主的必然选择
10 | Girls | 8 | 041103002 | 请问MM会被感动吗?
