1 | D_Atmosphere | 104 | MrMoon | 热烈祝贺光光老师喜得千金～～～
2 | Girls | 100 | liushui1985 | ＭＭ们，团结起来！！抵制～～
3 | S_Software | 80 | susu0503 | 《什么是时间》旅加拿大教授李西宁[非学术]
4 | Girls | 77 | ciel | mm请注意：不要把内衣晾晒在楼下
5 | NJUExpress | 69 | LEChina | 2007年LE国际志愿者中国项目开始招募啦！
6 | M_GraduateUnion | 66 | evasmart | 【国学讲堂第三期学术报告会第四讲精彩回放】
7 | S_Business | 60 | buybao | ◆“百宝网”国贸硕爱心捐助活动总结◆
8 | WorldFootball | 49 | pigthree | [转载]
9 | Pictures | 47 | weekendxzr | 105年校庆纪念两位南京大学的精神领袖（转贴）
10 | D_EE | 39 | AllanYu | 冒个泡泡吧
