1 | Girls | 379 | skyearthme | ^ǒ^〓☆输入你的身高的厘米数，看是什么表情☆〓^�
2 | NJUExpress | 112 | little0ant | 食堂的小偷。。。
3 | Girls | 93 | PhantomThief | 今天在南大汉口路门口看到瀑布汗的一幕....
4 | FOOD | 70 | xiaoxiaojia | 欧贝拉居然卖发霉的蛋糕（有照为证）
5 | Pictures | 68 | yanghua168 | 把你最喜欢的美女跟出来
6 | Pictures | 64 | OmyGod | 36岁的黎姿和她20岁的女儿？？！！！
7 | Basketball | 62 | chenliangjj | 说句公道的,将MD和KB相比是抬举MD
8 | S_Business | 54 | dudupara | ！03~06级市场营销系大会师！
9 | FuJian | 42 | lemon901 | Fujian版ftp火爆开通~~~
10 | NJUExpress | 39 | crystalsun | 强烈要求为王佩同学举办个人演唱会！！！！
