1 | Pictures | 99 | zihufirst | 浦口今日的雾凇
2 | Girls | 84 | icecream | 大家脖子后面正中间有痣吗？据说那是因为过奈何桥时
3 | Pictures | 74 | ccguoke | 侵略者的下场----孙立人将军活埋1200日本皇军
4 | FOOD | 73 | sjzzw | 猪肉脯还是我们靖江的最好吃吧？
5 | E_Sports | 56 | phoenix2006 | gg！深爱着E-sports版友的phoenix接受大家的公正审�
6 | Economics | 52 | adamsmith | 彪叔六把火，祝愿经济学院兴旺发达！
7 | Movies | 42 | zctommy | 汤姆克鲁斯的几部电影
8 | NetResources | 40 | Weinberg | chenwang2
9 | FOOD | 36 | Rebecca | 双皮奶
10 | S_Geography | 33 | francisliu | 地海院一酷哥（PIC）
