1 | Pictures | 170 | ASASHI | 是我们拯救了朝鲜人！
2 | Pictures | 160 | njuww | 不说啥了，十大里某ID的回帖
3 | Girls | 106 | rock | 相见不如怀念
4 | M_GraduateUnion | 89 | YHHR | 【研会人资】研会全体成员户外活动报道
5 | Abroad | 77 | michaelho | 祝贺自己获得全奖
6 | Girls | 72 | sgy575 | 让人不堪忍受的五个网络词语zz
7 | D_Computer | 57 | updatingzhu | 第一届“趋势杯”CS师生趣味运动会图片展
8 | S_Geography | 54 | UrGO | 地理学院周日清凉山户外拓展记
9 | Basketball | 52 | busyding | 火箭打胡人不要太好看！
10 | S_Geography | 50 | benlmin | 发结婚照，献给我快出世的小猪宝宝
