1 | Pictures | 119 | njuluvi | 史上最全动物脸
2 | Pictures | 98 | Envice1985 | 周杰伦与刘德华交恶的揭秘
3 | Basketball | 88 | invincible | NBA
4 | JobAndWork | 87 | gotonj03 | 说说我在小城市的工作经历
5 | NJUExpress | 75 | 0134 | 从发短信习惯看你致命弱点(太神了)
6 | FOOD | 44 | garfieldwu | 来吃早饭把
7 | NJUExpress | 34 | cyf8433 | 国内某高校bbs被关了
8 | Basketball | 29 | WhOIaM | NBA史上最不可破的十大记录
9 | WorldFootball | 23 | WerderBremen | zz亨利帽子戏法梅西再进球
10 | S_Environment | 21 | HTF315 | 热烈祝贺dewen同志诞辰XX周年
