1 | Basketball | 143 | cw82153827 | （原创）黑八奇迹，勇者无疆
2 | Girls | 117 | astraybird | JP女的JP人生（没有最JP只有更JP）
3 | Pictures | 80 | lp1986 | 地铁上的一幕
4 | Basketball | 70 | dtj | 神气黑八传奇再现金州
5 | NJUExpress | 63 | QIYOUPIAOBO | 山东沂水县卖淫女资助300贫困学生~
6 | NJUExpress | 50 | lilysea | 在华韩国人为实现参政权展开签名活动
7 | WorldFootball | 47 | thisismygame | 欧冠“MVP”卡卡
8 | WorldFootball | 34 | blue225 | 历届冠军杯决赛
9 | History | 27 | duckhjb | 为何风骚只有三百年z
10 | Girls | 23 | FrozenThrone | 极端鄙视屡次要求男生重装系统的女生
