1 | Abroad | 205 | 518848 | [转载]
2 | E_Sports | 97 | OneChinese | 还sky一个公道！！！（ZT）
3 | FOOD | 79 | elaine575 | 芦蒿，有人爱吃么？
4 | NJUExpress | 64 | wisdomexpert | 五舍的兄弟还记得原来传达室的那个张师傅吗？
5 | Pictures | 55 | dwzounj | 大家有没有吃过这些东西啊？巨汗～～～～ZZ
6 | FOOD | 55 | abs300 | 新华社南大通讯：暴赞tidior馒头MM！
7 | AlbumShow | 54 | verygood | 我家妹妹--可爱的MM
8 | History | 50 | piesieses | 中华文化圈为何不愿生孩子?（转帖）
9 | Abroad | 49 | merctt | [offer]phys@UVa
10 | Basketball | 21 | heysky | 斯特恩感觉事情太过了，送给湖人三连败掩盖真相～
