1 | NJUExpress | 227 | yoshiketsu | 天下之恶人惟使君与泼妇也
2 | JobAndWork | 113 | Nishino | mm收到龙湖的offer了！
3 | S_LifeScience | 100 | chriscda | 今天孟老师来院里了
4 | M_GraduateUnion | 94 | YHXK | 【研会学科】南京大学第二届研究生学术文化节开幕式
5 | M_GraduateUnion | 76 | yhwh | 【研会文化】第二届风采大赛火热报名中，敬请关注！
6 | Pictures | 68 | smmunju | 搞笑版舞台剧版《红楼梦》，饱食者慎入！
7 | PopMusic | 67 | cocoyun | 刘德华打保安救歌迷现场zz
8 | NJUExpress | 57 | YHXK | 【南京大学第二届研究生学术文化节开幕式
9 | Basketball | 49 | xiaohu66 | 火箭队医称麦迪伤势太罕见
10 | Pictures | 47 | njuwangzf | 实拍贫苦孩子的真实生活
