1 | Pictures | 125 | sean | 真实的日本
2 | Pictures | 75 | cidy612 | 偶的十年珍藏，你最爱哪一张，哪一首？？？
3 | History | 74 | linkerror | [转载]
4 | Basketball | 74 | yxf760321 | 姚明上周西部最佳！
5 | D_Atmosphere | 71 | MrMoon | 我系谈哲敏教授获教育部“长江学者奖励计划”特聘教
6 | FOOD | 52 | inter624 | 吃豆腐对身体的五大害处！
7 | Basketball | 50 | willl | 专家评阿联为头号国际新秀
8 | Volleyball | 45 | NJUSports | 南京大学2007年“电子系杯”研究生混排联赛报名通知
9 | History | 43 | gookbaby | 蒋同学到底输在哪里？
10 | PopMusic | 41 | cidy612 | 我的十年珍藏，你最爱哪一张，哪一首？？
