1 | D_Physics | 257 | qianzm | 秦国毅老师今天退休
2 | D_Physics | 140 | songzhilin | 江苏三位教授新当选2007年中国科学院院士
3 | JobAndWork | 118 | q1985 | 中５００万大奖
4 | FOOD | 107 | pxyhjp | 十大经典零食[图]!全吃过的请举手
5 | WorldFootball | 106 | xielei198210 | 足球的世界里少了罗尼，你是否会感到一丝失落
6 | Pictures | 96 | justinsouth | 惊!!!!周杰伦装女人也这么漂亮!!!!
7 | FOOD | 93 | fanyuseu | 我们不要再去抢小松鼠们赖以生存的口粮了
8 | S_Geography | 69 | sparkyx | 地理学院“山南海北一家亲”新年晚会
9 | S_SPM | 64 | SPM | 动感之夜“梦想启航”公共管理学院迎新晚会精彩回顾
10 | NJUExpress | 47 | myth428 | 大学生买彩中500万
