1 | Pictures | 96 | babycat | (转帖)温总理的“旧衣旧鞋”触动台湾媒体！中国人进
2 | Abroad | 91 | gnil00ylla | [offer]statistics@UW-Madison
3 | NJUExpress | 62 | Fruitful | [转载]
4 | FOOD | 49 | 5206 | 直接伸手进碗拿掉里面的牛肉的那碗拉面你还敢吃吗？
5 | Pictures | 46 | hero3 | 又见新疆小偷----征募义务巡逻
6 | FOOD | 41 | uptou | 冬天的青菜真是好吃
7 | Movies | 39 | xcffcx | 推荐~
8 | Basketball | 39 | xueshu | 王治郅还可以重新杀回NBA！
9 | WorldFootball | 37 | paulomaldini | 意甲焦点-因扎吉替补致胜
10 | Basketball | 37 | artech | 重发
