1 | Pictures | 163 | zyz065 | 儿子太帅，忍不住再发PP
2 | FOOD | 133 | pieceone | 吃到癫狂――BB一样的红豆刨冰
3 | Girls | 103 | tua | 这一位，终于还是不要我了么
4 | Pictures | 69 | lasa | 当代儿童具备的优秀品质（zz1）
5 | FOOD | 68 | Eros | 【Eros烘焙坊】……玛格丽特小饼
6 | NJUExpress | 62 | WoshiWalcott | 强烈鄙视一个叫张文涛的图书馆工作人员~~~
7 | BNGames | 60 | roypeng | 我们宿舍BG的初步方案+帅锅PP！
8 | S_LifeScience | 53 | biogra | 纪念林奈诞辰300周年，校园植物之旅活动
9 | S_Chemistry | 51 | Klinsmann | 近距离感受大师风采
10 | Basketball | 44 | metrocar | parker的突破只是突破而已，别拿来和翠西比
