1 | Girls | 152 | angelhood | 实验室师兄对我过于暧昧，我到底该怎么办呢？
2 | NJUExpress | 100 | windysun | 感谢新疆维族小偷，又可以换手机了――考研前一天
3 | S_LifeScience | 75 | LSSU | 考研的同学们加油！加油！！加油！！！
4 | S_Chemistry | 67 | lonestar | 预祝03级考研的同学们马到成功
5 | Pictures | 55 | hslyg | 热烈庆祝中国导弹成功摧毁卫星
6 | History | 45 | duckhjb | 中国是朝鲜战争最大的失败者zt
7 | Basketball | 39 | afghanistan | 拿tmac与kobe比是对kobe的侮辱
8 | Basketball | 38 | cfjpir | 胡雪锋惊天一投放倒卫冕冠军
9 | Pictures | 30 | digiman | 质变？Thinkpad的彩壳版你能接受吗？(转载)
10 | SuZhou | 22 | fcgoodluck | 苏州话测试－－高度怀疑我不是苏州人
