1 | Pictures | 191 | bighead | 台湾议员烧毁国旗
2 | Girls | 134 | MarieCurie | 如何对他说出分手两个字
3 | PopMusic | 88 | Dianqing | 搞不懂那些貌似非常喜欢英文歌的
4 | PopMusic | 85 | sagisun | 【精】★周杰伦创作全集＠十年成长之路（zz）★多图
5 | Girls | 83 | amico | 不喜欢妹妹的男朋友怎么办啊
6 | NJUExpress | 71 | yoyo1986 | 你要点灯我要睡
7 | FOOD | 63 | xnasp | 南北方人做菜差异很大嘛
8 | SCDA | 61 | EAD | 【SCDA】腾讯
9 | Pictures | 55 | 7677000 | 很很很强大~~！王力宏的家庭背景吓死人~
10 | S_Environment | 50 | lovedodo | 古林公园烧烤－打靶归来。。
