1 | Girls | 136 | springrian | 不行,我哥哥会不同意的
2 | Basketball | 92 | Xman | 麦迪回归顶峰，火箭111：109力克灰熊
3 | Movies | 75 | forgive | 慎重对待《三峡好人》
4 | NJUExpress | 65 | huamanlou | 名字游戏，保你笑破肚皮
5 | Girls | 62 | hg1035 | 求救：朋友17岁的妹妹怀孕5个月家人一无所知！
6 | Pictures | 59 | Feman | 贝克汉姆--一个不错的游戏
7 | Comic | 46 | smw | 新年快乐~
8 | Basketball | 41 | STONE472 | zz火箭一年耕耘收获顶级投手
9 | WorldFootball | 36 | wxing | 菲戈将继续效力国米
10 | Pictures | 26 | sxzy | 勿忘国耻---饱受日军蹂躏的中国妇女
