1 | Girls | 224 | sstyi123 | 男生有了女朋友后的20个惨状
2 | S_Environment | 108 | wadl | 【环院研会】迎新晚会提前揭密！
3 | Pictures | 89 | Merlin | 大家猜一猜现在中国最大的城市是什么
4 | M_League | 84 | YHXK | 【研会学科】科学与人文讲坛系列讲座第一讲精彩回放
5 | M_GraduateUnion | 84 | YHXK | 【研会学科】“科学与人文讲坛系列讲座”第二讲
6 | WorldFootball | 68 | abchcd | 现在谁一对一防KAKA比较有把握的说
7 | Pictures | 61 | wolflee | 仙林校区大揭密！！！
8 | M_GraduateUnion | 52 | YHBSB | 【研会博士】《世界尽头的光明》赏片活动
9 | Basketball | 50 | njujing | 姚麦神离，太阳大动作召唤姚明？
10 | FOOD | 43 | 041272023 | 如何调制藕粉
