1 | KaoYan | 105 | bigyes | 良知的考生，都来顶！！！！转贴
2 | WuShu | 98 | young | 马步--太极魅力体验专场
3 | Abroad | 85 | WakingLion | [offer]Econ@Stanford&NYU(Stern
4 | Abroad | 83 | Springbok333 | [Offer]
5 | SCDA | 66 | SCDA | 【SCDA】走进求职
6 | Pictures | 65 | ttian | 深夜－－献给所有异地相隔的恋人们
7 | FOOD | 63 | wy2004 | 最近觉得食堂的菜很好吃得说……
8 | Pictures | 57 | 1126177771 | 最近她很火呀！
9 | WorldFootball | 45 | inter624 | 欧足联严惩斗殴球员
10 | Basketball | 23 | wzh176 | 丁俊晖挺狂啊
