1 | Girls | 80 | vanbommel | 发现了老公以前背着我和其他女生交往
2 | Abroad | 70 | stormstout | [offer]MSE@Northwestern
3 | Girls | 56 | Lemucusonju | 为什么女生要减肥？经典啊！
4 | Basketball | 43 | heysky | 湖人战绩和本人四天前的预测相符，这是个伟大的开始
5 | Pictures | 42 | meansure | zz
6 | FOOD | 38 | lifelife | 发烧了，忽然很想吃曼可顿的面包
7 | Basketball | 32 | hugobanana | T-Mac
8 | WorldFootball | 30 | zhouyiraul | 米兰为卡卡开价：迪亚拉+卡纳瓦罗+罗比尼奥+钱
9 | History | 29 | zhuquezl | 我一直弄不懂为什么要反美呢？
10 | Abroad | 27 | lieben | CS
