1 | Girls | 116 | briar126 | 纪念我一年的单身生活~~~~
2 | Movies | 82 | mydream800 | 《加勒比海盗3》精彩剧照
3 | Girls | 76 | tora | 前男友打电话过来，现男友正在身旁……
4 | FOOD | 73 | whlove | 吃水果前你洗了吗？
5 | Pictures | 69 | IMCZ67 | 世界上如果就剩这两个女人了,你会选择谁？
6 | NJUExpress | 68 | dhwjk123 | 流泪了，八食
7 | Basketball | 59 | kjg | 大叔也曾被神晃过手指
8 | Pictures | 58 | threeear | 安徽合肥一名女童公交车上揭发小偷遭割脸
9 | JobAndWork | 38 | wannafly | 牛人们
10 | FOOD | 27 | Eros | 扒鸡腿饭
