1 | Pictures | 405 | hotjava | 警报声响起，每次看到我们中华儿女被虐杀的照片我都
2 | NJUExpress | 277 | K372 | 又一次听到空袭警报（附录音）
3 | Pictures | 147 | hanting8 | 警钟长鸣、勿忘国耻！南京大屠杀70周年祭
4 | M_GraduateUnion | 108 | YHHR | 【研会人资】“百首挽诗悼同胞”部分作品展
5 | S_Chemistry | 86 | nanorice | 化学化工学院
6 | M_GraduateUnion | 81 | wenyuwang | 苏宁总裁“职场人生路-乾坤自在掌，创业正当时”
7 | Girls | 78 | shineyou | 兴奋之后――关于raings的更加令人震惊的真相
8 | FOOD | 78 | ZhanZhao | 青岛路油炸MM！此人只该天上有,奈何为我下人间
9 | FOOD | 71 | duckhjb | 糯米腊肉卷
10 | NJUMUN | 45 | NJUMUN | MUN社团体验日活动开始了!
