1 | S_LifeScience | 82 | lovemap | 论实验报告手写之可能性！
2 | Pictures | 68 | brightsky | 『转载』【悲哀】忍不住哭这个92岁的老太太（组图）
3 | Basketball | 63 | Liulangmao | 下午去打球，感觉很郁闷~~
4 | Basketball | 54 | godot | 65分！科比发飙湖人结束连败
5 | FOOD | 52 | mangguo | 猪蹄的七种吃法
6 | Girls | 48 | shannala1 | 竟有这么神奇的人！有人也会这样吗
7 | Pictures | 48 | 0029 | 穷人孩子的真实生活(组图)
8 | PopMusic | 47 | Jeans236 | 陈奕迅的《爱情转移》太好听了！
9 | TV | 37 | gongsunce | all
10 | Abroad | 25 | gowest07 | 收到一个剧小的offer
