1 | V_Suggestions | 479 | lhandzj | 【建议】再三恳请学校领导考虑适当延长放假时间
2 | NJUExpress | 167 | lorettaou | 疑惑中――南大BBS的名字小百合是否有点……
3 | V_Suggestions | 164 | linyi | 几所一流大学的寒假放假时间（领导们！！）
4 | Basketball | 103 | njllm | 穆大叔封盖历史第二
5 | Girls | 92 | honghu | 请学GGDDJJMM为我家宝宝起名
6 | NJUExpress | 91 | zeronotone | 通缉:小偷饭店团伙作案全过程。大家帮忙顶！！
7 | TV | 86 | deadstar | 日剧和韩剧的区别
8 | Basketball | 86 | yxf760321 | 火花两双大叔破记录，火箭主场大胜湖人！
9 | Abroad | 77 | ywsheng | offer-chem
10 | Abroad | 61 | shine | [转载]
