1 | Pictures | 168 | xuli22cz | [测试你是不是色盲]一张神奇的图
2 | NJUExpress | 69 | babycat | 我们这人居然n多没听说过南大，汗……
3 | Girls | 68 | 02Lawlyz | 给cc,写在第三个情人节前
4 | Pictures | 60 | Legend05 | [转载]
5 | Girls | 52 | zumawang | 怎样追女孩？
6 | NJUExpress | 49 | aaaa1 | 男女身高最佳配对表
7 | Movies | 44 | ahfu | 再议《满城尽是黄金甲》
8 | Basketball | 39 | xbc | 关于潜规则,其实Hesky说的不是完全没有道理的
9 | PopMusic | 29 | danny82 | 为什么大家都瞧不起网络歌曲？
10 | Basketball | 14 | regulus | 开局不顺难阻火箭升空
