1 | Girls | 135 | phoenix2006 | 郁闷啊！今天婉转向师姐表白竟然被严辞拒绝！
2 | NJUExpress | 123 | keaven | 我校一科研成果获国家自然科学一等奖(确定)
3 | Pictures | 119 | Bochner | 昨天在校园里惊见强人遗物，请达人们鉴定一下
4 | Basketball | 111 | yxf760321 | 火箭客场力克马刺
5 | NJUExpress | 89 | dzq2888421 | 南农博士你怎么能这样！！！
6 | Abroad | 87 | VicSi | 代人报经院最牛叉AD:
7 | Abroad | 49 | micchey | [Offer]:
8 | Pictures | 43 | coconut | 日本右翼宣布开拍电影否认南京大屠杀
9 | Basketball | 40 | shadow2004 | 回复
10 | Girls | 32 | tora | 我昨晚做错事情了...害了一个女孩子
