1 | Pictures | 117 | flyspace15 | zz图说张国荣：回头再望某年，26年如风逝
2 | Pictures | 110 | 52emule | 经典传世照片选
3 | D_EE | 94 | ee05yh | 电子系超大型春游活动（多图），史上最强～
4 | Girls | 82 | scnjdx8501 | 喜欢上一个比自己大三岁的女孩该怎么办
5 | S_Geography | 69 | maotiantian | ~xdjms，恭贺xuehongmm考入北京地理所~
6 | Girls | 65 | yiyiguxing | 跟mm逛街被师妹撞见了......
7 | Basketball | 59 | devily | 掘金球探重点考察陈江华
8 | S_LifeScience | 52 | rogerholmes | 04生态大丰实习pp
9 | D_EE | 44 | garfieldball | 助研费，你在哪里？（声303集体原创SCI诗歌）zzz
10 | Swimming | 43 | WTS | 版聚注意事项
