1 | Girls | 193 | sunnyl | 你在QQ聊天时经常说“哦”吗？
2 | Pictures | 115 | billlee | 发美女
3 | Basketball | 102 | yxf760321 | 麦蒂神勇取三双，火箭主场胜灰熊！
4 | Pictures | 102 | qiyandaisy | 成龙电影宝贝长大后照片
5 | DII | 96 | kymstu | 12月7日：浦园歌手大赛决战之夜
6 | JobAndWork | 84 | Jely | 就业怪论
7 | NJUExpress | 68 | adonissage | 几乎没人逃得过的超准思维定向测试!
8 | WorldFootball | 56 | pigthree | 意甲最新积分榜
9 | Basketball | 55 | kanghope | 麦蒂三双威尔斯发威，火箭众将力斩灰熊
10 | FOOD | 52 | 0824 | 幸福生活从锅开始
