1 | Pictures | 99 | zhufei | 大学宿舍奇观（暴搞笑！！！）
2 | Basketball | 90 | mumu1982 | 科比、麦蒂、邓肯、纳什等NBA巨星你你喜欢谁？
3 | NJUExpress | 60 | hailu | 转载:中国最令人感到陌生的十所一流大学
4 | Pictures | 59 | jackp | 新鲜出炉的站庆纪念品首发现场pp
5 | NJUExpress | 58 | muyubai | 南大有没有可能
6 | Girls | 52 | tora | 保大人还是保孩子？
7 | D_History | 49 | diudiu | 2007年的第一场饺子宴
8 | S_LifeScience | 46 | hyf655655 | 乐队BlacKDuKe！
9 | S_Environment | 36 | liveatpains | 05硕环规KTV精彩照片新鲜出炉^-^
10 | D_EarthScience | 31 | magic2 | 祝liyquan
