1 | Girls | 284 | pxyhjp | 如果有男生能做到以下任何6点的，我就告别单身！~~~
2 | JobAndWork | 177 | 071232026 | 我奋斗了18年不是为了和你坐在一起喝咖啡【转】
3 | Pictures | 94 | eruca | 可耻：对烈士住宅强制拆迁
4 | Abroad | 83 | SAC | [转载]
5 | D_Chinese | 82 | 82406xw | “圣诞节，我在你身边”PP来了
6 | Girls | 70 | yade | 又一个男人被女人玩死了
7 | S_Environment | 63 | wadl | 环院2008迎新晚会礼品（之二）提前放送！
8 | Comic | 58 | Kiyoura | [转载]
9 | Basketball | 52 | JJJJJJJJJ | 如果交易YAO，你希望他去哪？
10 | Pictures | 44 | xiaomaomao | 南大还是不错的...
