1 | NJUExpress | 273 | jingsheng | 我绝对不会妥协的（续：南师家教你凭什么打人）
2 | Girls | 168 | ctbigcake | 我爱我的女朋友
3 | NJUExpress | 145 | songhui904 | 今天,我奶奶100岁了
4 | WeiQi | 88 | HopeKing | [快讯]布局占优后稳扎稳打
5 | Pictures | 81 | 219 | 零下十几度上学的孩子
6 | Basketball | 64 | benbest | 明天火箭
7 | S_Environment | 56 | favorlee | 【环院调查】如何看待科学楼正对着的台阶被封闭？
8 | History | 55 | lixiahe | 朗咸平今天再出惊世高论，可谓入骨三分！！！
9 | Pictures | 54 | kathyzj | [转载]
10 | D_EE | 52 | daapple | 今天拍艺术照了，用手机抓拍一张，轻砸~
