1 | Girls | 61 | Lolicon | 一个好老婆的作息表
2 | Girls | 42 | joy1987 | 情人节晚上你梦见了谁？
3 | Abroad | 35 | merctt | [offer]RQI@Rice
4 | FOOD | 26 | fanjian0110 | 中国人使用筷子的十二种忌讳（转载）
5 | History | 25 | Leader | 越远离战场，人就越好战
6 | Abroad | 24 | skyhenry | [转载]
7 | Pictures | 22 | Aioros | 史上最强的接吻
8 | Pictures | 19 | siege | 古代杂志封面（暴笑）
9 | WorldFootball | 14 | XLCZ1 | 意大利三强对埃托奥均抛媚眼？
10 | NJUExpress | 14 | akui | 提醒大家："紧急通告"极可能是骗局
