1 | WorldFootball | 153 | manutd630 | 英超十五载
2 | WorldFootball | 65 | ManUtd | 黄金一代重登英超王座，新生红魔再铸曼联辉煌
3 | D_Atmosphere | 63 | muhan392 | 毕业衫方案初稿
4 | Pictures | 61 | manutd630 | 英超十五载
5 | Movies | 56 | nicetiantian | 今年暑期挡，你选哪一部？
6 | Pictures | 55 | whitejasmine | 37位明星读书时的照片
7 | FOOD | 37 | IvyRose | 请问哪里可以买到苹果醋？
8 | FOOD | 35 | sunsmile1984 | [转载]
9 | Basketball | 35 | firesnake | T-mac，你不是我的英雄,但第一幸福的是看你打球
10 | D_EE | 24 | Februaryhare | 来,恶搞下文化衫~~~
