1 | Girls | 91 | zwy1999 | 看到妻子偷情的那一刻
2 | FOOD | 65 | yesvsno | 最爱吃家里的手擀面(附pp)
3 | NJUExpress | 40 | capricon | 强烈质疑南大一项政策，涉及歧视！所有同学帮忙顶！
4 | Basketball | 40 | lf108946747 | 金庸人物之NBA十五大球星zz
5 | PCGames | 35 | krelian | 看来我玩不动游戏是正常的
6 | Girls | 28 | USMA | 开始理解康敏的心态了~
7 | FOOD | 24 | rlr | 川菜厨子――酿制葡萄酒
8 | Pictures | 19 | wendy1984 | 元宵佳节橘灯高挂――宿舍自制小橘灯实录
9 | NJUExpress | 16 | paulomaldini | 吴敬琏：春运票价不上浮不符市场规律
10 | WorldFootball | 14 | pigthree | 意甲最新射手榜(07-3-4)
