1 | Basketball | 89 | yxf760321 | 2006年本版最后一帖：对篮球版朋友们说的话！
2 | Girls | 75 | DouNiWan | jms,男生到底是大眼好看呢，还是小眼？？？
3 | Pictures | 70 | damohanxue | 一对大学生情侣亲昵时的意外
4 | WorldFootball | 66 | yxf760321 | 2006年本版最后一帖：对足球版朋友们说的话！
5 | S_Chemistry | 55 | leon198517 | 化学人风采大赛pp[节目篇]
6 | Girls | 53 | littlesheep | 怎么回lp短信！
7 | NJUExpress | 51 | weijin | 强烈要求关闭学校的大娘水饺。
8 | NetResources | 47 | yxf760321 | 2006年本版最后一帖：又一个FTP正式开张啦！
9 | Basketball | 28 | chairmanj | NBA球星弹跳数据一览zz
10 | Pictures | 25 | apollojane | 国人原创作品欣赏－－－刀刀
