1 | Girls | 99 | Nat | 我来发我的女朋友，我很喜欢她。
2 | PopMusic | 69 | wzjnju | 重听陈奕迅的歌，不禁潸然泪下！
3 | WorldFootball | 64 | XLCZ1 | 权威机构评百年TOP100:第1无悬念
4 | Girls | 63 | 219 | 初恋找到真爱是不是很幸运？
5 | WorldFootball | 59 | substring | 转载个搞笑的。。
6 | Pictures | 59 | wadl | ^_^篮球盛宴^_^
7 | Pictures | 56 | lyzx0822 | 江苏没什么好牛B的！
8 | Basketball | 53 | 421 | 火箭更衣室气氛白热化！
9 | M_GraduateUnion | 48 | YHSJ | 名企任我行之“江苏鼎信咨询有限公司”交流会回顾
10 | NJUExpress | 37 | skycucu | 我狠狠的整了一下某政府机关人员
