1 | Girls | 239 | CissyCheng | 晒晒我的好老公!
2 | NJUExpress | 161 | HBYC | 南大到底怎么啦？!
3 | NJUExpress | 127 | sedge | sedge怒回"南大怎么了"
4 | S_LifeScience | 123 | viviandd | 马鞍山戴先生寻找火车上让座的生科女孩！！
5 | Pictures | 68 | howe | 普及贴：汉服与和服的区别zz
6 | Pictures | 68 | HBYC | 南大到底怎么啦？!
7 | XKXS | 50 | jijico | [康平]让世界充满爱――关注白血病儿童
8 | Girls | 48 | enzo | 三个字就真的那么重要吗
9 | D_Atmosphere | 41 | lifetime | 哇塞，庆祝一下！等都我好幸苦啊～～
10 | DII | 39 | StevenYct | ***第十届基础学科论坛征稿即将截至***
