1 | Girls | 415 | cxmouse | 24岁女孩与30岁男人的经典对白,感动!
2 | NJUExpress | 129 | USMA | 发一个在耶鲁很ft的事
3 | Basketball | 103 | LyEvol4U | 姚易的中国英语zz
4 | Movies | 86 | xinyu | 十大电影排行版
5 | S_Environment | 83 | wadl | 环境学院羽毛球赛PP现场报道
6 | D_EE | 65 | zhengyang | 【号外】继高盛、摩根，我系今年再次斩获麦肯锡！
7 | Pictures | 64 | ohyeah0817 | 今日浦口
8 | NJUExpress | 64 | YHXK | 南京大学第二届研究生学术文化节开幕式暨“大学R
9 | Pictures | 45 | 672560286 | [转载]
10 | JobAndWork | 32 | zhengyang | [转载]
