1 | FOOD | 86 | 122800 | 爱吃榴莲的举手~！
2 | Pictures | 65 | 9Ibrahimovic | 男女大学生山洞里玩泥浆浴
3 | Pictures | 54 | RainCottage | 【原创】新家初长成，我的小窝简约的PP（装修日记）
4 | Basketball | 53 | yxf760321 | 翠喜带领火箭华丽演出，头狼独力支撑难逃被屠
5 | WorldFootball | 53 | hunterxh | 世界为你痛哭――缅怀曼联的“慕尼黑空难”zz
6 | Girls | 52 | 031060004 | 求助：我该如何向家里人讲
7 | NJUExpress | 48 | ericshawX | 羞答答的问一句：请问学校附近哪里有tt卖？
8 | TV | 36 | sophiadu | 【强烈推荐】交响情人梦
9 | WorldFootball | 34 | pigthree | 大家讨论一下尤文的35M该怎么花吧
10 | Comic | 29 | hunterxh | 国内首部大型武侠三维动画连续剧《秦时明月》即将全
