1 | AlbumShow | 143 | darkstar | 南大研究生经典“灌篮”写真GIF
2 | S_Geography | 117 | tangyuan | 99城规的模范夫妻婚纱照新鲜出炉啊
3 | Pictures | 82 | BLSDYG | zz戏说马景涛的狮吼功----小马一出,谁与争锋
4 | Mobile | 79 | xtx | iMobile手机俱乐部招新-打造高校第一手机社团
5 | S_MSE | 55 | digitalhtp | 图书馆科模展览真精彩,快去看
6 | M_GraduateUnion | 47 | NJUSports | 【研会体育】研究生篮球联赛半决赛预告帖
7 | M_GraduateUnion | 44 | YHSJ | 【研会实践】爱心支教“携手地理学院，共捧感恩之心
8 | S_Business | 43 | lhh0917 | 第八届论文竞赛开幕式，暨“商论”第六期：从顾客创
9 | Pictures | 43 | frostnova | 急寻走失流浪狗~~
10 | S_Chemistry | 41 | Azuresea | "心中的花园"---07化院研究生迎新晚会
