1 | History | 96 | taro | 我疯了，日本人评选的中国历代十大武将，我好多从没
2 | Pictures | 95 | yeyingxian | 又一组惨遭PS的图片：“帮我去掉这个小孩子”
3 | Basketball | 91 | 1000753 | 阿联单节11分令人咋舌
4 | Pictures | 90 | sdzsukhoi | 国产军用笔记本
5 | M_GraduateUnion | 79 | YHSJ | 【研会实践】暖秋2007外来工子弟学校爱心支教志愿者
6 | Girls | 77 | yuao | 我的爱情故事－－这样的他能原谅吗?
7 | NJUExpress | 65 | cruelduke | 【音乐剧《42街》今晚再次向我校研究生免费观摩】
8 | D_Physics | 56 | ilovephy | 新一届物理系学生会大家庭成立大会
9 | JobAndWork | 44 | Nashorn | 关于萨蒂杨---献给学弟学妹！
10 | D_EE | 41 | DEE02 | 【EE02回忆】我们的那个辅导员啊
