1 | FOOD | 137 | Swimming | 就是不明白，可乐有什么好喝的呢？
2 | Girls | 115 | hopeforlove | 有了吻痕怎么办
3 | S_SPM | 114 | SPM | 公共管理学院2007届研究生毕业晚会精彩回顾！
4 | Pictures | 108 | FujiSyusuke | [原创]致2007毕业生系列1～我们眼中的那些风景
5 | Pictures | 84 | llydvl | (Z)海淀艺校事件
6 | M_GraduateUnion | 79 | YHGF | 【研会公服】“食堂亲身行"活动回顾（多图）
7 | S_Chemistry | 69 | chairmanj | 03化学毕业照！！！
8 | M_GraduateUnion | 68 | YHGF | 【研会公服】“后勤食品供应基地参观"活动回顾
9 | NanTong | 67 | xiangsubing | 毕业了，上PP
10 | GIS | 63 | songhui904 | 欢送毕业，欢迎入校
