1 | Pictures | 189 | loclock | 69岁老妻除皱成功
2 | Girls | 143 | 0604070 | 讨厌这样的女生
3 | FOOD | 137 | buwuliao | 我这样喝奶算多吗？
4 | Basketball | 84 | huanger | 如果明天爵士输了。。。
5 | NJUExpress | 74 | NDYHSTB | 【
6 | Girls | 73 | Torrent | 这一步，我能跨出去吗
7 | WorldFootball | 60 | copperpea | 曼联官网:Ronaldo续约至2012年
8 | SCDA | 52 | Top500 | 【SCDA】“相约500强共进下午茶”第三期成员招募
9 | M_GraduateUnion | 46 | NJUculture | 【研会文化体育部】现场体验瑜伽邀请您!
10 | FOOD | 41 | CCCDNA | 又一顿周末野味（图）
