1 | FOOD | 115 | adilinat | 小乖的川味小铺~~
2 | S_LifeScience | 99 | boheling | 生科，好男儿！
3 | Pictures | 94 | nickey | 田亮叶一茜婚礼照！
4 | Pictures | 91 | devily | 自爆，和谐的一幕
5 | NJUExpress | 89 | Condoleezza | 怎么劝我的朋友，他这样做是不是太傻了？
6 | D_Information | 89 | missingyoyo | 信管天使，自助义卖-最后进行时
7 | NJUExpress | 80 | shanghaitan | 北京市长,南大物理系毕业.
8 | Girls | 71 | vvsk | 分手，我知道你会看到
9 | M_GraduateUnion | 66 | NJUSports | 【研会体育】研究生篮球联赛决赛暨颁奖仪式直击！！
10 | D_EE | 64 | kedou11 | 非兄弟，不篮球！南大七年，六个赛季，明日告别。
