1 | Pictures | 210 | Unreachable | [借人气]
2 | Pictures | 97 | zian | [师大转贴]男女都非常想知道的性知识【图文并茂】
3 | Abroad | 55 | Amyblue | [offer]GTV@UPenn
4 | Basketball | 55 | kaizi | 姚麦携手助六人得分上双
5 | FOOD | 49 | ad007 | [切忌]睡前千万别吃这五种食物
6 | BNGames | 45 | hejinghui144 | Snake挂枪宣告！测试本人人气。
7 | Basketball | 42 | TimDuncan21 | 谈一谈我心目中的最佳阵容
8 | WorldFootball | 40 | jiafeizhuxi | 虽然米兰晋级国际没有
9 | Volunteer | 40 | volunteer | 南京大学青年志愿者协会理事招新[鼓楼校区]
10 | D_EE | 36 | ee05yh | 电子系研会祝全系女教师、女同学节日快乐
