1 | Pictures | 255 | winforever | 打造百合史上最长贴
2 | Pictures | 119 | winding | 他感动了全国人民，却感动不了CCTV（图）
3 | Girls | 116 | phoenix2006 | 遇到极品无敌小师弟了！
4 | JobAndWork | 99 | chelseasun | 宿舍圆满了,一个电力加五个四大
5 | TV | 90 | hsboy | 新版香帅遭质疑
6 | Basketball | 89 | yxf760321 | 卡特英雄难敌姚麦联手，火箭客场破网平淡连胜
7 | S_Chemistry | 72 | devily | ※
8 | Basketball | 43 | kekepanda | 新秀对决易建联难敌杜兰特
9 | FOOD | 33 | sars853 | 好吃的栗子
10 | WorldFootball | 32 | icelough | 丑陋的足球
