1 | Pictures | 145 | gongsunce | 我最欣赏的两个女主持人
2 | Pictures | 78 | njuklk | 世界珍稀毒蛇！（多图）
3 | V_Suggestions | 76 | yixiuge | 请学校领导确认一下此消息的准确性
4 | S_Environment | 72 | 04together | 喜报！贺04级汪渝松同学获美国数学建模竞赛一等奖！
5 | Basketball | 64 | xueshu | 科比已经超越乔丹,成nba历史第一人
6 | M_GraduateUnion | 51 | YHGF | 【研会公服】“爱心家园”活动招新！
7 | Basketball | 50 | yxf760321 | 姚明低迷火箭6人得分上双，主场虽胜雄鹿损失二叔海�
8 | Girls | 28 | zhutou1983 | 九个月没见我男朋友了．可是．．．．哎
9 | WorldFootball | 25 | zero1986 | 踢实况的来
10 | PopMusic | 24 | lamenting | 秀一下自己的收藏(别砸我，疼～)
