1 | Pictures | 184 | magnetic | 小姨证实“黛玉”病逝
2 | NJUExpress | 171 | xueshu | 就能力来说，很多硕士博士赶不上本科
3 | Girls | 123 | CatTom1985 | 还是理科男生好！
4 | TV | 113 | lilybyy | [转载]
5 | Basketball | 101 | allahson | 建议NBA改成文比
6 | Pictures | 95 | lovelypig | 亚洲最大火车站---南京南站效果图惊艳亮相(附多PP)
7 | NJUExpress | 79 | spddong | 汉口路水果摊对面正金美食
8 | JobAndWork | 70 | waterwalker | 鄙视太平洋人寿
9 | S_Chemistry | 58 | chem03bg | [醒目]!!!03级本科25日浦口回忆活动预告篇!!!
10 | Friendship | 57 | Gemini65 | 公主谢谢大家！！
