1 | NJUExpress | 97 | kunyangzi | 超BH的南大女生！
2 | Pictures | 61 | h2o | 我是一条内存
3 | WorldFootball | 55 | jiafeizhuxi | 必须承认，梅西已经是球王
4 | FOOD | 55 | anfaye | 赞二食的点心！
5 | ID | 54 | binp | 大家说建立个"忏悔版"怎么样?
6 | Girls | 42 | 5sbt | 要是突然有三个人摆在自己面前怎么办？
7 | NJUExpress | 41 | magicat | 超XQ的南大男生!
8 | Basketball | 40 | cipher8 | 椰子诡异的罚球(zz
9 | Basketball | 36 | wutherings | 火箭是不是基本没希望被湖人赶上，或赶上爵士了？
10 | Girls | 25 | qianying | 测测你的大小姐脾气~
