1 | D_Maths | 232 | hrxu | 讣
2 | F1 | 197 | Kimi | 七年车手生涯成正果
3 | F1 | 115 | Sealro | 献给KIMI
4 | NJUExpress | 106 | Number1 | 汗某些南大同学的素质
5 | Girls | 61 | wendan1228 | 谁是你念念不忘的人？很准的测试
6 | M_GraduateUnion | 54 | yhkj | ★★百名青商百校行――走进南大★★
7 | Basketball | 51 | artech | 凑合着看看吧
8 | S_LifeScience | 45 | biogra | 生科院研一新生户外拓展集锦
9 | FOOD | 45 | 0143601 | 红薯啊红薯~~~
10 | FOOD | 33 | BLSDYG | [转载]
