1 | D_EE | 144 | 7upfido | 发结婚照啦,祝大家学业有成,工作顺利:)
2 | FOOD | 94 | sckydx | 原创--最近做的几道菜(附图)
3 | Pictures | 84 | Chairman | Kaka球裤中硬物激突
4 | NJUExpress | 83 | zhengyixiao | 食堂门口勇士再现
5 | Basketball | 82 | canyu | 姚麦联手贡献59分
6 | M_GraduateUnion | 68 | YHGF | 【研会公服】“我的校园我做主”系列活动开幕
7 | M_GraduateUnion | 64 | YHGF | 【研会公服】“学校的开放式管理”活动招新
8 | Abroad | 61 | dwzounj | 代报[Offer]Physics@Cornell
9 | Girls | 50 | yl907773 | 我被女朋友认为出轨了
10 | Volleyball | 50 | NJUSports | 电子系杯研究生混排联赛第三日战报
