1 | Pictures | 158 | sekroy | 南大搬迁之路的思考与仙林的发展
2 | Girls | 115 | atsea | 刚才听闻喜欢的男生有女友了
3 | NJUExpress | 92 | e13247179 | 吃大叔水饺，发现大叔女儿真漂亮！
4 | Girls | 72 | TimeIsMoney | 我这么搓，能找到女朋友么？
5 | NJUExpress | 69 | lned | 南大三食堂惊现女子拳击
6 | Pictures | 68 | icecoffee | 小海狮是这样等妈妈的。。。
7 | FOOD | 67 | tttb | 巧克力女孩
8 | S_Software | 60 | hengxin | 考研咨询
9 | M_League | 58 | YHSJ | 【研会实践】暖秋2007外来工子弟学校爱心支教志愿者
10 | LinuxUnix | 55 | godtang | 本周三晚，LUG帮你用好Linux
