1 | Abroad | 387 | sunlightboy | 七旬教授舍身堵枪眼让全班同学逃脱屠杀
2 | Girls | 181 | mumulee | 我这样的男生可以打几分？（满分100分）
3 | NJUExpress | 115 | threewater | 七旬以色列教授舍身堵枪眼让全班同学逃脱屠杀
4 | NJUExpress | 84 | peacefulmind | 同是生命，为什么中国人的命就那么不值钱呢？
5 | Abroad | 61 | fengjingyu | 呵呵，终于等到了
6 | Girls | 59 | wade19830613 | 分手了，风景依旧
7 | Basketball | 52 | DirkNowitzk | 郑重声明：我是NBA巨星~~~~~
8 | Basketball | 47 | DirkNowitzki | 低调低调！
9 | JobAndWork | 44 | Taylor | 一场精心设置的骗局，附本人亲身经历（烦置顶）
10 | WorldFootball | 42 | PPA | 一个国米球迷的期待
