1 | D_Maths | 127 | hrxu | 热烈祝贺程崇庆教授当选民革中央副主席
2 | Girls | 77 | MarieCurie | 一件尴尬的事
3 | NJUExpress | 76 | Organization | 【团委组织部】◆◆团声――电子杂志第三期◆◆
4 | Pictures | 75 | cidy612 | 明星零距离。。。。。
5 | DII | 74 | kymleague | 用我们的诚心,恭候你的到来
6 | Basketball | 72 | enlai | 姚麦分手在即
7 | S_Geography | 65 | UrGO | ##热腾腾的晚会节目单（鼓楼迎新）##大奖等你拿
8 | PopMusic | 51 | iamjcf | 『推荐』周笔畅12月双子专辑《WOW》&《NOW》
9 | Girls | 37 | mxd | 在我心里
10 | M_GraduateUnion | 34 | YHWLB | 苏宁总裁“职场人生路”讲座精彩回放
