1 | Pictures | 260 | xifangbaobei | 陶园卖鸡蛋的老太太的家又出事了!!!
2 | NJUExpress | 191 | fujuntiancai | 请解决蚊子的问题－－－我也火了
3 | Pictures | 142 | Fahrenheit | 饭卡丢了，这就是我们周围的同学
4 | FOOD | 127 | cidy612 | 违规电器重出江湖，宿舍里又出产好东西，冲着10大来
5 | TV | 81 | celianju | 男人四十一只花，女人三十……
6 | M_GraduateUnion | 54 | yhkj | 南京大学首届模拟商务谈判大赛
7 | D_Computer | 53 | Graduate | 【520校庆献礼】流行电子0距离，畅意享受E世界
8 | D_EE | 50 | ee05yh | 【520校庆献礼】流行电子0距离，畅意享受E世界
9 | NJUExpress | 46 | ee05yh | 【520校庆献礼】流行电子0距离，畅意享受E世界
10 | ShanDong | 36 | mrgaojin | 洁,祝你在烟台永远幸福
