1 | FOOD | 73 | hawana840930 | 饼干代表我的心^_^
2 | Girls | 69 | chemsensor | 三年感情，才分手一个月，听说有人去单位接她，你的
3 | Movies | 45 | zhouzhi | 吴彦祖、陈冠希、余文乐谁的演技最好？
4 | Pictures | 43 | hailu | 上世纪80年代的上海滩,看看中国阿有进步?
5 | Pictures | 40 | tolost | 网络牛人拍摄到的人民币背后的风景！
6 | Basketball | 37 | colorfulday | span你拿什么在NBA混？
7 | WorldFootball | 34 | Batio | 巴蒂
8 | Girls | 34 | swain | 珍惜向你发脾气的那个女孩
9 | Movies | 24 | gsunflower | 大话西游真的很经典，这么多年重看还是很感动
10 | Basketball | 23 | minhan | ZZ:维尔斯复苏仍需被交易
