1 | Girls | 293 | liutao | 一年一度母亲节，一字一句爱母心
2 | Basketball | 127 | johnday | 一个鼓楼区篮球人无奈的呐喊，兄弟们都顶起来！！
3 | Basketball | 84 | yxf760321 | 胡子男露点被吹技犯，羞涩地笑了
4 | Girls | 82 | mayi001 | 女生宿舍门上的公告……
5 | Pictures | 81 | SpArKz | 越狱中文版巅峰阵容构想[转]
6 | D_Atmosphere | 61 | coolshu | 如此重要的日子，快来祝贺windydq吧
7 | Pictures | 42 | zindan | 韩国这些“谢绝中国人入内”的告示(ZT)
8 | NJUExpress | 39 | abcx | [OPEN]中外大学生飞盘交流赛
9 | FOOD | 35 | xkliu | 一个误入歧途者的自白
10 | NJUExpress | 32 | supershark | 鄙视食堂打汤的师傅
