1 | Girls | 86 | RaulandVieri | 请问各位男生早上洗漱要花多少时间啊？
2 | Pictures | 54 | yeahblue | 新疆特色美味，馋的你流口水！
3 | Movies | 54 | yade | “张艺谋们”的几大浅薄：
4 | Abroad | 53 | stonemonk | [Offer]Molecular
5 | Basketball | 49 | blpns | 古今最佳第六人
6 | Pictures | 49 | xgwan | 历史归属争议再起风波
7 | History | 47 | duckhjb | 为什么要反~日?
8 | FOOD | 41 | lyz | 天下面包是不是都一个味啊
9 | Basketball | 40 | blpns | 火箭季候赛名份已定
10 | Girls | 34 | Hell0nEarth | 【求助】遇到个很冷的mm，如何去追？
