1 | JobAndWork | 193 | 82406xw | 几经波折，终于拿到南大六食堂offer
2 | Pictures | 138 | xxw | 偷车蟊贼复猖獗，校园警卫显神威，师生员工齐同心，
3 | Boys | 126 | pulo | 写给父亲
4 | FOOD | 97 | outnetsnail | 煲粥+北京烤鸭----看我们男生的极品夜宵
5 | S_Law | 73 | lawjzt | “和谐校园文明行”活动正式启动！
6 | Basketball | 67 | Owl | 觉着还是换走麦蒂比较好
7 | Basketball | 66 | windman | 火箭主帅顽固超范甘迪
8 | M_GraduateUnion | 60 | YHSJ | 【研会实践】主题文化衫设计大赛之创意灵感培训讲座
9 | 7th_Art | 58 | SydneyCarton | SPA/7th_Art联手电影沙龙第一弹！荷兰影片《角色》
10 | M_GraduateUnion | 45 | NJUSports | 【研会体育】篮球联赛11月14日中美中心晋级4强
