1 | Girls | 143 | OXJWJW | 上海交大MM宣言：中国没有适合我的男人!
2 | Pictures | 96 | 15950451882 | 这是你我大学一年的表情，挺实在的，不忽悠。。。哈
3 | Girls | 87 | Leomouse | 享受单身！！！
4 | Pictures | 76 | 15950451882 | 【转】朱孝天这个猪头在《康熙来了》讽刺中国！人
5 | S_ForeignLang | 73 | coralline | 光棍节前夜――外院工管“单身Party”（多PP）
6 | Basketball | 50 | RocketsYao | 波士顿凯尔特人的梦魇----德州豪华四日游
7 | LianYunGang | 34 | ljyregina | 【山海连云】版聚图片～～～
8 | S_Law | 33 | NJUJM | 栖霞山枫叶浪漫之旅(PP大放送)
9 | WorldFootball | 29 | jianlian | 德甲-德国锋线新锐梅开二度
10 | S_Chemistry | 27 | wusuoshishi | [转载]
