1 | Pictures | 320 | OBAFGKM | 拿什么拯救你，我的图书馆
2 | Pictures | 179 | njnuboy001 | 冈比亚总统警告中国，你攻台我就出兵！
3 | Girls | 132 | pxyhjp | 吻一下女生就算放荡吗？
4 | FOOD | 81 | taro | 一只可乐瓶，一件小事
5 | FOOD | 72 | zizicjy | 初次做提拉米苏，大家轻砸！
6 | Volunteer | 71 | volunteer | 【青协大手拉小手】聚焦铅污染，关注健康
7 | M_GraduateUnion | 70 | yhkj | 垠坤杯南京大学首届模拟商务谈判大赛圆满结束
8 | M_GraduateUnion | 63 | evasmart | 【研会博士部】“新学衡博士论坛”第二期
9 | S_Journalism | 55 | qianqing | 新传院毕业拍照聚餐伤情搞笑美图
10 | SCDA | 53 | Top500 | 【SCDA】“相约500强，共进下午茶”第四期成员招募
