1 | Pictures | 137 | apsaras | 12月14日
2 | FOOD | 111 | BigMango | 别吵了！你们吃的那也能算多？！看看什么叫多！
3 | S_Business | 88 | shaoshuang | 可爱的孩子们-记07电商庆丰小学支教
4 | S_Chemistry | 82 | fifonomy | 大家来看看这群无赖。。
5 | Pictures | 77 | btnan | 大GG和大MM真实生活写照(多图)
6 | M_GraduateUnion | 73 | YHXK | “南京大学第二届科学与人文讲坛系列讲座”第一讲
7 | Girls | 72 | tartan | 小师姐妙语
8 | DII | 70 | kymleague | 城难七十年祭
9 | FOOD | 65 | WTS | 个中东西fb小记
10 | S_LifeScience | 64 | bagwell | 热烈祝贺生科男排勇夺冠军！！！（多PP）
