1 | PopMusic | 77 | shansnf | 你最喜欢ＳＨＥ哪首歌
2 | NJUExpress | 77 | sedge | 挖坑作业完全手册----girls资深水王sedge整理发行
3 | Pictures | 60 | nju2008 | 天下最美丽的尼姑
4 | Girls | 48 | rain19850126 | 暗恋的女生要出国，该表白吗？
5 | Pictures | 45 | SaGitta | 舒畅感性照
6 | Girls | 45 | yrowmaor | 室友让我觉得自己作人很失败
7 | Tennis | 38 | XLCZ1 | 费德勒让智利火炮无力再鸣
8 | Seasons | 34 | winding | 看PB14集有感。千万不要再拍第三季了
9 | WorldFootball | 27 | Gates | 有些所谓的天才注定在场上碌碌无为
10 | WorldFootball | 21 | suzhenchang | 德罗巴炮轰舍瓦自私：我不愿意搭档核弹头
