1 | NJUExpress | 128 | by630 | 80后的作文经典，怀念吧:-)
2 | Girls | 112 | swain | 81年男生和88年女生可能性多大？？
3 | Pictures | 109 | bobob | 发现了黄金甲最大的BUG！
4 | Pictures | 94 | NeverEnd | 香港娱乐最成功男士：刘德华和梁朝伟的故事
5 | NJUExpress | 68 | phoenix2006 | 电梯惊魂：让我怎么爱你：蒙民伟楼电梯！
6 | TV | 51 | gongsunce | 个人还是比较喜欢《少年包青天I》里的公孙策！
7 | PopMusic | 45 | jmhjddw | 2006第十三届华语榜中榜完全获奖名单
8 | Basketball | 39 | tottistar | 全明星最终票选：麦蒂保住首发
9 | TV | 38 | gongsunce | 求任泉、李冰冰、谢可可、姜武的《一脚定江山》
10 | Basketball | 34 | DirkNowitzk | 西部首发为什么没有我啊?难道我的表现不优秀?
