1 | Pictures | 208 | pineapple321 | 元旦上海行又住了新的五星级酒店~~！！
2 | Girls | 166 | others006 | 异地恋是没有结果的。
3 | FOOD | 125 | jiajiah | 关于必胜客
4 | Basketball | 101 | cobratoxin | 十年篮球,挥别
5 | Movies | 88 | fighting | 强烈推荐电影《云水谣》！！！
6 | FOOD | 74 | taro | 你会吃你男（女）朋友吃剩下的东西么？
7 | Pictures | 72 | Saber | 幽默的最高境界~~~~（不笑不行哟）(
8 | Basketball | 67 | benbest | 大家来猜猜火箭接下来的１０场比赛能赢几场？
9 | WorldFootball | 53 | wade19830613 | 巴萨喉舌透露传闻变事实
10 | Girls | 53 | kaisa520 | 贴一张MM的照片，大家轻砸
