1 | NJUExpress | 226 | kinglhbing | 11舍遭窃贼重创
2 | Pictures | 147 | njuluvi | 56个民族56朵花（申请置顶）
3 | Girls | 141 | LionGG | 最烦那些露签名档的了
4 | NJUMUN | 84 | NJUMUN | “光大杯”2007南京大学模拟联合国大会即将召开
5 | NJUExpress | 80 | Nozick | 南京大学第十届基础学科论坛开幕式暨论文展示研讨会
6 | M_GraduateUnion | 73 | evasmart | 【国学讲堂第三期学术报告会第五讲预告】
7 | M_GraduateUnion | 70 | yhkj | 南京大学首届模拟商务谈判大赛
8 | FOOD | 70 | angleblue | 马台街小吃，你吃过几种？（zz）
9 | S_Business | 70 | SmithForum | 泱泱南大韵
10 | Girls | 58 | yaxin1018 | JMS,你们结婚打算让父母花多少钱啊?
