1 | Pictures | 75 | youciren | 牛!拆迁现场逼迁实拍
2 | FOOD | 74 | lxn413 | 南大学生会不会得高血压?
3 | D_Physics | 59 | tenyuan | [转载]沉痛悼念彭桓武先生
4 | NJUExpress | 43 | liulinyan | 东八四楼惊现女飞贼！我宿舍损失惨痛！
5 | Girls | 42 | ad007 | 测测你的长相~准不准大家来说
6 | FOOD | 41 | olive333 | 强烈要求食堂换个牌子的豆浆！
7 | Seasons | 32 | rlr | PB第二季第17集中的疑点
8 | Abroad | 24 | heartflying | 我不是牛人,小offer啊
9 | History | 23 | shashengwan | 好奇的发现~~中国历史的悲剧。
10 | WorldFootball | 19 | richstar | 不来梅的两个家伙太bt了。。
