1 | Pictures | 266 | lazzycat | 忍不住发新鲜出炉的婚纱照底片，听蓝作品（多图）。
2 | Pictures | 131 | thinpig | 网友实拍：我在日本西九州的见闻zz
3 | Girls | 109 | coldsunmoon1 | 有了mm后出现巨大经济危机！xdjm们，我该怎么办？
4 | NJUExpress | 80 | LilyRain | [转载]
5 | FuJian | 79 | tafeng | 欢度五一・3rd
6 | ID | 71 | LAmant | 恋上applecrystal~
7 | Girls | 60 | llei | 23、24幢有内贼
8 | NJUExpress | 58 | secretqqy | 大家警惕！！浦口的骗子！！――mick被骗经历！
9 | Basketball | 53 | richardwoods | 发现篮球版挺哪个队的粉丝多，哪个队也就快回家了！
10 | M_GraduateUnion | 48 | YHXS | 院士讲坛现场直击--刘东生与环境地质(多图)
