1 | S_LifeScience | 74 | bxm0813 | 猪年到~~~
2 | History | 66 | Braveheart | 大家最喜欢的春晚节目是什么啊？
3 | WorldFootball | 46 | dylan558 | 意甲焦点战-伊布绝妙助攻
4 | Girls | 44 | xiaoweisuo | 危险游戏之耳畔亲吻（请君勿试！）
5 | Girls | 35 | NiCi | 哥哥被我送去相亲了
6 | Abroad | 24 | Charmy | 替友报offer
7 | WorldFootball | 23 | petit | 意甲焦点战-罗纳尔多两球
8 | NJUExpress | 21 | yeahblue | 刚看完春晚，大家谈谈自己的看法哈！我觉得挺好！
9 | Basketball | 15 | baboon007 | 老范战地日记电影版海报
10 | History | 9 | juhyun | 如果看到美军强奸日本人，你会怎么做
