1 | Pictures | 350 | cxq | [转载]
2 | S_LifeScience | 100 | Kennith | [转载]
3 | D_Computer | 64 | lijiejacy | ****######水调歌头一周年庆#######*****
4 | FOOD | 62 | yephung | 【男儿当自强】趁父母不在家。。。
5 | Pictures | 59 | blyanyan | 建议学生会举办“南大选美大赛”
6 | NJUExpress | 57 | gongsunce | 今天我居然被认出了4次.........
7 | Basketball | 57 | ronaldo007 | 看得出来火箭在下很大一盘旗
8 | Seasons | 45 | cxtiger | 兄弟俩再入狱
9 | D_EE | 44 | eell | jjkk有喜啦
10 | NJUExpress | 41 | ant1110 | [转载]
