1 | D_Atmosphere | 136 | cardina1114 | 美丽师姐的结婚pp，狂赞啊！！！
2 | S_LifeScience | 132 | shannala1 | [转载]
3 | Pictures | 111 | qianying | 赵雅芝的这张近期照片，太高雅了。她真的很完美很幸
4 | NJUExpress | 105 | jingsheng | 南师家教你凭什么打人
5 | WorldFootball | 82 | pigthree | 意甲焦点战-阿德传射
6 | HeNan | 68 | 0525070 | 写给xiaofeiyang的婚礼！！！
7 | Pictures | 63 | hslyg | 章子怡携外籍男友看球
8 | Basketball | 62 | swain | 原创-想到一个无敌的战术！姚明投三分！
9 | Girls | 42 | celeste02 | Help!gg的前女友要请他吃饭,要不要让他去呢
10 | WorldFootball | 37 | pigthree | 桑普多利亚真可怜
