1 | Girls | 155 | eminnie | 第一次跟男生表白被拒绝,难过中...
2 | NJUExpress | 150 | jackiling | 这样的宿舍还怎么住人？？？
3 | FOOD | 88 | afrafrafra | 贡献一个吃橙子的方法^_^
4 | Basketball | 85 | yxf760321 | 巴蒂尔成为关键先生，火箭客场险胜掘金
5 | Pictures | 83 | gameover127 | 台湾人看毛泽东-假如中国没有毛泽东（转载）
6 | Pictures | 63 | tsj | [转载]
7 | History | 57 | fang3082 | 历史上的奇怪现象
8 | NJUExpress | 50 | huangmeng | 你绝对不知道浏览器还有这个功能
9 | Girls | 32 | efgod3 | 强吻失败了,我还有没有机会?
10 | Basketball | 31 | biaugmy | 每个人都无可替代--巴蒂尔的一些图片
