1 | Pictures | 88 | tctl | 如果丘处机不去牛家村
2 | Abroad | 48 | bigox343 | offer
3 | Basketball | 48 | richstar | 麦蒂28分老穆22篮板创纪录
4 | WorldFootball | 37 | 031211021 | 汉堡复苏了
5 | FOOD | 36 | Charmy | [转载]
6 | Basketball | 36 | jinny | 无尽的爱，致艾弗森……
7 | Abroad | 34 | meiqing | [offer]stat@u
8 | WorldFootball | 23 | Napture | 英超-超级替补补时绝杀
9 | NJUExpress | 21 | wzh176 | 中国科研实力吓坏美国科学界
10 | Pictures | 17 | erbium | 早春的色调――梅花山原创pp大放送
