1 | NJUExpress | 118 | jeexee99 | [转载]
2 | Movies | 92 | tolost | 忍者神龟重出江湖，简直太激动人心了
3 | ChangZhou | 88 | WorldHello | 愤怒了！被逼去相亲
4 | FOOD | 65 | luotuoci | 贵苹果，便宜苹果？
5 | S_LifeScience | 62 | fengxiao | 【生命科学奖学金在宁夏大战场中学设立】
6 | Basketball | 59 | greater | 火箭86:76主场力克步行者
7 | Pictures | 55 | bigyes | 真牛！趁胡哥不在两会服务人员拍出这种照片(图)
8 | D_Physics | 53 | ilovephy | 【多图】今天您立了吗？（物理系竖蛋活动场面火爆�
9 | Basketball | 48 | xueshu | 美女评球：一记耳光，唐正东请自觉退役
10 | Abroad | 45 | englier | system
