1 | Pictures | 135 | hungerwolf | 华南师范大学南海校区变态行为(zz)
2 | V_Suggestions | 126 | Tripitaka | 个人觉得应该讨论下对“庄生秋水同学”事情的处理
3 | Pictures | 107 | tiantang111 | 萧峰（黄日华）
4 | Movies | 105 | 5254ever | 《幸福来敲门》
5 | V_Suggestions | 96 | b041052024 | ［为我的一位姐姐讨取血汗公道！！！］的处理结果
6 | Movies | 71 | devily | 有没有看了这部电影不吐的？
7 | M_GraduateUnion | 62 | NJUSports | 【研会体育部】【研究生足协】春季足球联赛第三轮轮
8 | M_GraduateUnion | 54 | evasmart | 【国学讲堂第三期学术报告会第五讲精彩回放】
9 | SCDA | 50 | SCDA | 【SCDA】中国未来领导精英项目（CFL）演讲报告会
10 | S_Chemistry | 43 | chemyh | 化院足球队4：0横扫地科，力拔山兮气盖世
