1 | Girls | 136 | water | 是他不体贴，还是我不好
2 | M_GraduateUnion | 79 | YHSJ | “衣衣不舍，衫衫而至”--毕业衫设计大赛开幕啦~~
3 | Pictures | 75 | flyingcat | 催人泪下的校园爱情
4 | FOOD | 47 | maybesoso | 自得其乐的金枪鱼三明治
5 | Pictures | 45 | mxd | 突然发现真正适合我的是这个MM
6 | Seasons | 37 | landscape | DH,我们想念你
7 | History | 34 | Geist | 斯巴达300勇士的故事是骗人，西方人的意淫
8 | Girls | 32 | anodyne | 我是不是有严重的心理问题？
9 | Movies | 30 | ncbbc | 2007年电影推介――你看过哪几部？最期待哪部？
10 | E_Sports | 25 | dylan558 | 大家dota有喜欢用的英雄没有？
