1 | Pictures | 98 | Napture | [转载]
2 | PopMusic | 81 | Willurpimd | 不清楚S.H.E.各自是谁的进来看一下
3 | S_Chemistry | 76 | agudajia | 我见过的最帅的学士照
4 | S_Business | 74 | chinakliang | 【讲座】花旗前高管-学生职业生涯规划及全方位解决�
5 | Girls | 74 | cao66 | 新街口小斗嚣张小偷，鄙视之。（附图）
6 | D_Atmosphere | 61 | anniedear | 又来很多PP哦!
7 | M_GraduateUnion | 55 | NJUSports | 【研会体育部】【研究生足协】春季足球联赛第四轮战
8 | NJUExpress | 54 | YHSJ | 【研会实践】“520・南大”―悟・瞬间★★感悟南大�
9 | S_Geography | 44 | mynameisyo | 户外拓展的PP照片新鲜出炉
10 | TV | 43 | ningshuang | 唐太宗李世民――童年的美好回忆啊
