1 | Girls | 175 | 12332112321 | 老婆长的丑,怎么办?
2 | Pictures | 168 | lombard | 杨丽娟驳斥刘德华声明
3 | FOOD | 120 | yijianpiaoho | 常吃鱼的人容易开心
4 | Basketball | 111 | jack1225 | 相似的kobe与麦迪!
5 | NJUExpress | 110 | njuerforever | 我渐渐地开始喜欢复旦，开始喜欢上海了……
6 | Pictures | 101 | utena | [转载]
7 | Movies | 101 | hsboy | 赵薇――“票房天后”而非“票房毒药”！~
8 | NJUExpress | 69 | haoguang | 希望大家能支持小百合海外站度过难关
9 | Girls | 64 | gugangan11 | gongsnce的英文
10 | WorldFootball | 31 | petit | 米兰德比恐告别中国电视!!!!!
