1 | Basketball | 163 | yxf760321 | 科比双拳难敌姚麦四手，火箭有惊无险客场取胜
2 | Pictures | 100 | jujishou2199 | 金庸书中那些曾经感动过我的三十句台词
3 | Basketball | 95 | JeffVanGundy | 火箭取得赛季首胜，姚明两双麦蒂神勇
4 | S_Journalism | 76 | gogo1226 | 《亲历可可西里10年》义卖及纪录片《平衡》观片会系
5 | D_EE | 66 | iknowher | [转载]
6 | LinuxUnix | 63 | SteamedFish | 本周LUG计划
7 | Pictures | 56 | kingway | 今天未名的十大
8 | S_Business | 51 | SYGF | 【公服信箱】之【笑对职场】揭谜热点行业人才招聘，
9 | WorldFootball | 47 | bestrok | 拜仁17岁神童震惊整个德国足坛
10 | GreatTurn | 40 | yuxinsnow | 还有一个小的，刚好12点：）我这里，嘿嘿
