1 | Pictures | 402 | lamenting | 【转帖】☆★最经典的一个图片...看了才知道....中�
2 | Pictures | 71 | wlffigo | [转载]
3 | S_LifeScience | 68 | tianshi123 | 祝福实验室的情侣们
4 | FOOD | 53 | shuixiaoxian | 难道我吃的真的很多？？
5 | Basketball | 52 | IversonAllen | 艾弗森发威取44分15助攻
6 | Abroad | 36 | vitak | [offer]biophysics@Oklahoma
7 | Abroad | 31 | EGRCC | [offer]math@Brandeis
8 | PopMusic | 29 | danny82 | 大家说说五月天的经典曲目吧
9 | D_EE | 22 | deerhunter | 恭祝严绪东先生新婚快乐
10 | Girls | 21 | phoenix2006 | 求助：舍友失恋在宿舍发酒疯怎么办？
