1 | S_LifeScience | 88 | poze | [转载]
2 | S_Business | 67 | suosob | 五连冠！商院再创奇迹！
3 | Pictures | 66 | RealEminem | 全宇宙最伟大的科学家和数学家
4 | AlbumShow | 62 | belialxu | [转载]
5 | S_Chemistry | 60 | ztqabc | 祝贺化院在运动会上取得第三名！！！
6 | D_EE | 54 | hmzxsnx | 创造历史！！！电子系运动会获全校男团第二！！
7 | SCDA | 53 | SAC | 【SCDA】SAC与美国知名企业家、学者面对面
8 | SCDA | 51 | friendsclub | 【SCDA】2007团队求职训练营――求职者的盛宴
9 | M_GraduateUnion | 47 | NJUSports | 【研会体育】研究生篮球联赛1103法学、电子获胜
10 | S_Geography | 46 | jordan880513 | 热烈祝贺我院运动会再创佳绩！
