1 | Girls | 81 | sedge | 代友求助:喜欢上堂妹怎么办?
2 | Basketball | 64 | lixs1985 | 江苏体育局下达赢球必杀令：必须将比赛带回东莞zz
3 | NJUExpress | 60 | tx3721 | 南大校园壮观景象！！！
4 | Girls | 60 | 345k | 大家是怎样喜欢上一个人的
5 | History | 57 | xueshu | 80年代以来南大学生史：学生正在变成垃圾
6 | Abroad | 53 | andynju | 报一下我的offer
7 | Basketball | 48 | yxf760321 | YM持续升温火箭热力四射，篮网漏洞百出客场被焚
8 | Pictures | 46 | ghh0917 | 难得的精彩图片，笑不笑由你
9 | Pictures | 44 | zxky | 追忆开国元勋：清晰少见的新中国领导人图集
10 | FOOD | 38 | baodonkey | 自己做的南瓜饼！（9张图）
