1 | Basketball | 146 | devily | 姚明发威力压石佛，火箭擒下马刺
2 | Boys | 135 | wadl | 写给爷爷
3 | S_LifeScience | 101 | biogra | 生科男篮，谁与争锋（附男篮帅哥们的X档案^^)
4 | Basketball | 101 | nnndddvvv | 易建联高位威力盘活雄鹿
5 | S_Journalism | 83 | cxmouse | 热烈庆祝第八届中国记者节！
6 | S_LifeScience | 74 | biogra | 【出线啦】研究生篮球联赛战报（第三号）
7 | Pictures | 69 | Merlin | 你的阑尾还在吗？！――科学家终于发现阑尾的作用
8 | S_Chemistry | 59 | chemyh | [请求置顶]精彩舞训，美丽舞姿！多pp报导！
9 | Girls | 45 | ericshawX | mm总是喜欢玩弄我脸上的青春痘~~~~！！！
10 | M_GraduateUnion | 44 | YHBSB | 【“国学讲堂”第四期第一讲开讲】
