1 | Boys | 185 | suli314 | 想妈妈了
2 | Basketball | 134 | yxf760321 | 休斯敦中国德比主队胜出，双雄会双星闪耀各有千秋
3 | Girls | 119 | brightee | 三年了,今天我的她终于回来了!感谢上苍对我的厚爱!
4 | Basketball | 102 | Jeans236 | 中国德比火箭主场力克雄鹿
5 | Girls | 90 | honest1986 | 我要告诉你，我爱你
6 | S_Environment | 59 | BYuan | 07硕国防园户外拓展PP
7 | M_GraduateUnion | 51 | NJUSports | 【研会体育部】篮球八强队伍一览(附PP)
8 | FOOD | 45 | zhouxin95 | 觉得青岛路上的水饺更好吃！
9 | S_Business | 44 | SYWHB | 2008商学院迎新晚会征集节目、招募主持人和礼仪
10 | SPA | 30 | ipodnano | 【spa】
