1 | Pictures | 191 | BIGNIU | 一位浙大教授令人寒心的演讲：说出了真话！(转载)
2 | NJUExpress | 106 | lf108946747 | 太恶劣了，我一定把你揪出来！
3 | Girls | 85 | aleo | MM喜欢咬自己的GG
4 | WorldFootball | 76 | milaner | 【讨论】你对舍瓦回归怎么看？（非米兰迷止步，谢谢
5 | FOOD | 69 | garland | 尹氏鸡汁汤包怎么那么甜啊
6 | Pictures | 63 | plainriver | 陕西农民出于经济拮据
7 | NJUExpress | 57 | redgreentc | 诙谐喜剧《梦西厢》周末上演
8 | E_Business | 53 | buybao | 百宝巨献-----反向拍卖总结
9 | S_Chemistry | 49 | waildman | 怒了！狂祝宿舍帅锅快乐！！！（附PP）
10 | FOOD | 49 | gongsunce | 吃鸡蛋，eating
