1 | Girls | 108 | kingyb | 也谈婆媳关系，婆婆永远也不是妈~~转载
2 | Pictures | 99 | wheatland | 上星期和老校长的合影
3 | Pictures | 98 | asdfasd3760 | Mp3
4 | SeniorCitizen | 67 | jiangbobo | [转载]
5 | Girls | 62 | liushui1985 | 篮球场的女生
6 | BNGames | 57 | windysun | [转载]
7 | D_Politics | 50 | 023xuyl | “百分百公务员”
8 | D_EarthScience | 48 | earthday | “首届地学文化节”地学知识竞赛报名通知
9 | Basketball | 45 | BFFBI | 评球的美女：一记耳光，小心打在自己的脸上
10 | Basketball | 43 | deliver | [通知]
