1 | Boys | 109 | ming00520 | 这校园,我们曾一起走过~
2 | Girls | 108 | adley | 失恋了！现在的女生好实际！好绝情！（切身感受）
3 | NJUExpress | 86 | gotonj03 | 哇个坑：朝天鸣枪后,子弹飞哪里去了？
4 | NanTong | 83 | cherishrabit | 从如东男友家回来，感觉非常不好。
5 | Pictures | 58 | double2l | 传说中最可爱的猫猫
6 | WorldFootball | 56 | tegrat | 伟大的背后,是否应有尊重?
7 | NJUExpress | 54 | sid | 2007十大最新最可怕的骗局－－太恐怖了
8 | Girls | 53 | wokerbinsen | 某南大女生素质还不如中学生
9 | FOOD | 31 | jizhuluomin | 花色炒饭
10 | FOOD | 26 | hawana840930 | 喜欢和路雪的,请举手
