1 | Basketball | 123 | yxf760321 | 火箭主场惊险翻盘，晋级下轮指日可待！
2 | NJUExpress | 99 | Spr | 关于苏宁，至今没有答复，谢谢大家的关注
3 | FOOD | 77 | anfaye | [转载]
4 | Basketball | 58 | DGmonk | 天王山，火箭先拔头筹，飞龙在天火箭3：2爵士！
5 | Girls | 50 | pxyhjp | 拥抱了一下女同事，刚好被MM看到了……
6 | Girls | 49 | njuleo | 我撞桃花运了吗?
7 | Pictures | 47 | devily | [转载]
8 | PopMusic | 46 | ForTheKing | 如果杰伦葛格爱上了我。。。
9 | Pictures | 36 | majingwen | 《神雕侠侣》搞笑版
10 | WorldFootball | 34 | OrangeHuLu | 足坛假摔9/10
