1 | Movies | 161 | hsc | 阿甘正传VS肖申克的救赎，你选哪个？
2 | NJUExpress | 141 | YHSJ | ****“520南大”系列活动，给南大的献礼****
3 | Pictures | 97 | sweetyberry | 赵薇・十年
4 | Pictures | 86 | justjia | 百合千古遗憾－－gongsunce决定退隐江湖
5 | M_StudentUnion | 84 | silver | [南大学生会]建行信用卡杯十大歌星决赛落幕
6 | NJUExpress | 78 | rayT | 学生会是不是有点侮辱同学的智商了？
7 | Basketball | 60 | yxf760321 | 季后赛4.27综述――妖人基德、郁闷奥胖、被屠小牛
8 | FOOD | 60 | lunatic | 惊现真正黄瓜！！
9 | FOOD | 40 | xfsb | 关于绿豆粥，大家都来发表下自己的看法啊！！
10 | D_Maths | 37 | englier | 第三件也出来了，收笔了我:)
