1 | Pictures | 84 | promise | 春晚最PP的演员－金玉婷
2 | Girls | 54 | heysky | MM要我下学期陪她晚上自习，可我有点不愿意～
3 | WorldFootball | 52 | kidd5 | 一张照片让小罗彻底暴露
4 | NJUExpress | 48 | bumpkin | "排队第一却买不到票"说明了什么？
5 | ID | 46 | frostheart | 零发文，十万……
6 | Basketball | 36 | swain | 号外――皮二爷要复出了
7 | Pictures | 36 | happybirdfly | 在家看的电视剧《家有儿女》，特有意思
8 | NJUExpress | 24 | chemouse | 无言以对
9 | Seasons | 19 | eko | C-note原来这么牛啊…
10 | Girls | 19 | lemonCC | 女友陪她的蓝颜知己去市图书馆了。。。
