1 | Pictures | 259 | hhc | 我的gg是贫困生
2 | Pictures | 212 | blueskyzyy | 震撼！！巨牛的县委书记欢迎仪式(zz)
3 | S_Chemistry | 109 | promisescome | 大牛师兄婚纱照三部曲之搞笑版
4 | Girls | 107 | gongsi | 爱情真的那么势利吗？
5 | Girls | 90 | yuminfeng | 不好意思和女友吃饭了
6 | S_SPM | 51 | SPM1 | “轻舞飞扬，梦想起航”
7 | D_EE | 41 | ee05yh | 【系研会】研会各部竞选PP
8 | PopMusic | 39 | sagisun | 【JAY】『彩虹』超级好听！！
9 | ID | 38 | j18tiin | 拍个MM
10 | M_GraduateUnion | 38 | NJUSports | 【研会体育】研究生篮球联赛1025战报
