1 | S_Geography | 176 | UrGO | 地理学院迎新晚会PP火热出炉！！
2 | Pictures | 143 | BananaGhost | [转载]
3 | Pictures | 88 | skywind | 新《射雕》人物油画
4 | Basketball | 83 | ilovejona | 众人对樱木花道的评价
5 | Movies | 79 | babycat | 投名状---让我震撼了一个晚上!!
6 | S_Law | 72 | NJUJM | 【法学院晚会】
7 | DII | 72 | kymleague | 冬日中的爱
8 | S_Business | 62 | SYWHB | 2008年商学院迎新晚会热忱欢迎您的到来
9 | DotaAllstars | 48 | ThereSheGoes | 如果让你拥有dota中的一项技能，你要什么？
10 | SCDA | 40 | SAC | [SCDA]SAC留学考试经验交流会
