1 | Girls | 69 | pxyhjp | 美女不聪明，聪明女都不漂亮
2 | PopMusic | 37 | rover1019 | 现在突然超稀饭“隐形的翅膀“
3 | FOOD | 36 | zxm0519 | 长时间便秘该吃些什么才能改善呢
4 | ID | 26 | pontifex | 宜将剩勇追qt，不可沽名学zh
5 | NJUExpress | 24 | taro | 我让我喜欢文科的弟弟高中分科选了理科，不知道是对
6 | Movies | 23 | zhouzhi | 个人发现的结局其实...有多少人看懂了???~!!!
7 | Abroad | 22 | Lovley | [REJ]EECE@WUStL
8 | Girls | 19 | shuiqingqian | 教你看透一个人
9 | NJUExpress | 14 | hopeless | 浦口流浪记
10 | Abroad | 13 | jenny210h | [转载]
