1 | FOOD | 198 | dan99 | 有多少人每天喝咖啡？
2 | TV | 131 | regulus | 香港民选TVB十大美女
3 | S_ForeignLang | 81 | consensus | 晒照片~――外国语学院迎新晚会（多图哦）
4 | D_EarthScience | 71 | yjf19880326 | 绝杀又见绝杀
5 | M_GraduateUnion | 67 | yhkj | 【大学生科协】南京大学英语口才风采大赛决赛预告
6 | Boxing_Fight | 66 | johnmiller | 拳击版常见问题FAQ
7 | Basketball | 64 | celebrity18 | 神勇“答案”再现！
8 | M_GraduateUnion | 59 | YHSJ | 【研会实践】名企任我行之“走进鼎信咨询”体验日活
9 | Pictures | 59 | centurion | 身为一名矿工的悲惨的命运--07矿难事故盘点
10 | S_Geography | 40 | KarlMarx | 城规风云之冬日豪情两季联播（多图）
