1 | Girls | 150 | 122800 | Darling,Happy
2 | Pictures | 126 | winforever | 丢过水瓶的同学，进来看看吧
3 | NJUExpress | 110 | shirman | 南大某些本科生的素质不过如此
4 | S_Chemistry | 70 | jiangjuechao | 热烈祝贺化院在研究生“大气－天文杯”乒乓球赛中取
5 | Girls | 62 | 454545 | 纪念我的爱情
6 | West_Volunteer | 59 | sunyining | “西行路
7 | Pictures | 52 | Ada | 今天阿达做了一件有意义的事
8 | D_Physics | 45 | ilovephy | 纪念“南京大屠杀70周年”物理系师生支部党日活动
9 | M_GraduateUnion | 32 | yhwh | 【研会文化】第二届风采大赛复赛精彩回顾
10 | Basketball | 32 | LutherHead | 告诉你们一些内幕（亲身经历，绝对可靠）
