1 | NJUExpress | 133 | woohyuk | 忽然好怀念浦口，狠狠的…………
2 | Girls | 123 | reddust | 生完宝宝后，我变粗鲁了：（
3 | Movies | 119 | dodoRo | 她们真的很漂亮吗？
4 | Pictures | 109 | dogpie | 陕西名小吃，你认识多少？
5 | Pictures | 95 | 154053742 | 80后的都用过,呵呵
6 | Girls | 76 | FJFJ | 请问大家都会怎么选择
7 | S_Law | 68 | lawjzt | 王丽娟老师“法科新生导航”
8 | S_LifeScience | 67 | poze | 发小帖庆祝上学期通过四门重修
9 | D_Materials | 45 | leejordan | 送别陈辅导员！
10 | E_Sports | 40 | windmilan | 昨天遇到一个超强大的狗。。。。
