1 | Girls | 151 | lovebaobao | 有一种爱叫做放手
2 | PopMusic | 88 | eruca | 陈奕迅演唱会艳光四射
3 | Pictures | 80 | wataru | 北京女孩持五星红旗
4 | Girls | 50 | toypub | 女生的最新操作策略：逢低介入boboCS
5 | Pictures | 49 | Envice1985 | “汤唯裸替”惊现网络：“汤唯你也好意思？”
6 | V_Suggestions | 48 | 2004oct1 | 愤怒投诉:18舍鼠患严重,昨天被老鼠咬
7 | M_GraduateUnion | 46 | NJUSports | 【研会体育】研究生篮球联赛1026战报
8 | D_Computer | 46 | Graduate | *********计算机系系徽征集开始啦~~~~********
9 | History | 45 | chencs | 现在比较有名的高干子女
10 | S_LifeScience | 42 | anshuqing | 2007年国家级精品课程－《生态学》
