1 | Abroad | 41 | TerminatorX | [OFFER]physics@ISU
2 | Girls | 38 | VMYW | 老婆大人不要离开我
3 | Girls | 35 | Haroldwoo | 借人气求各路神仙寻一女生【求助】
4 | Abroad | 33 | littlebee85 | [转载]
5 | TV | 32 | lingao007 | zz金庸版本春节晚会节目单
6 | Basketball | 30 | xbc | 全联盟末节翻盘能力最差的球队就是----火箭
7 | Movies | 30 | bombvstnt | 凯奇有新片了~~~~~~
8 | Basketball | 25 | heysky | 看完湖人比赛,心情如同千刀万剐,决定一星期不看NBA.
9 | Pictures | 19 | shalang | 男女对异性的需求
10 | History | 13 | gookbaby | 又一个forum
