1 | Abroad | 76 | sonofsun | [offer]mathmatics@caltech
2 | Pictures | 75 | TonyChan | 潘基文任命沙祖康（南大毕业）为联合国副秘书长
3 | Abroad | 67 | gcj | 双飞chem@MIT&Havard
4 | NJUExpress | 64 | Pathboy | 再游浙大有感(千万别删)
5 | TV | 55 | zmq | 郑多彬也自杀身亡了
6 | Pictures | 41 | aqhl1001 | 飘过苏州招聘会~~第一次贴自己pp,大家轻砸
7 | Girls | 35 | qianying | 写给四天后的情人节
8 | Girls | 34 | qianying | 美味巧克力，你选哪个？
9 | History | 33 | duckhjb | 《贞观长歌》的不散阴魂z
10 | Basketball | 30 | heysky | 回答:浅谈湖人今天的输球问题(带致歉书)
