1 | Abroad | 38 | lyylmath | [offer]
2 | Basketball | 26 | zhouyiraul | 皮蓬宝刀未老欲复出
3 | Girls | 23 | welldog | [[[板油解惑]]]女生给男生送手链什么意思啊？？
4 | NJUExpress | 23 | poorpig | 百合真的让人觉得很温暖
5 | Pictures | 19 | baidu100c | 刚拍的，很喜庆
6 | NJUExpress | 19 | ben1985 | 春晚――CCTV最浪费。。。
7 | FOOD | 19 | halcyonn | 自创蜗牛做法
8 | Abroad | 18 | ripplewan | ad
9 | Comic | 17 | byronrilke | 看完冥界篇五六集，撞墙的心都有了，老天爷啊……
10 | PCGames | 13 | Loire | [申请置顶]浦口游戏作者
