1 | S_Chemistry | 175 | littlewings | 偶尔不低调一下，发自己的结婚照，请大家多多支持
2 | JobAndWork | 125 | huangmajia1 | 我对批评别人OFFER的人的看法
3 | NJUExpress | 123 | dave1983 | 南京医科大学有学生今早跳楼自杀身亡！！！！！！1
4 | Basketball | 113 | swyc | 火箭输球，我很心痛！
5 | FuJian | 100 | Yongfang | 感恩的心，感谢有你
6 | WorldFootball | 99 | regulus | 英格兰主场2-3克罗地亚
7 | Pictures | 82 | bcdef123 | 美艳哈根达斯，小心口水
8 | Joke | 78 | llyyc525 | 令人抓狂的qq对白
9 | S_Business | 69 | SYGF | 【公服信箱】“笑对职场”之走近银行业，欢迎参加！
10 | M_GraduateUnion | 67 | YHXK | 【南京大学第二届研究生学术文化节开幕式精彩回放】
