1 | NJUExpress | 226 | dloves | 全世界懂中文的人都会回的一个帖子，你信不？！
2 | Pictures | 96 | cola2sunny | 双子和水瓶结婚一个月，晒晒结婚照
3 | NJUExpress | 82 | weizh | 倒霉透顶，及其可恶的小偷，各位同学小心！！
4 | FOOD | 56 | escapist | 再也不去八加八了！！！
5 | Basketball | 56 | JeffVanGundy | 火箭输球之后…………
6 | Pictures | 50 | magma | 办公室粘住的大老鼠
7 | E_Sports | 48 | job4me | [Dota]战队创立兼招新
8 | WorldFootball | 46 | tottistar | 大家最喜欢看哪种进球方式？
9 | TV | 46 | gongsunce | Question：Why
10 | Movies | 37 | shixiaopi | 强烈赞美！：汉江怪物~
