1 | Pictures | 90 | meansure | 新鲜出炉的黛玉,海选结果,唉...
2 | WorldFootball | 39 | XLCZ1 | 天价转播费尘埃落定
3 | Pictures | 37 | yeahblue | 读者文摘年度最佳照片欣赏--张张值得仔细品味
4 | PopMusic | 36 | XLCZ1 | 春晚歌曲《月亮之上》被指抄袭英国歌曲
5 | History | 34 | XLCZ1 | 韩国媒体称中国陷入了“帝国回忆”
6 | Virus | 28 | tolost | 熊猫烧香电脑病毒案在湖北告破
7 | Girls | 26 | pate | ZTZT乱扯的
8 | FOOD | 23 | XLCZ1 | 六国饭局大比拼
9 | History | 22 | duckhjb | 中苏对抗时苏军对我国的恐怖的部署[转载]
10 | FOOD | 16 | Alicecq | 地球村的小年夜饭（夜宴图）
