1 | NJUExpress | 139 | hjksfw | 大家为什么不使用国产手机？？？
2 | Girls | 113 | dan99 | 你心情不好的时候做什么？
3 | Girls | 74 | taro | 不要相信写BLOG的男人
4 | Pictures | 59 | webcool | 观众或许永远看不到
5 | Basketball | 55 | tottistar | 麦蒂33分火箭背靠背连胜
6 | Basketball | 41 | Arsenalking | 从最近的表现看，麦子绝对是和科比同一档次~~
7 | Abroad | 33 | xingqiba | 2个小offer
8 | Pictures | 31 | adamesky | 相拥相爱五千年！
9 | PCGames | 21 | sorceress | 版三三进，其他版友也请进
10 | WorldFootball | 18 | XRooney | 意媒曝光国米真正密谋
