1 | Basketball | 105 | yxf760321 | 别了，麦克格雷迪！
2 | FOOD | 91 | devily | 红豆刨冰
3 | Girls | 78 | ltj1103 | 有人挖我墙角，我却一点也不生气。。。
4 | Pictures | 73 | zd987 | 80后的
5 | Pictures | 52 | freeworld | 君生我未生，我生君已老
6 | S_Environment | 46 | 05Env | 热烈祝贺05元旦晚会圆满成功（pp）
7 | Basketball | 44 | yxf760321 | 太空易强势小爆发，大灰狼不敌小公鹿
8 | NJUExpress | 42 | shadow1985 | 电脑变重了，不知道为啥？
9 | NJUExpress | 29 | yandch | Google
10 | Girls | 22 | mxd | 等你瘦到95斤我就娶你
