1 | NJUExpress | 124 | xybpure | 江湖告急!!!!南大主页换脸,校内无人参与!
2 | Pictures | 110 | greater | 新版“百家姓”,“王”姓成为第一大姓,你的姓排第几
3 | BNGames | 109 | panjunnanda | 居然还有人求我pp啊，赞啊
4 | Girls | 107 | denzel | 我正式宣布!!
5 | S_Business | 95 | chinakliang | 【讲座信息】与杨明学长谈出国申请
6 | WorldFootball | 87 | buaafive | [转载]
7 | Basketball | 80 | canyu | 替补0得分姚麦50分难救火箭
8 | M_GraduateUnion | 63 | NJUSports | 【研会体育部】【研究生足协】春季足球联赛首轮战况
9 | M_GraduateUnion | 53 | young | 身心灵慧――传统文化月之太极推广（图片闪亮登场）
10 | Girls | 50 | victorzhao | 一句话导致和女朋友分手了，怎么办？
