1 | Movies | 66 | tiamo | 《无间道》与《无间道风云》――港版全面胜出
2 | FOOD | 50 | xiaosmei | 裸睡鸡终于下游泳池了……
3 | S_LifeScience | 45 | epiphytecq | [转载]
4 | Basketball | 40 | iamstrong1 | 姚明职业生涯猜想
5 | WorldFootball | 35 | zhuqiancheng | 车子必定翻盘
6 | Girls | 35 | 031060004 | 这个世界真的天妒红颜
7 | FOOD | 34 | icemoon | 雪碧的7种喝法
8 | Girls | 26 | duckhjb | MM必须要知道的：九成男人这么想
9 | WorldFootball | 25 | iKAKA | Dida转投Bacelona,签订3年合同
10 | Pictures | 19 | shannala1 | [转载]
