1 | NJUExpress | 122 | perfectbaddy | 发现好多人打字都喜欢用。。
2 | Pictures | 116 | monkeyjiang | 九张图片看出你的性格!
3 | Basketball | 75 | firesnake | 乔丹的记录zz
4 | Girls | 74 | mmm | zz过年去mm家，没想到这么多事
5 | Girls | 63 | ericshawX | 一般的女友总是把我搞到很晚，我很苦恼？
6 | Movies | 60 | Atticus | ==第79届奥斯卡获奖名单==
7 | Pictures | 58 | QIYOUPIAOBO | 《家有儿女》PK《武林外传》…………
8 | Basketball | 56 | NedvedJay | 江苏报纸什么水平
9 | WorldFootball | 35 | paulomaldini | 意甲焦点战-奥多争议红牌
10 | TV | 20 | Sorbonne | 你们说吕秀才为啥不选无双啊？
