1 | NJUExpress | 119 | Spr | 合理消费，警惕忽悠！！
2 | Basketball | 117 | yxf760321 | 勇士主场再胜小牛，黑八奇迹即将重现！
3 | Girls | 105 | stinghan | 女生长发好看还是短发好看
4 | Girls | 97 | neverbaby | 父母反对我和男友在一起，怎么办呢？
5 | AlbumShow | 92 | noheartrain | 【庆祝五一，心情好】发照片啦。每翻一页，更新一到
6 | D_EE | 66 | njusz | 03电子天目湖毕业旅行pp之终结版(n多图)
7 | NJUExpress | 66 | YHSJ | “520・南大”系列活动――悟・瞬间@@@@征集公告
8 | FOOD | 62 | lichenl | 【烘焙diy】新鲜出炉的草莓芒果幕司，附详细步骤
9 | Pictures | 28 | double2l | 中国最肥的猫咪
10 | ID | 26 | coolwolfzw | 上站柒万了
