1 | Girls | 157 | fengchennv | 帮帮我，该怎么办？
2 | History | 113 | duckhjb | 汤加国王竟睡了3.7万处女z
3 | Pictures | 79 | muyubai | 明星素颜照谁最惨不忍睹[组图]
4 | D_Physics | 70 | graceus | 强烈建议把李俊老师的讲课录像下来！
5 | NJUExpress | 53 | AtInSrTa | 正告在三四舍楼下打球的男同学们：我要泼水了！
6 | Stock | 48 | elechips | 荐股大赛（10月15日―10月19日)
7 | Basketball | 45 | busyding | 你们要做好心里准备！
8 | Basketball | 45 | Invocation | 麦迪缺阵姚明挑大梁
9 | Pictures | 36 | QIYOUPIAOBO | 最英俊的少年
10 | FOOD | 28 | rainautumn | 这样的电饭锅还能煮火锅吃的？
