1 | Girls | 250 | wangzi | [转帖]预测你２００7年的爱情,很准哦！
2 | Pictures | 117 | yujiatun | 大学生最应该旅游的十个城市zz
3 | S_Environment | 82 | HTF315 | 热烈祝贺dewen同志诞辰XX周年
4 | Girls | 69 | heysky | 极其矛盾中,十一有6个MM约我出去逛街,怎么办?
5 | NJUExpress | 65 | forgetever | 大伙说说,我该不该寄钱?
6 | NJUExpress | 44 | ririri | 南大有没有教授可以上百家讲坛
7 | Pictures | 43 | fengyansi | 超酷黑莓
8 | WorldFootball | 33 | Afreet | 白色之神全场10次扑出必进球
9 | WorldFootball | 28 | RaulGonzalez | 祝贺本版前版主Collins新婚大喜
10 | Basketball | 22 | IceLaker | 姚明谢幕战27分难救主
