1 | NJUExpress | 262 | adsoldier | 算命：看看你古时候的社会地位（ZT）
2 | Girls | 95 | 5656 | 考研费用的悲哀
3 | Basketball | 80 | yxf760321 | 休斯敦火箭主场力克快船
4 | NJUExpress | 74 | cero | 强入民宅,人身伤害,威胁恐吓，居然发生在自己身上
5 | Pictures | 70 | cometojo | 这是一个安静且很有韵味的城市
6 | Pictures | 67 | FujiSyusuke | [原创多图]东南楼前不被人注视的世界
7 | TV | 36 | AriesMM | 我喜欢的古装帅哥（HC女之HC帖）
8 | D_Maths | 31 | duoduo | **03数学游戏晚会照片新鲜出炉**（一）
9 | WorldFootball | 30 | Denmark | 阿布离婚了,代价10亿英镑
10 | S_Business | 28 | meanmachine | 商学院第七届研究生论文竞赛开始啦！
