1 | E_Sports | 94 | phoenix2006 | 做人要低调！vs7级也好意思出来吹牛啊？
2 | Girls | 91 | haortx | 帮宿舍mm求问。
3 | Girls | 86 | bigbigmouse | 【转载】怀孕了才知道老公好搞笑
4 | Basketball | 72 | mytoes007 | 大胆预测
5 | Pictures | 60 | ZXTTC | 火星--上班听音乐,下班要发泄--文
6 | History | 55 | mimashi555 | [八卦]里贝里
7 | Basketball | 45 | pennyliang | 火箭危险了，出场时间联盟前三都是火箭
8 | FOOD | 44 | Laurel | 自己做的果汁鸡翅
9 | SCDA | 42 | SCDA | 【SCDA】华润新鸿基房地产（杭州）有限公司宣讲
10 | S_SPM | 38 | SPM1 | 2007魅族全国音乐校园行
