1 | NJUExpress | 181 | qingq | 培俊化作星辰去，飘向永恒天地间。
2 | Girls | 168 | cryingangle | 不想拉我的手的bf
3 | S_SPM | 132 | feinanhui | 图文报道05政治大家族春游扬州
4 | Basketball | 108 | yxf760321 | 麦蒂复出状态神勇准三双，火箭主场有惊无险胜国王
5 | Girls | 95 | magenta | 女朋友有一个瑕疵，又不知道怎么开口跟她说……
6 | Pictures | 79 | taoyh | 农妇产下“外星人”
7 | WorldFootball | 64 | Afreet | 我自豪地宣布：皇马最终会夺冠
8 | Pictures | 50 | silvershark | 有感而发，为自己汗颜
9 | M_GraduateUnion | 46 | lovewgh | 南京大学研究生篮球协会招新通知
10 | M_GraduateUnion | 39 | yhkj | ★★EC参与系列之三★★
