1 | Girls | 186 | Robinlily | 即使你一无所有，我也要嫁给你
2 | Pictures | 131 | Merlin | 你还敢去华山吗
3 | M_GraduateUnion | 91 | YHGF | “炫我公寓”宿舍装点比赛入围pp大晾晒
4 | Pictures | 77 | GuDXS | 借人气：老师生病，紧急求助！
5 | FOOD | 69 | yumen001 | 诱人的新疆干果：巴达木、杏干、鲍鱼果、无花果干、
6 | NJUExpress | 58 | dancerindark | 请女生警惕一个英语口语很好的中年人
7 | WorldFootball | 50 | ljz | 小贝，罗宾逊被踢出英格兰国家队23人名单
8 | NJUExpress | 46 | NJUers | 【NJUERS】杰出校友论坛之商务礼仪与形象设计指导讲
9 | Basketball | 42 | bohu | 看看太阳的阵容，太豪华了，必夺总冠军
10 | JobAndWork | 33 | 352009 | 某些拿n多offer的高手，放我们一条生路吧
