1 | D_Physics | 138 | freshfz | 祝贺实验室詹老大喜得～～龙凤胎
2 | Girls | 116 | bukesiyi | mm有很多所谓的哥们~~~太郁闷了
3 | S_Law | 115 | elnemo | 祝贺研究生辅导员王建富老师荣升爸爸
4 | Pictures | 107 | wildmouse | 农村相亲全过程！！！
5 | D_Information | 104 | mayuer | 七仙女畅游徽杭古道（人物篇、水街篇、行路篇）
6 | S_Environment | 101 | udong | 感谢黄蕾老师、刘建萍书记
7 | FOOD | 99 | dan99 | 蟹黄和蟹膏
8 | Basketball | 75 | daccayang | 新赛季首战各队当家表现（辛苦整理）
9 | Girls | 67 | vow | 爸妈急着让我找个男朋友
10 | S_Chemistry | 50 | ShuaiGe | 发帅哥照了阿，快来顶啊
