1 | TV | 101 | gongsunce | 个人认为他俩是TVB的最佳情侣了！！！
2 | Girls | 93 | jikdf | 请问MM们所说的不良嗜好包括哪些?
3 | Pictures | 84 | gongsunce | 赵薇的星路历程
4 | Pictures | 84 | gongsunce | 请问大家喜欢哪个版本的郭芙呢？
5 | NJUExpress | 79 | meimingtang | 南大．．．这些都是真的吗?
6 | SanGuo | 71 | gongsunce | 调查一下：三国中的女性大家最喜欢谁呢？
7 | Girls | 63 | lajpt | 围巾丢了,mm很生气
8 | D_EarthScience | 56 | njuSSS | 走过路过路过不要错过哦――大构造年度巨献
9 | Movies | 37 | yxf760321 | 【爱上AV女优】【DVD-R】【R级性感喜剧片】@edu
10 | NJUExpress | 36 | fmdou | 发贴揭露黑代理，居然被封！什么世道？我疯了！
