1 | NJUExpress | 105 | achan | 刚才在大街上被骗了
2 | Girls | 76 | xiwang | 请各位指教，我还有希望么？
3 | FOOD | 69 | dandancat | 秀一下自己的家常菜啦！！！
4 | Girls | 63 | onmyrighteye | 弱问：GG带我去见他的初恋是不是有点疯？！
5 | Basketball | 61 | busyding | 麦迪简直不是
6 | Pictures | 60 | 452997869 | 我家的宝玉被摧残的，简直...
7 | NJUExpress | 50 | evipin | 讨论：为什么保研的就补助是５００？
8 | Basketball | 41 | kevinKing | NBA十大"稳定杀手"：石佛雄踞榜首
9 | Pictures | 40 | lbt1985 | 车标大全
10 | Movies | 34 | devily | 《大话股神》挺搞笑的
