1 | V_Suggestions | 133 | lishengnan | 关于寒假日程意见的回复
2 | Girls | 112 | cherishrabit | 假如你看到男友这样的聊天记录.会多想吗?
3 | Pictures | 80 | hellonju | 张靓颖都会赞叹的海豚音－－你可听过他的歌（更新版
4 | NJUExpress | 78 | fenQpink | ￥￥￥感觉南大太烂，不如三本大学！！！！！！！！
5 | S_Business | 67 | SmithForum | 经济学院学术餐会第一期圆满成功！
6 | S_Chemistry | 49 | 332244 | 谱学考试完鸟
7 | Girls | 45 | godgls | 女生用钱来衡量男生对她的感情？？？
8 | M_GraduateUnion | 44 | havearest | 研究生学术文化节活动回顾(五)志远体健
9 | SeniorCitizen | 42 | mayingjiu | ★我和夕阳红★
10 | M_GraduateUnion | 36 | havearest | 研究生学术文化节活动回顾(四)百花齐放
