1 | Pictures | 211 | howe | 冠军杯-因扎吉两球
2 | WorldFootball | 160 | milanboyni | 【普天同庆】AC米兰2-1复仇利物浦7次登顶
3 | NJUExpress | 158 | leis | 谁能复制这个小女孩
4 | WorldFootball | 148 | Sunshine | 米兰球迷来签名啊！！！
5 | Girls | 140 | nightbreeze | 想对“这一位，终于还是不要我了么”说
6 | FOOD | 106 | greensun | 一切从简包包子~
7 | SanGuo | 97 | angelic | 三国为啥曹家最厉害，俺研究出了一个原因……
8 | FOOD | 77 | neverflywish | 超级赞一下开心哈利的男收营员
9 | PopMusic | 59 | Afreet | 庆祝米兰第七次夺欧冠：米兰队歌
10 | Pictures | 48 | mgmonk | [转载]
