1 | NJUNews | 大学校园生活  | 2890 | 167
2 | News | 天下事大家关心  | 779 | 171
3 | Boys | 男生世界  | 670 | 80
4 | Girls | 女生天地  | 651 | 100
5 | Love | 情爱悠悠  | 642 | 163
6 | Feeling | 感情世界  | 562 | 109
7 | sysop | 站长的工作室  | 557 | 49
8 | Abroad | 飞越重洋  | 517 | 163
9 | Football | 足球版  | 461 | 116
10 | UrbanRes | 城市资源系  | 459 | 93
11 | Fashion | 美丽流行风  | 443 | 59
12 | Graduate | 研究生  | 424 | 91
13 | FOOD | 雅舍谈吃  | 418 | 53
14 | Astrology | 星月童话  | 402 | 95
15 | Life | 生活  | 393 | 58
16 | EarthScience | 地球科学系  | 392 | 87
17 | Movies | 露天电影院  | 389 | 81
18 | Joke | 笑话版  | 372 | 211
19 | Physics | 物理系  | 357 | 103
20 | MudLife | MUD人生  | 347 | 238
21 | EEdepartment | 电子系  | 335 | 37
22 | JobHunting | 理想的工作岗位  | 320 | 44
23 | Birthday | 世界为你而精彩  | 313 | 35
24 | Military | 军事科学  | 300 | 178
25 | test | 这是一个站内测试版  | 297 | 59
26 | Games | 电脑游戏  | 293 | 76
27 | Computer | 计算机系  | 274 | 52
28 | Swimming | 游泳  | 262 | 86
29 | NJUPT | 南京邮电学院  | 257 | 41
30 | PopMusic | 流行音乐天地  | 248 | 104
31 | Emprise | 武侠小说  | 245 | 284
32 | DII | 强化部  | 244 | 70
33 | Book | 美文共赏  | 238 | 221
34 | Travel | 遍览天下  | 237 | 41
35 | newcomers | 新手上路  | 222 | 24
36 | Appeal | 申诉，争论和建议  | 214 | 64
37 | Atmosphere | 大气科学系  | 212 | 43
38 | Announce | 站务公告栏  | 211 | 24
39 | TableTennis | 乒乓球  | 203 | 35
40 | ITNews | 电脑业界新闻  | 198 | 78
41 | FleaMarket | 跳蚤市场  | 197 | 40
42 | Board | 版主竞选  | 196 | 38
43 | LinuxUnix | Linux和Unix  | 194 | 178
44 | Bowling | 保龄球馆  | 193 | 25
45 | Psychology | 心理健康  | 182 | 36
46 | Farewell | 告别南园  | 172 | 68
47 | MathDept | 数学系版  | 170 | 193
48 | History | 历史  | 170 | 85
49 | notepad | 酸甜苦辣留言版  | 160 | 20
50 | Go | 围棋  | 155 | 46
51 | LifeSciDept | 生命科学院  | 152 | 80
52 | Nature | 人与自然  | 150 | 34
53 | WWW | 美丽的主页  | 143 | 36
54 | Cartoon | 卡通世界  | 138 | 40
55 | bbslists | 本站的各类统计列表与记录  | 136 | 84
56 | Basketball | 篮球版  | 124 | 59
57 | SEU | 东南大学  | 123 | 36
58 | SportsNews | 体肓时事  | 121 | 53
59 | RockMusic | 摇滚乐世界  | 113 | 28
60 | Poem | 诗歌幻景  | 110 | 74
61 | Parties | 百合聚会  | 110 | 11
62 | Software | 软件天地  | 108 | 29
63 | Program | 程序员的休闲室  | 102 | 19
64 | Hacker | 黑客的摇篮  | 100 | 86
65 | Network | 网络世界  | 100 | 35
66 | Riddle | 射一射老虎  | 97 | 142
67 | Hardware | 硬件工作室  | 96 | 45
68 | Chemistry | 化学化工学院  | 96 | 29
69 | Classical | 古典音乐  | 94 | 145
70 | ChineseDept | 中文系  | 93 | 27
71 | MSWindows | 美丽的微软窗口  | 92 | 46
72 | Philosophy | 哲学与思考  | 91 | 57
73 | Astronomy | 天文系  | 90 | 53
74 | Collections | 收藏爱好  | 90 | 18
75 | Mathematics | 数学版  | 87 | 105
76 | AutoSpeed | 车迷世界  | 87 | 49
77 | English | 英语世界  | 86 | 60
78 | LifeScience | 生命科学  | 86 | 29
79 | HHU | 河海大学  | 85 | 27
80 | Medicine | 医学版  | 82 | 68
81 | Marvel | 鬼故事  | 81 | 25
82 | Skating | 溜冰人生  | 81 | 13
83 | Volleyball | 排球版  | 80 | 23
84 | Story | 故事会  | 80 | 19
85 | InfoManager | 信息管理系  | 80 | 12
86 | ZJU | 浙江大学  | 72 | 57
87 | LectureHall | 学术交流  | 70 | 20
88 | VC | Visual C++ 版  | 69 | 37
89 | VB | Visual Basic版  | 67 | 206
90 | Fiction | 科幻世界  | 65 | 85
91 | MudWiz | 巫师手札  | 64 | 92
92 | Java | Java语言  | 59 | 23
93 | EEtechnology | 电子技术版  | 58 | 43
94 | AHU | 安徽大学  | 57 | 30
95 | Graphics | 电脑图象处理  | 56 | 39
96 | vote | 本站各项投票与结果  | 56 | 13
97 | Computer_Book | 电脑技术书  | 54 | 53
98 | USTC | 中国科技大学  | 53 | 37
99 | Bridge | 桥牌联谊会  | 53 | 8
100 | Chess | 象棋  | 52 | 61
101 | Virus | 可恶可怕的病毒  | 49 | 45
102 | Japanese | 日语学习  | 48 | 41
103 | Modem | "猫"的王国  | 48 | 13
104 | Delphi | Delphi语言编程  | 47 | 17
105 | BBSDev | BBS的安装与设置  | 43 | 72
106 | Internet | 国际互联网络  | 42 | 83
107 | Wisdom | 儒释道  | 41 | 26
108 | Guitar | 吉它  | 41 | 23
109 | Economics | 经济学  | 39 | 166
110 | WuShu | 中华武术  | 39 | 7
111 | SJTU | 上海交通大学  | 36 | 53
112 | Tennis | 大满贯  | 34 | 48
113 | Law | 法律学  | 34 | 45
114 | AI | 人工智能  | 33 | 23
115 | MultiMedia | 多媒体的缤纷世界  | 32 | 20
116 | NUAA | 南京航空航天大学  | 31 | 59
117 | Database | 数据库系统  | 25 | 12
118 | Badminton | 羽毛球  | 24 | 18
119 | Algorithm | 算法  | 13 | 12
120 | Average | 总平均  | 201 | 96
