1 | NJUNews | 大学校园生活  | 37 | 916
2 | MudLife | MUD人生  | 18 | 105
3 | Games | 电脑游戏  | 11 | 96
4 | Abroad | 飞越重洋  | 8 | 1329
5 | Joke | 笑话版  | 8 | 76
6 | Astrology | 星月童话  | 7 | 543
7 | Boys | 男生世界  | 6 | 50
8 | Single | 单身一族  | 6 | 25
9 | GreatTurn | 脑筋急转弯  | 6 | 13
10 | Software | 软件天地  | 5 | 573
11 | Military | 军事科学  | 5 | 394
12 | Suggestions | 校长信箱  | 5 | 148
13 | Feeling | 感情世界  | 5 | 94
14 | Book | 美文共赏  | 4 | 368
15 | PhilosDept | 哲学系版  | 4 | 258
16 | MathDept | 数学系版  | 4 | 220
17 | Girls | 女生天地  | 4 | 133
18 | Stock | 股市风云  | 4 | 41
19 | WeiQi | 围棋  | 4 | 14
20 | History | 历史  | 3 | 1558
21 | Philosophy | 哲学与思考  | 3 | 210
22 | LilyBuild | 百合共创  | 3 | 130
23 | Announce | 站务公告栏  | 3 | 77
24 | News | 天下事大家关心  | 3 | 67
25 | Graduate | 研究生  | 3 | 54
26 | NanJing | 古都南京  | 3 | 49
27 | LinuxUnix | Linux和Unix  | 3 | 48
28 | FOOD | 雅舍谈吃  | 3 | 38
29 | FleaMarket | 跳蚤市场  | 3 | 38
30 | EarthScience | 地球科学系  | 3 | 4
31 | Atmosphere | 大气科学系  | 3 | 3
32 | MudWiz | 巫师手札  | 3 | 1
33 | Wisdom | 儒释道  | 2 | 1792
34 | 1937_12_13 | 南京大屠杀  | 2 | 1126
35 | PopMusic | 流行音乐天地  | 2 | 399
36 | ZJU | 浙江大学  | 2 | 225
37 | sysop | 站长的工作室  | 2 | 89
38 | Fashion | 美丽流行风  | 2 | 77
39 | VC | Visual C++ 版  | 2 | 46
40 | Program | 程序员的休闲室  | 2 | 18
41 | Board | 版主竞选  | 2 | 13
42 | Love | 情爱悠悠  | 2 | 12
43 | Computer | 计算机系  | 2 | 8
44 | Ourselves | 百合原创  | 2 | 8
45 | NoticeBoard | 布告栏  | 2 | 1
46 | Story | 故事会  | 1 | 1647
47 | Swimming | 游泳  | 1 | 1320
48 | MSWindows | 美丽的微软窗口  | 1 | 648
49 | VB | Visual Basic版  | 1 | 295
50 | post | 各站精华  | 1 | 182
51 | Network | 网络世界  | 1 | 165
52 | AI | 人工智能  | 1 | 130
53 | Basketball | 篮球版  | 1 | 127
54 | Algorithm | 算法  | 1 | 102
55 | Tennis | 大满贯  | 1 | 62
56 | Physics | 物理系  | 1 | 48
57 | Badminton | 羽毛球  | 1 | 44
58 | JobAndWork | 创业与求职  | 1 | 26
59 | NUST | 南京理工大学  | 1 | 26
60 | Poem | 诗歌幻景  | 1 | 23
61 | Appeal | 申诉，争论和建议  | 1 | 16
62 | PuKouCampus | 浦园风景线  | 1 | 10
63 | XJTU | 西安交通大学  | 1 | 5
64 | EEdepartment | 电子系  | 1 | 4
65 | LostToFind | 失物招领  | 1 | 4
66 | Volleyball | 排球版  | 1 | 3
67 | Collections | 收藏爱好  | 1 | 2
68 | Riddle | 射一射老虎  | 1 | 2
69 | English | 英语世界  | 1 | 1
70 | ForeignLangDept | 外国语学院  | 1 | 1
71 | Bowling | 保龄球馆  | 1 | 0
72 | vote | 本站各项投票与结果  | 0 | 0
73 | bbslists | 本站的各类统计列表与记录  | 0 | 0
74 | newcomers | 新手上路  | 0 | 0
75 | notepad | 酸甜苦辣留言版  | 0 | 0
76 | test | 这是一个站内测试版  | 0 | 0
77 | ITNews | 电脑业界新闻  | 0 | 0
78 | TableTennis | 乒乓球  | 0 | 0
79 | Hardware | 硬件工作室  | 0 | 0
80 | Hacker | 黑客的摇篮  | 0 | 0
81 | MultiMedia | 多媒体的缤纷世界  | 0 | 0
82 | WWW | 美丽的主页  | 0 | 0
83 | BBSDev | BBS的安装与设置  | 0 | 0
84 | Database | 数据库系统  | 0 | 0
85 | SEU | 东南大学  | 0 | 0
86 | Java | Java语言  | 0 | 0
87 | Delphi | Delphi世界  | 0 | 0
88 | USTC | 中国科技大学  | 0 | 0
89 | Guitar | 吉它  | 0 | 0
90 | Virus | 可恶可怕的病毒  | 0 | 0
91 | Emprise | 武侠小说  | 0 | 0
92 | Japanese | 日语学习  | 0 | 0
93 | Classical | 古典音乐  | 0 | 0
94 | RockMusic | 摇滚乐世界  | 0 | 0
95 | Travel | 遍览天下  | 0 | 0
96 | Movies | 露天电影院  | 0 | 0
97 | Chess | 象棋  | 0 | 0
98 | Cartoon | 卡通世界  | 0 | 0
99 | Bridge | 桥牌联谊会  | 0 | 0
100 | Economics | 经济学  | 0 | 0
101 | Chemistry | 化学化工学院  | 0 | 0
102 | LifeScience | 生命科学  | 0 | 0
103 | Law | 法律学  | 0 | 0
104 | Mathematics | 数学版  | 0 | 0
105 | Medicine | 医学版  | 0 | 0
106 | Football | 足球版  | 0 | 0
107 | Graphics | 电脑图象处理  | 0 | 0
108 | SportsNews | 体肓时事  | 0 | 0
109 | Marvel | 鬼故事  | 0 | 0
110 | Modem | "猫"的王国  | 0 | 0
111 | EEtechnology | 电子技术版  | 0 | 0
112 | WuShu | 中华武术  | 0 | 0
113 | Fiction | 科幻世界  | 0 | 0
114 | HHU | 河海大学  | 0 | 0
115 | Computer_Book | 电脑技术书  | 0 | 0
116 | Birthday | 世界为你而精彩  | 0 | 0
117 | Life | 生活  | 0 | 0
118 | Nature | 人与自然  | 0 | 0
119 | ChineseDept | 中文系  | 0 | 0
120 | AHU | 安徽大学  | 0 | 0
121 | SJTU | 上海交通大学  | 0 | 0
122 | NUAA | 南京航空航天大学  | 0 | 0
123 | Psychology | 心理健康  | 0 | 0
124 | NJUForever | 永远的南大人  | 0 | 0
125 | NJUPT | 南京邮电学院  | 0 | 0
126 | InfoManager | 信息管理系  | 0 | 0
127 | Astronomy | 天文系  | 0 | 0
128 | DII | 强化部  | 0 | 0
129 | UrbanRes | 城市资源系  | 0 | 0
130 | Skating | 溜冰人生  | 0 | 0
131 | LifeSciDept | 生命科学院  | 0 | 0
132 | Parties | 百合聚会  | 0 | 0
133 | AutoSpeed | 车迷世界  | 0 | 0
134 | LectureHall | 学术交流  | 0 | 0
135 | Image | 图像世界  | 0 | 0
136 | Renju | 五子连珠  | 0 | 0
137 | Education | 师生之间  | 0 | 0
138 | Hometown | 游子情深  | 0 | 0
139 | E_commerce | 电子商务特区  | 0 | 0
140 | THU | 清华大学  | 0 | 0
141 | Fitness | 健美与健身  | 0 | 0
142 | Journalism | 新闻系  | 0 | 0
143 | Materials | 材料科学系  | 0 | 0
144 | PKU | 北京大学  | 0 | 0
145 | Couplet | 对联  | 0 | 0
146 | OurCustom | 民俗民风  | 0 | 0
147 | XML | XML缤纷天地  | 0 | 0
148 | ASCIIArt | ASCII艺术  | 0 | 0
149 | FDU | 复旦大学  | 0 | 0
150 | SE | 环境学院  | 0 | 0
151 | Photograph | 摄影艺术  | 0 | 0
152 | SoundTechnic | 音响技术科学  | 0 | 0
153 | Dance | 舞蹈天地  | 0 | 0
154 | HUST | 华中科技大学  | 0 | 0
155 | SuggestFeedback | 校长信箱反馈  | 0 | 0
156 | BusinessSchool | 商学院  | 0 | 0
157 | SWJTU | 西南交通大学  | 0 | 0
158 | CUMT | 中国矿业大学  | 0 | 0
159 | SoftEng | 软件工程  | 0 | 0
160 | Average | 总平均  | 1 | 512
