1 | NJUExpress | 南大校园生活  | 10.25% | 151
2 | Abroad | 飞越重洋  | 4.33% | 156
3 | Joke | 笑话版  | 3.91% | 179
4 | Boys | 男生世界  | 2.87% | 60
5 | D_Computer | 计算机系  | 2.80% | 157
6 | FOOD | 雅舍谈吃  | 2.65% | 46
7 | Girls | 女生天地  | 2.50% | 83
8 | Military | 军事科学  | 2.36% | 233
9 | D_Maths | 数学系版  | 2.19% | 49
10 | Suggestions | 校长信箱  | 2.07% | 86
11 | test | 这是站内测试版  | 1.96% | 49
12 | Feeling | 感情世界  | 1.88% | 56
13 | Movies | 露天电影院  | 1.87% | 126
14 | KaoYan | 考研天地  | 1.81% | 77
15 | JobAndWork | 创业与求职  | 1.70% | 152
16 | S_Graduate | 研究生  | 1.66% | 97
17 | D_EE | 电子系  | 1.49% | 139
18 | Games | 电脑游戏  | 1.44% | 160
19 | WorldFootball | 世界足球  | 1.40% | 189
20 | D_Information | 信息管理系  | 1.39% | 89
21 | GRE_TOEFL | GRE&TOEFL专题讨论  | 1.36% | 95
22 | Love | 情爱悠悠  | 1.17% | 143
23 | TV | 电视  | 1.14% | 154
24 | sysop | 站长的工作室  | 1.06% | 117
25 | D_Physics | 物理系  | 1.04% | 57
26 | FleaMarket | 跳蚤市场  | 0.98% | 113
27 | Astrology | 星月童话  | 0.97% | 154
28 | Emprise | 武侠小说  | 0.97% | 181
29 | PopMusic | 流行音乐天地  | 0.95% | 54
30 | NJUFtp | 南大FTP  | 0.93% | 95
31 | ChinaFootball | 中国足球  | 0.90% | 151
32 | D_UrbanRes | 城市资源系  | 0.88% | 91
33 | Reading | 读书  | 0.77% | 58
34 | Classical_Poem | 古典诗词  | 0.75% | 81
35 | Board | 版主竞选与新版申请  | 0.72% | 42
36 | S_Environment | 环境学院  | 0.70% | 56
37 | ZJU | 浙江大学  | 0.70% | 67
38 | English | 英语世界  | 0.68% | 70
39 | WorldNews | 国际新闻  | 0.66% | 197
40 | History | 历史  | 0.66% | 258
41 | ID | 掀起你的盖头来  | 0.65% | 47
42 | Zjl_Online | 珠江路热线  | 0.61% | 116
43 | Advice | 百合共创  | 0.58% | 90
44 | Network | 网络世界  | 0.56% | 87
45 | Appeal | 申诉和争论  | 0.55% | 64
46 | Hardware | 硬件工作室  | 0.52% | 202
47 | S_Law | 法学院  | 0.49% | 63
48 | ChinaNews | 国内新闻  | 0.49% | 292
49 | Mobile | 移动天使  | 0.47% | 84
50 | Fashion | 美丽流行风  | 0.47% | 72
51 | Taiwan | 宝岛之恋  | 0.47% | 95
52 | S_Chemistry | 化学化工学院  | 0.47% | 225
53 | Drama | 戏剧春秋  | 0.45% | 36
54 | MSWindows | 美丽的微软窗口  | 0.43% | 81
55 | S_LifeScience | 生命科学院  | 0.42% | 55
56 | S_Business | 商学院  | 0.42% | 44
57 | D_EarthScience | 地球科学系  | 0.41% | 136
58 | Life | 生活  | 0.40% | 59
59 | D_Chinese | 中文系  | 0.39% | 48
60 | Single | 单身一族  | 0.38% | 70
61 | Memory | 似水流年  | 0.37% | 47
62 | LinuxUnix | Linux和Unix  | 0.36% | 114
63 | Swimming | 游泳  | 0.34% | 55
64 | Computer_Book | 电脑技术书  | 0.32% | 65
65 | DII | 强化部  | 0.32% | 94
66 | VC | Visual C++ 版  | 0.32% | 104
67 | Announce | 站务公告栏  | 0.32% | 22
68 | Cartoon | 卡通世界  | 0.31% | 55
69 | Volleyball | 排球版  | 0.31% | 54
70 | Ourselves | 百合原创  | 0.31% | 63
71 | MudLife | MUD人生  | 0.30% | 104
72 | PuKouCampus | 浦园风景线  | 0.28% | 34
73 | Mathematics | 数学版  | 0.27% | 138
74 | Travel | 遍览天下  | 0.26% | 74
75 | Forum | 百合论坛  | 0.25% | 93
76 | StoneStory | 红楼逸梦  | 0.25% | 106
77 | Modern_Poem | 现代诗歌  | 0.24% | 72
78 | M_Graduate | 研究生院院长信箱  | 0.24% | 41
79 | Psychology | 心理健康  | 0.22% | 325
80 | Japanese | 日语学习  | 0.21% | 47
81 | S_ForeignLang | 外国语学院  | 0.21% | 103
82 | D_Astronomy | 天文系  | 0.21% | 109
83 | D_Materials | 材料科学系  | 0.21% | 44
84 | Software | 软件天地  | 0.21% | 22
85 | Skating | 溜冰人生  | 0.20% | 38
86 | Java | Java语言  | 0.20% | 96
87 | Basketball | 篮球版  | 0.20% | 107
88 | Medicine | 医学与健康  | 0.20% | 67
89 | Physics | 物理学  | 0.19% | 79
90 | SportsNews | 体坛快讯  | 0.19% | 396
91 | US_JP_Research | 美日研究  | 0.19% | 159
92 | GreatTurn | 脑筋急转弯  | 0.18% | 67
93 | SanGuo | 三国风云  | 0.18% | 224
94 | ClassicalMusic | 古典音乐  | 0.18% | 81
95 | M_Job | 就业创业指导中心主任信�  | 0.18% | 35
96 | Economics | 经济学  | 0.18% | 87
97 | Program | 程序员的休闲室  | 0.18% | 39
98 | NUAA | 南京航空航天大学  | 0.17% | 62
99 | NJNU | 南京师范大学  | 0.17% | 36
100 | D_Atmosphere | 大气科学  | 0.17% | 49
101 | Parties | 百合聚会  | 0.17% | 24
102 | S_Medicine | 医学院  | 0.16% | 35
103 | Birthday | 世界为你而精彩  | 0.16% | 40
104 | PetsEden | 宠物乐园  | 0.16% | 155
105 | ASCIIArt | ASCII艺术  | 0.16% | 100
106 | Hometown | 游子情深  | 0.16% | 29
107 | WeiQi | 围棋  | 0.15% | 202
108 | BBSDev | BBS的安装与设置  | 0.15% | 163
109 | NUST | 南京理工大学  | 0.15% | 99
110 | RockMusic | 摇滚乐世界  | 0.15% | 65
111 | Algorithm | 算法  | 0.15% | 61
112 | Hacker | 黑客的摇篮  | 0.15% | 78
113 | Philosophy | 哲学与思考  | 0.14% | 30
114 | newcomers | 新手上路  | 0.14% | 27
115 | Photograph | 摄影艺术  | 0.13% | 79
116 | BBSHelp | 新手求助  | 0.13% | 50
117 | GIS | 地理信息系统  | 0.13% | 683
118 | Nature | 人与自然  | 0.13% | 71
119 | LifeScience | 生命科学  | 0.12% | 39
120 | TechNews | 科技新闻  | 0.12% | 110
121 | NanJing | 古都南京  | 0.12% | 72
122 | D_Journalism | 新闻系  | 0.12% | 62
123 | Badminton | 羽毛球  | 0.12% | 29
124 | FamilyLife | 家庭生活  | 0.12% | 1453
125 | DataMining | 数据挖掘  | 0.12% | 234
126 | D_Philosophy | 哲学系版  | 0.12% | 74
127 | Virus | 可恶可怕的病毒  | 0.12% | 37
128 | NJAU | 南京农业大学  | 0.12% | 961
129 | Marvel | 鬼故事  | 0.12% | 362
130 | EEtechnology | 电子技术版  | 0.12% | 33
131 | HUST | 华中理工大学  | 0.12% | 98
132 | TableTennis | 乒乓球  | 0.11% | 27
133 | Delphi | Delphi世界  | 0.11% | 97
134 | WuShu | 中华武术  | 0.11% | 41
135 | M_Library | 图书馆馆长信箱  | 0.11% | 45
136 | EntNews | 娱乐星空  | 0.10% | 63
137 | NJUForever | 永远的南大人  | 0.10% | 20
138 | 1937_12_13 | 南京大屠杀  | 0.10% | 32
139 | M_Logistics | 后勤集团总经理信箱  | 0.10% | 27
140 | SEU | 东南大学  | 0.10% | 101
141 | Fitness | 健美与健身  | 0.10% | 51
142 | D_History | 历史系  | 0.09% | 440
143 | SoftEng | 软件工程  | 0.09% | 100
144 | Graphics | 电脑图象处理  | 0.09% | 52
145 | Archeology | 青铜挥麈  | 0.09% | 67
146 | D_Sociology | 社会学系  | 0.09% | 59
147 | NanoTech | 纳米科技  | 0.09% | 109
148 | M_Student | 学生工作处处长信箱  | 0.09% | 43
149 | VB | Visual Basic版  | 0.08% | 1351
150 | WebDesign | 网站设计  | 0.08% | 112
151 | Guitar | 吉它  | 0.08% | 63
152 | Database | 数据库系统  | 0.08% | 73
153 | MSTClub | 微软技术俱乐部  | 0.08% | 53
154 | People | 人物  | 0.08% | 112
155 | LectureHall | 学术交流  | 0.08% | 75
156 | Radio | 空中梦想家  | 0.08% | 61
157 | Dance | 舞蹈天地  | 0.08% | 26
158 | NoticeBoard | 布告栏  | 0.07% | 194
159 | M_StudentUnion | 学生会主席信箱  | 0.07% | 26
160 | Story | 故事会  | 0.07% | 320
161 | E_commerce | 电子商务特区  | 0.07% | 281
162 | notepad | 酸甜苦辣留言版  | 0.07% | 24
163 | Stock | 股市风云  | 0.07% | 309
164 | Drawing | 绘画艺术  | 0.07% | 28
165 | Education | 师生之间  | 0.07% | 35
166 | vote | 本站各项投票与结果  | 0.07% | 5
167 | AI | 人工智能  | 0.07% | 89
168 | Embedded | 嵌入式系统  | 0.07% | 66
169 | M_NIC | 网络中心主任信箱  | 0.07% | 1507
170 | BCB | Borland C++ Builder  | 0.07% | 147
171 | FDU | 复旦大学  | 0.07% | 51
172 | Folk_Music | 国乐飘香（民乐团）  | 0.06% | 162
173 | PKU | 北京大学  | 0.06% | 27
174 | Couplet | 对联  | 0.06% | 49
175 | THU | 清华大学  | 0.06% | 29
176 | MudWiz | 巫师手札  | 0.06% | 109
177 | MultiMedia | 多媒体的缤纷世界  | 0.06% | 68
178 | DQPI | 大庆石油学院  | 0.06% | 40
179 | JLU | 吉林大学  | 0.06% | 38
180 | Orchestra | 南大交响乐团  | 0.06% | 35
181 | Image | 图像世界  | 0.06% | 26
182 | Bowling | 保龄球馆  | 0.06% | 48
183 | S_Jinling | 金陵学院  | 0.06% | 32
184 | Wisdom | 儒释道  | 0.06% | 32
185 | Tennis | 网球天地  | 0.06% | 36
186 | Riddle | 射一射老虎  | 0.06% | 28
187 | M_Academic | 教务处处长信箱  | 0.05% | 40
188 | Flash | 闪客世界  | 0.05% | 30
189 | Fiction | 科幻世界  | 0.05% | 157
190 | post | 各站精华  | 0.05% | 25
191 | NJUT | 南京工业大学  | 0.05% | 62
192 | SZU | 深圳大学  | 0.05% | 337
193 | Jazz_Blues | 爵士蓝调  | 0.05% | 62
194 | bbslists | 本站的各类统计列表与记�  | 0.05% | 27
195 | SiGuo | 缥缈四国  | 0.05% | 86
196 | JNU | 暨南大学  | 0.05% | 564
197 | NJUPT | 南京邮电学院  | 0.05% | 278
198 | GJ | 够级艺术  | 0.05% | 198
199 | M_NJU100 | 百年校庆办公室主任信箱  | 0.04% | 32
200 | M_League | 团委书记信箱  | 0.04% | 24
201 | USTC | 中国科技大学  | 0.04% | 38
202 | Law | 法律学  | 0.04% | 23
203 | M_Realty | 房产处处长信箱  | 0.04% | 41
204 | Collections | 收藏爱好  | 0.04% | 27
205 | D_Politics | 政治与行政管理系  | 0.04% | 28
206 | AHU | 安徽大学  | 0.04% | 27
207 | M_PKSuggestion | 浦口校区主任信箱  | 0.04% | 33
208 | HUST_Job | 华工求职  | 0.04% | 31
209 | XML | XML缤纷天地  | 0.04% | 26
210 | WHU | 武汉大学  | 0.03% | 40
211 | UESTC | 电子科技大学  | 0.03% | 29
212 | SD | 苏州大学  | 0.03% | 251
213 | M_Gonghui | 工会主席信箱版  | 0.03% | 105
214 | Fishing | 碧波垂钓  | 0.03% | 60
215 | Deutsch | 德文堂  | 0.03% | 47
216 | SJTU | 上海交通大学  | 0.03% | 45
217 | Renju | 五子连珠  | 0.03% | 42
218 | LostToFind | 失物招领  | 0.03% | 24
219 | JSU | 江苏大学  | 0.03% | 23
220 | OurCustom | 民俗民风  | 0.03% | 53
221 | HHU | 河海大学  | 0.03% | 34
222 | Chess | 象棋  | 0.03% | 193
223 | XJTU | 西安交通大学  | 0.03% | 41
224 | M_GraduateUnion | 研究生会主席信箱  | 0.03% | 39
225 | AutoSpeed | 车迷世界  | 0.03% | 32
226 | SoundTechnic | 音响技术科学  | 0.03% | 113
227 | M_Guard | 保卫处处长信箱  | 0.02% | 25
228 | NKU | 南开大学  | 0.02% | 97
229 | CUMT | 中国矿业大学  | 0.02% | 48
230 | SYU | 江南大学  | 0.02% | 32
231 | FZU | 福州大学  | 0.02% | 25
232 | BUPT | 北京邮电大学  | 0.02% | 71
233 | ScienceSalon | 百合学术沙龙  | 0.01% | 25
234 | M_Hospital | 校医院院长信箱  | 0.01% | 33
235 | M_CapitalConstr | 基建处处长信箱  | 0.01% | 29
236 | Bridge | 桥牌联谊会  | 0.00% | 25
237 | Average | 总平均  | 0.42% | 118
