1 | NJUExpress | 南大校园生活  | 10.15% | 118
2 | Abroad | 飞越重洋  | 5.33% | 153
3 | FOOD | 雅舍谈吃  | 4.04% | 68
4 | Joke | 笑话版  | 3.51% | 159
5 | D_Computer | 计算机系  | 2.60% | 113
6 | Girls | 女生天地  | 2.56% | 84
7 | Military | 军事科学  | 2.51% | 229
8 | test | 这是站内测试版  | 2.40% | 50
9 | Boys | 男生世界  | 2.25% | 51
10 | Movies | 露天电影院  | 2.09% | 86
11 | Feeling | 感情世界  | 1.98% | 70
12 | Games | 电脑游戏  | 1.70% | 93
13 | Suggestions | 校长信箱  | 1.68% | 69
14 | D_EE | 电子系  | 1.65% | 107
15 | KaoYan | 考研天地  | 1.55% | 77
16 | GRE_TOEFL | GRE&TOEFL专题讨论  | 1.42% | 123
17 | JobAndWork | 创业与求职  | 1.42% | 173
18 | D_Maths | 数学系版  | 1.36% | 53
19 | S_Graduate | 研究生  | 1.33% | 68
20 | sysop | 站长的工作室  | 1.32% | 61
21 | D_Information | 信息管理系  | 1.28% | 78
22 | TV | 电视  | 1.17% | 77
23 | Love | 情爱悠悠  | 1.04% | 122
24 | D_Physics | 物理系  | 1.03% | 90
25 | WorldFootball | 世界足球  | 1.02% | 115
26 | NJUFtp | 南大FTP  | 1.00% | 103
27 | FleaMarket | 跳蚤市场  | 1.00% | 73
28 | Astrology | 星月童话  | 0.97% | 144
29 | ChinaFootball | 中国足球  | 0.88% | 112
30 | PopMusic | 流行音乐天地  | 0.85% | 75
31 | ChinaNews | 国内新闻  | 0.84% | 110
32 | Zjl_Online | 珠江路热线  | 0.79% | 85
33 | Appeal | 申诉和争论  | 0.77% | 98
34 | Board | 版主竞选与新版申请  | 0.77% | 29
35 | Emprise | 武侠小说  | 0.77% | 160
36 | History | 历史  | 0.74% | 174
37 | Reading | 读书  | 0.74% | 89
38 | Classical_Poem | 古典诗词  | 0.67% | 93
39 | ID | 掀起你的盖头来  | 0.67% | 99
40 | D_UrbanRes | 城市资源系  | 0.65% | 114
41 | Network | 网络世界  | 0.61% | 86
42 | Hardware | 硬件工作室  | 0.59% | 87
43 | Advice | 百合共创  | 0.58% | 141
44 | English | 英语世界  | 0.58% | 71
45 | Mobile | 移动天使  | 0.52% | 122
46 | S_Chemistry | 化学化工学院  | 0.49% | 262
47 | MSWindows | 美丽的微软窗口  | 0.49% | 104
48 | S_Environment | 环境学院  | 0.48% | 46
49 | Single | 单身一族  | 0.46% | 181
50 | D_EarthScience | 地球科学系  | 0.46% | 629
51 | Taiwan | 宝岛之恋  | 0.46% | 136
52 | MudLife | MUD人生  | 0.44% | 188
53 | Fashion | 美丽流行风  | 0.44% | 52
54 | LinuxUnix | Linux和Unix  | 0.42% | 104
55 | Cartoon | 卡通世界  | 0.39% | 67
56 | S_LifeScience | 生命科学院  | 0.39% | 67
57 | Life | 生活  | 0.37% | 77
58 | D_Chinese | 中文系  | 0.36% | 40
59 | Swimming | 游泳  | 0.36% | 63
60 | Volleyball | 排球版  | 0.35% | 91
61 | DII | 强化部  | 0.35% | 138
62 | Travel | 遍览天下  | 0.33% | 83
63 | VC | Visual C++ 版  | 0.32% | 77
64 | Software | 软件天地  | 0.32% | 156
65 | Memory | 似水流年  | 0.32% | 49
66 | Drama | 戏剧春秋  | 0.30% | 59
67 | S_Business | 商学院  | 0.29% | 45
68 | WorldNews | 国际新闻  | 0.29% | 119
69 | Computer_Book | 电脑技术书  | 0.28% | 93
70 | NUAA | 南京航空航天大学  | 0.28% | 89
71 | US_JP_Research | 美日研究  | 0.28% | 93
72 | StoneStory | 红楼逸梦  | 0.28% | 63
73 | Photograph | 摄影艺术  | 0.27% | 104
74 | Japanese | 日语学习  | 0.26% | 58
75 | Basketball | 篮球版  | 0.26% | 53
76 | Announce | 站务公告栏  | 0.24% | 39
77 | S_ForeignLang | 外国语学院  | 0.24% | 60
78 | Ourselves | 百合原创  | 0.24% | 38
79 | Skating | 溜冰人生  | 0.24% | 40
80 | GreatTurn | 脑筋急转弯  | 0.23% | 123
81 | SanGuo | 三国风云  | 0.23% | 238
82 | D_Materials | 材料科学系  | 0.23% | 47
83 | Modern_Poem | 现代诗歌  | 0.23% | 153
84 | PuKouCampus | 浦园风景线  | 0.23% | 33
85 | Psychology | 心理健康  | 0.22% | 44
86 | SportsNews | 体坛快讯  | 0.22% | 219
87 | BBSHelp | 新手求助  | 0.22% | 54
88 | Economics | 经济学  | 0.21% | 41
89 | Forum | 百合论坛  | 0.21% | 116
90 | S_Law | 法学院  | 0.21% | 46
91 | WeiQi | 围棋  | 0.21% | 183
92 | M_Graduate | 研究生院院长信箱  | 0.20% | 49
93 | D_Journalism | 新闻系  | 0.20% | 31
94 | Program | 程序员的休闲室  | 0.20% | 58
95 | Physics | 物理学  | 0.19% | 112
96 | NUST | 南京理工大学  | 0.19% | 111
97 | Mathematics | 数学版  | 0.19% | 72
98 | D_Atmosphere | 大气科学  | 0.19% | 137
99 | Algorithm | 算法  | 0.18% | 62
100 | Hacker | 黑客的摇篮  | 0.18% | 119
101 | NJNU | 南京师范大学  | 0.18% | 42
102 | SEU | 东南大学  | 0.18% | 37
103 | D_Astronomy | 天文系  | 0.17% | 93
104 | RockMusic | 摇滚乐世界  | 0.17% | 53
105 | DQPI | 大庆石油学院  | 0.16% | 95
106 | Medicine | 医学与健康  | 0.16% | 53
107 | M_Job | 就业创业指导中心主任信�  | 0.16% | 39
108 | HUST | 华中理工大学  | 0.15% | 160
109 | Virus | 可恶可怕的病毒  | 0.15% | 178
110 | NanJing | 古都南京  | 0.14% | 72
111 | ZJU | 浙江大学  | 0.14% | 86
112 | S_Medicine | 医学院  | 0.14% | 37
113 | DataMining | 数据挖掘  | 0.13% | 297
114 | Hometown | 游子情深  | 0.13% | 151
115 | newcomers | 新手上路  | 0.13% | 93
116 | Parties | 百合聚会  | 0.13% | 22
117 | D_History | 历史系  | 0.13% | 189
118 | Birthday | 世界为你而精彩  | 0.13% | 29
119 | Philosophy | 哲学与思考  | 0.13% | 42
120 | Java | Java语言  | 0.12% | 87
121 | 1937_12_13 | 南京大屠杀  | 0.12% | 55
122 | ClassicalMusic | 古典音乐  | 0.12% | 44
123 | GIS | 地理信息系统  | 0.12% | 54
124 | BBSDev | BBS的安装与设置  | 0.12% | 286
125 | Dance | 舞蹈天地  | 0.12% | 44
126 | Marvel | 鬼故事  | 0.12% | 272
127 | TableTennis | 乒乓球  | 0.12% | 26
128 | Stock | 股市风云  | 0.11% | 52
129 | TechNews | 科技新闻  | 0.11% | 226
130 | ASCIIArt | ASCII艺术  | 0.11% | 118
131 | VB | Visual Basic版  | 0.11% | 378
132 | NJAU | 南京农业大学  | 0.11% | 40
133 | NJUForever | 永远的南大人  | 0.11% | 25
134 | EntNews | 娱乐星空  | 0.11% | 149
135 | Drawing | 绘画艺术  | 0.11% | 30
136 | D_Philosophy | 哲学系版  | 0.11% | 89
137 | SoftEng | 软件工程  | 0.11% | 59
138 | Fitness | 健美与健身  | 0.10% | 36
139 | Archeology | 青铜挥麈  | 0.10% | 76
140 | FamilyLife | 家庭生活  | 0.10% | 77
141 | Wisdom | 儒释道  | 0.10% | 57
142 | Nature | 人与自然  | 0.10% | 46
143 | Story | 故事会  | 0.10% | 275
144 | MSTClub | 微软技术俱乐部  | 0.10% | 32
145 | Delphi | Delphi世界  | 0.10% | 86
146 | WuShu | 中华武术  | 0.10% | 40
147 | Badminton | 羽毛球  | 0.10% | 294
148 | MudWiz | 巫师手札  | 0.10% | 221
149 | Riddle | 射一射老虎  | 0.09% | 77
150 | Database | 数据库系统  | 0.09% | 147
151 | NanoTech | 纳米科技  | 0.09% | 75
152 | M_Library | 图书馆馆长信箱  | 0.09% | 79
153 | LifeScience | 生命科学  | 0.09% | 67
154 | S_Jinling | 金陵学院  | 0.09% | 60
155 | BCB | Borland C++ Builder  | 0.09% | 52
156 | AI | 人工智能  | 0.09% | 65
157 | PetsEden | 宠物乐园  | 0.09% | 55
158 | Couplet | 对联  | 0.08% | 75
159 | LectureHall | 学术交流  | 0.08% | 51
160 | D_Sociology | 社会学系  | 0.08% | 41
161 | PKU | 北京大学  | 0.08% | 27
162 | WebDesign | 网站设计  | 0.08% | 48
163 | M_Student | 学生工作处处长信箱  | 0.08% | 29
164 | NJUPT | 南京邮电学院  | 0.08% | 72
165 | People | 人物  | 0.08% | 56
166 | notepad | 酸甜苦辣留言版  | 0.08% | 83
167 | M_NJU100 | 百年校庆办公室主任信箱  | 0.08% | 47
168 | Tennis | 网球天地  | 0.08% | 42
169 | EEtechnology | 电子技术版  | 0.07% | 31
170 | MultiMedia | 多媒体的缤纷世界  | 0.07% | 229
171 | M_Academic | 教务处处长信箱  | 0.07% | 25
172 | M_StudentUnion | 学生会主席信箱  | 0.07% | 29
173 | Embedded | 嵌入式系统  | 0.07% | 100
174 | Collections | 收藏爱好  | 0.07% | 33
175 | Folk_Music | 国乐飘香（民乐团）  | 0.07% | 148
176 | THU | 清华大学  | 0.07% | 42
177 | USTC | 中国科技大学  | 0.07% | 42
178 | JNU | 暨南大学  | 0.07% | 181
179 | Jazz_Blues | 爵士蓝调  | 0.07% | 116
180 | Education | 师生之间  | 0.07% | 40
181 | Fiction | 科幻世界  | 0.07% | 101
182 | NoticeBoard | 布告栏  | 0.07% | 51
183 | Graphics | 电脑图象处理  | 0.06% | 138
184 | JLU | 吉林大学  | 0.06% | 81
185 | SZU | 深圳大学  | 0.06% | 62
186 | AHU | 安徽大学  | 0.06% | 86
187 | vote | 本站各项投票与结果  | 0.06% | 43
188 | Law | 法律学  | 0.06% | 242
189 | SiGuo | 缥缈四国  | 0.06% | 54
190 | FDU | 复旦大学  | 0.06% | 69
191 | post | 各站精华  | 0.06% | 104
192 | SoundTechnic | 音响技术科学  | 0.06% | 63
193 | E_commerce | 电子商务特区  | 0.05% | 32
194 | Deutsch | 德文堂  | 0.05% | 22
195 | Radio | 空中梦想家  | 0.05% | 44
196 | XML | XML缤纷天地  | 0.05% | 42
197 | Orchestra | 南大交响乐团  | 0.05% | 22
198 | OurCustom | 民俗民风  | 0.05% | 43
199 | bbslists | 本站的各类统计列表与记�  | 0.05% | 30
200 | AutoSpeed | 车迷世界  | 0.04% | 29
201 | Bowling | 保龄球馆  | 0.04% | 25
202 | Flash | 闪客世界  | 0.04% | 24
203 | JSU | 江苏大学  | 0.04% | 31
204 | M_Logistics | 后勤集团总经理信箱  | 0.04% | 24
205 | Image | 图像世界  | 0.04% | 24
206 | M_NIC | 网络中心主任信箱  | 0.04% | 200
207 | M_League | 团委书记信箱  | 0.04% | 26
208 | SD | 苏州大学  | 0.04% | 56
209 | M_PKSuggestion | 浦口校区主任信箱  | 0.04% | 27
210 | NJUT | 南京工业大学  | 0.04% | 60
211 | D_Politics | 政治与行政管理系  | 0.04% | 45
212 | HUST_Job | 华工求职  | 0.03% | 47
213 | Renju | 五子连珠  | 0.03% | 37
214 | Guitar | 吉它  | 0.03% | 25
215 | SJTU | 上海交通大学  | 0.03% | 27
216 | M_Realty | 房产处处长信箱  | 0.03% | 25
217 | Chess | 象棋  | 0.03% | 318
218 | WHU | 武汉大学  | 0.03% | 67
219 | ScienceSalon | 百合学术沙龙  | 0.03% | 28
220 | LostToFind | 失物招领  | 0.02% | 60
221 | XJTU | 西安交通大学  | 0.02% | 38
222 | M_Gonghui | 工会主席信箱版  | 0.02% | 107
223 | UESTC | 电子科技大学  | 0.02% | 45
224 | SYU | 江南大学  | 0.02% | 39
225 | GJ | 够级艺术  | 0.02% | 16
226 | BUPT | 北京邮电大学  | 0.02% | 16
227 | M_GraduateUnion | 研究生会主席信箱  | 0.02% | 26
228 | FZU | 福州大学  | 0.02% | 27
229 | Fishing | 碧波垂钓  | 0.02% | 30
230 | NKU | 南开大学  | 0.01% | 20
231 | HHU | 河海大学  | 0.01% | 39
232 | CUMT | 中国矿业大学  | 0.01% | 70
233 | M_CapitalConstr | 基建处处长信箱  | 0.01% | 22
234 | M_Guard | 保卫处处长信箱  | 0.01% | 29
235 | M_Hospital | 校医院院长信箱  | 0.01% | 28
236 | Bridge | 桥牌联谊会  | 0.00% | 25
237 | Average | 总平均  | 0.42% | 105
