1 | NJUExpress | 南大校园生活  | 9.79% | 121
2 | Abroad | 飞越重洋  | 4.72% | 144
3 | Joke | 笑话版  | 3.64% | 176
4 | D_Computer | 计算机系  | 2.91% | 142
5 | test | 这是站内测试版  | 2.65% | 40
6 | FOOD | 雅舍谈吃  | 2.61% | 57
7 | D_Maths | 数学系版  | 2.22% | 42
8 | Military | 军事科学  | 2.18% | 331
9 | Suggestions | 校长信箱  | 2.00% | 118
10 | Feeling | 感情世界  | 1.93% | 46
11 | Movies | 露天电影院  | 1.91% | 83
12 | JobAndWork | 创业与求职  | 1.88% | 154
13 | Girls | 女生天地  | 1.87% | 85
14 | sysop | 站长的工作室  | 1.75% | 75
15 | D_EE | 电子系  | 1.71% | 71
16 | TV | 电视  | 1.62% | 74
17 | Astrology | 星月童话  | 1.47% | 108
18 | Love | 情爱悠悠  | 1.42% | 126
19 | GRE_TOEFL | GRE&TOEFL专题讨论  | 1.35% | 76
20 | S_Graduate | 研究生  | 1.32% | 78
21 | Boys | 男生世界  | 1.30% | 52
22 | S_Environment | 环境学院  | 1.23% | 43
23 | D_Information | 信息管理系  | 1.15% | 86
24 | FleaMarket | 跳蚤市场  | 1.07% | 119
25 | Games | 电脑游戏  | 0.95% | 99
26 | ID | 掀起你的盖头来  | 0.94% | 57
27 | KaoYan | 考研天地  | 0.92% | 84
28 | WorldFootball | 世界足球  | 0.90% | 99
29 | PopMusic | 流行音乐天地  | 0.86% | 62
30 | Drama | 戏剧春秋  | 0.85% | 46
31 | NJUFtp | 南大FTP  | 0.81% | 136
32 | Advice | 百合共创  | 0.76% | 80
33 | D_Physics | 物理系  | 0.75% | 78
34 | Board | 版主竞选与新版申请  | 0.75% | 28
35 | Reading | 读书  | 0.74% | 70
36 | PuKouCampus | 浦园风景线  | 0.70% | 41
37 | Emprise | 武侠小说  | 0.70% | 125
38 | D_EarthScience | 地球科学系  | 0.70% | 188
39 | Zjl_Online | 珠江路热线  | 0.67% | 73
40 | Mobile | 移动天使  | 0.61% | 106
41 | D_UrbanRes | 城市资源系  | 0.59% | 205
42 | Classical_Poem | 古典诗词  | 0.59% | 104
43 | WeiQi | 围棋  | 0.58% | 148
44 | WorldNews | 国际新闻  | 0.58% | 129
45 | History | 历史  | 0.54% | 141
46 | MudLife | MUD人生  | 0.54% | 97
47 | Hardware | 硬件工作室  | 0.53% | 185
48 | ChinaNews | 国内新闻  | 0.52% | 245
49 | ChinaFootball | 中国足球  | 0.52% | 111
50 | LinuxUnix | Linux和Unix  | 0.52% | 105
51 | ZJU | 浙江大学  | 0.48% | 38
52 | Volleyball | 排球版  | 0.48% | 86
53 | Network | 网络世界  | 0.48% | 99
54 | S_Chemistry | 化学化工学院  | 0.45% | 145
55 | English | 英语世界  | 0.43% | 58
56 | StoneStory | 红楼逸梦  | 0.43% | 69
57 | MSWindows | 美丽的微软窗口  | 0.42% | 117
58 | Single | 单身一族  | 0.42% | 85
59 | Announce | 站务公告栏  | 0.42% | 24
60 | Appeal | 申诉和争论  | 0.41% | 45
61 | S_LifeScience | 生命科学院  | 0.40% | 42
62 | Taiwan | 宝岛之恋  | 0.39% | 124
63 | Software | 软件天地  | 0.39% | 94
64 | DII | 强化部  | 0.39% | 110
65 | Psychology | 心理健康  | 0.36% | 54
66 | TechNews | 科技新闻  | 0.35% | 101
67 | Fashion | 美丽流行风  | 0.35% | 36
68 | VC | Visual C++ 版  | 0.35% | 139
69 | Basketball | 篮球版  | 0.35% | 63
70 | Life | 生活  | 0.35% | 68
71 | Swimming | 游泳  | 0.34% | 79
72 | Computer_Book | 电脑技术书  | 0.34% | 72
73 | Cartoon | 卡通世界  | 0.33% | 147
74 | S_Law | 法学院  | 0.32% | 57
75 | S_Business | 商学院  | 0.32% | 78
76 | D_Chinese | 中文系  | 0.30% | 70
77 | Memory | 似水流年  | 0.29% | 45
78 | Ourselves | 百合原创  | 0.28% | 78
79 | Travel | 遍览天下  | 0.28% | 60
80 | Skating | 溜冰人生  | 0.27% | 111
81 | Java | Java语言  | 0.25% | 87
82 | M_Graduate | 研究生院院长信箱  | 0.25% | 39
83 | D_Materials | 材料科学系  | 0.25% | 73
84 | Program | 程序员的休闲室  | 0.25% | 60
85 | S_ForeignLang | 外国语学院  | 0.25% | 65
86 | US_JP_Research | 美日研究  | 0.23% | 65
87 | Algorithm | 算法  | 0.23% | 44
88 | D_Atmosphere | 大气科学  | 0.23% | 116
89 | Collections | 收藏爱好  | 0.23% | 33
90 | Forum | 百合论坛  | 0.23% | 105
91 | D_Astronomy | 天文系  | 0.22% | 66
92 | Medicine | 医学与健康  | 0.21% | 47
93 | GreatTurn | 脑筋急转弯  | 0.21% | 80
94 | Photograph | 摄影艺术  | 0.21% | 167
95 | Hacker | 黑客的摇篮  | 0.21% | 128
96 | M_Job | 就业创业指导中心主任信�  | 0.20% | 57
97 | NUAA | 南京航空航天大学  | 0.20% | 76
98 | M_Student | 学生工作处处长信箱  | 0.20% | 32
99 | Mathematics | 数学版  | 0.19% | 84
100 | Japanese | 日语学习  | 0.19% | 220
101 | SanGuo | 三国风云  | 0.18% | 131
102 | NUST | 南京理工大学  | 0.18% | 54
103 | Database | 数据库系统  | 0.18% | 94
104 | SportsNews | 体坛快讯  | 0.18% | 237
105 | RockMusic | 摇滚乐世界  | 0.18% | 30
106 | Modern_Poem | 现代诗歌  | 0.17% | 93
107 | Birthday | 世界为你而精彩  | 0.17% | 34
108 | NJNU | 南京师范大学  | 0.17% | 30
109 | Orchestra | 南大交响乐团  | 0.17% | 36
110 | Economics | 经济学  | 0.16% | 48
111 | DataMining | 数据挖掘  | 0.15% | 334
112 | FamilyLife | 家庭生活  | 0.15% | 135
113 | D_Journalism | 新闻系  | 0.15% | 559
114 | NJUForever | 永远的南大人  | 0.14% | 44
115 | Hometown | 游子情深  | 0.14% | 40
116 | TableTennis | 乒乓球  | 0.14% | 117
117 | Wisdom | 儒释道  | 0.14% | 124
118 | EntNews | 娱乐星空  | 0.14% | 67
119 | S_Jinling | 金陵学院  | 0.13% | 31
120 | HUST | 华中理工大学  | 0.13% | 105
121 | newcomers | 新手上路  | 0.13% | 60
122 | notepad | 酸甜苦辣留言版  | 0.13% | 38
123 | VB | Visual Basic版  | 0.13% | 252
124 | BBSHelp | 新手求助  | 0.13% | 108
125 | ClassicalMusic | 古典音乐  | 0.12% | 170
126 | Philosophy | 哲学与思考  | 0.12% | 56
127 | Riddle | 射一射老虎  | 0.12% | 47
128 | Physics | 物理学  | 0.12% | 64
129 | S_Medicine | 医学院  | 0.12% | 47
130 | M_Logistics | 后勤集团总经理信箱  | 0.11% | 53
131 | D_Philosophy | 哲学系版  | 0.11% | 50
132 | EEtechnology | 电子技术版  | 0.11% | 65
133 | NanJing | 古都南京  | 0.11% | 90
134 | D_History | 历史系  | 0.11% | 164
135 | Archeology | 青铜挥麈  | 0.11% | 210
136 | 1937_12_13 | 南京大屠杀  | 0.10% | 280
137 | ASCIIArt | ASCII艺术  | 0.10% | 91
138 | Virus | 可恶可怕的病毒  | 0.10% | 152
139 | Delphi | Delphi世界  | 0.10% | 134
140 | LifeScience | 生命科学  | 0.10% | 127
141 | WuShu | 中华武术  | 0.10% | 100
142 | WebDesign | 网站设计  | 0.09% | 229
143 | Nature | 人与自然  | 0.09% | 71
144 | Fitness | 健美与健身  | 0.09% | 40
145 | M_Library | 图书馆馆长信箱  | 0.09% | 21
146 | GIS | 地理信息系统  | 0.09% | 181
147 | Marvel | 鬼故事  | 0.09% | 223
148 | Badminton | 羽毛球  | 0.09% | 26
149 | People | 人物  | 0.09% | 149
150 | Parties | 百合聚会  | 0.09% | 79
151 | SZU | 深圳大学  | 0.09% | 57
152 | Flash | 闪客世界  | 0.09% | 39
153 | AI | 人工智能  | 0.09% | 34
154 | D_Politics | 政治与行政管理系  | 0.09% | 31
155 | Tennis | 网球天地  | 0.08% | 69
156 | M_NJU100 | 百年校庆办公室主任信箱  | 0.08% | 62
157 | SEU | 东南大学  | 0.08% | 163
158 | Stock | 股市风云  | 0.08% | 322
159 | Bowling | 保龄球馆  | 0.08% | 52
160 | M_PKSuggestion | 浦口校区主任信箱  | 0.08% | 42
161 | NJUPT | 南京邮电学院  | 0.08% | 72
162 | Story | 故事会  | 0.08% | 239
163 | BBSDev | BBS的安装与设置  | 0.08% | 112
164 | M_Academic | 教务处处长信箱  | 0.08% | 54
165 | Couplet | 对联  | 0.07% | 34
166 | SoftEng | 软件工程  | 0.07% | 25
167 | SD | 苏州大学  | 0.07% | 194
168 | XML | XML缤纷天地  | 0.07% | 139
169 | NanoTech | 纳米科技  | 0.07% | 64
170 | MudWiz | 巫师手札  | 0.07% | 34
171 | bbslists | 本站的各类统计列表与记�  | 0.07% | 29
172 | NJAU | 南京农业大学  | 0.07% | 35
173 | post | 各站精华  | 0.07% | 135
174 | Radio | 空中梦想家  | 0.07% | 20
175 | PetsEden | 宠物乐园  | 0.06% | 908
176 | Law | 法律学  | 0.06% | 213
177 | JLU | 吉林大学  | 0.06% | 211
178 | MSTClub | 微软技术俱乐部  | 0.06% | 59
179 | THU | 清华大学  | 0.06% | 105
180 | Fiction | 科幻世界  | 0.06% | 34
181 | Drawing | 绘画艺术  | 0.06% | 29
182 | Dance | 舞蹈天地  | 0.06% | 492
183 | MultiMedia | 多媒体的缤纷世界  | 0.06% | 181
184 | PKU | 北京大学  | 0.06% | 56
185 | D_Sociology | 社会学系  | 0.06% | 58
186 | Education | 师生之间  | 0.06% | 59
187 | LectureHall | 学术交流  | 0.06% | 88
188 | M_StudentUnion | 学生会主席信箱  | 0.06% | 30
189 | BCB | Borland C++ Builder  | 0.06% | 343
190 | Jazz_Blues | 爵士蓝调  | 0.06% | 45
191 | Folk_Music | 国乐飘香（民乐团）  | 0.05% | 166
192 | M_NIC | 网络中心主任信箱  | 0.05% | 97
193 | JNU | 暨南大学  | 0.05% | 38
194 | NoticeBoard | 布告栏  | 0.05% | 87
195 | Deutsch | 德文堂  | 0.05% | 41
196 | Guitar | 吉它  | 0.05% | 25
197 | OurCustom | 民俗民风  | 0.05% | 26
198 | Embedded | 嵌入式系统  | 0.05% | 63
199 | M_GraduateUnion | 研究生会主席信箱  | 0.05% | 52
200 | M_Realty | 房产处处长信箱  | 0.05% | 26
201 | SiGuo | 缥缈四国  | 0.05% | 90
202 | M_League | 团委书记信箱  | 0.04% | 33
203 | Graphics | 电脑图象处理  | 0.04% | 31
204 | M_Gonghui | 工会主席信箱版  | 0.04% | 776
205 | Fishing | 碧波垂钓  | 0.04% | 28
206 | AutoSpeed | 车迷世界  | 0.04% | 381
207 | M_Hospital | 校医院院长信箱  | 0.04% | 33
208 | CUMT | 中国矿业大学  | 0.03% | 30
209 | NJUT | 南京工业大学  | 0.03% | 27
210 | SoundTechnic | 音响技术科学  | 0.03% | 80
211 | Image | 图像世界  | 0.03% | 103
212 | FDU | 复旦大学  | 0.03% | 34
213 | JSU | 江苏大学  | 0.03% | 33
214 | E_commerce | 电子商务特区  | 0.03% | 162
215 | GJ | 够级艺术  | 0.03% | 27
216 | HUST_Job | 华工求职  | 0.03% | 240
217 | SJTU | 上海交通大学  | 0.03% | 28
218 | vote | 本站各项投票与结果  | 0.03% | 13
219 | M_Guard | 保卫处处长信箱  | 0.02% | 67
220 | Renju | 五子连珠  | 0.02% | 25
221 | DQPI | 大庆石油学院  | 0.02% | 122
222 | LostToFind | 失物招领  | 0.02% | 36
223 | USTC | 中国科技大学  | 0.02% | 151
224 | AHU | 安徽大学  | 0.02% | 61
225 | UESTC | 电子科技大学  | 0.02% | 99
226 | Chess | 象棋  | 0.02% | 57
227 | XJTU | 西安交通大学  | 0.02% | 36
228 | M_CapitalConstr | 基建处处长信箱  | 0.02% | 50
229 | ScienceSalon | 百合学术沙龙  | 0.01% | 58
230 | WHU | 武汉大学  | 0.01% | 39
231 | NKU | 南开大学  | 0.01% | 28
232 | BUPT | 北京邮电大学  | 0.01% | 25
233 | HHU | 河海大学  | 0.01% | 24
234 | SYU | 江南大学  | 0.01% | 33
235 | FZU | 福州大学  | 0.01% | 16
236 | Bridge | 桥牌联谊会  | 0.01% | 17
237 | Average | 总平均  | 0.42% | 105
